id,split,scene,frame,k0_point_rel,k0_depth_rel,k0_depth_delta_1.01,k0_depth_delta_1.25,k0_boundary_f1,k1_point_rel,k1_depth_rel,k1_depth_delta_1.01,k1_depth_delta_1.25,k1_boundary_f1,k3_point_rel,k3_depth_rel,k3_depth_delta_1.01,k3_depth_delta_1.25,k3_boundary_f1,k5_point_rel,k5_depth_rel,k5_depth_delta_1.01,k5_depth_delta_1.25,k5_boundary_f1
ai_019_007_cam_00_frame.0000,train,ai_019_007,0,0.1303970068693161,0.1223398894071579,0.0394999198615551,0.8234354853630066,0.8130444884300232,0.12194635719060898,0.11293600499629974,0.05963134765625,0.8499603271484375,0.7970399856567383,0.11261928081512451,0.10162763297557831,0.1229248046875,0.8776397705078125,0.7760547995567322,0.10692653059959412,0.09453065693378448,0.1513773649930954,0.896759033203125,0.7662079334259033
ai_024_008_cam_00_frame.0099,train,ai_024_008,99,0.10407786071300507,0.09804787486791611,0.0598805770277977,0.8988901972770691,0.796505331993103,0.09839876741170883,0.09179753065109253,0.0737253874540329,0.9010467529296875,0.8102589845657349,0.09008558839559555,0.08180078864097595,0.1390126645565033,0.9036458730697632,0.7989627718925476,0.08664143085479736,0.0768221765756607,0.1572469174861908,0.9038493037223816,0.773426353931427
ai_019_004_cam_00_frame.0000,train,ai_019_004,0,0.07551416754722595,0.06968455761671066,0.1738789975643158,0.9447784423828125,0.925500214099884,0.0692395269870758,0.06404226273298264,0.2297414243221283,0.9457753896713257,0.9270000457763672,0.06177537888288498,0.05722440406680107,0.3304646909236908,0.9456380605697632,0.9258997440338135,0.06017182394862175,0.055418096482753754,0.3632456660270691,0.9454803466796875,0.9207550883293152
ai_019_004_cam_00_frame.0099,train,ai_019_004,99,0.0722944587469101,0.06627928465604782,0.3963267207145691,0.9309641718864441,0.8675025701522827,0.06912986934185028,0.0632014125585556,0.4400584101676941,0.9313914179801941,0.8658179044723511,0.06889715790748596,0.06284786015748978,0.4428202509880066,0.9319509267807007,0.8601203560829163,0.07144233584403992,0.06521105766296387,0.3930460810661316,0.9317881464958191,0.8544126152992249
ai_052_008_cam_01_frame.0099,train,ai_052_008,99,0.02970389649271965,0.025752905756235123,0.45383721590042114,0.9833148121833801,0.8606809377670288,0.02613239176571369,0.022293057292699814,0.5584412813186646,0.9835132956504822,0.8656758069992065,0.0300732534378767,0.02565864473581314,0.6058863401412964,0.9835336208343506,0.8729344010353088,0.03760037198662758,0.03234647959470749,0.5049816370010376,0.9776920676231384,0.8735529780387878
ai_026_013_cam_00_frame.0000,train,ai_026_013,0,0.062063585966825485,0.041667502373456955,0.1674245297908783,0.9848226308822632,0.8473787307739258,0.0586346834897995,0.036661937832832336,0.2154490202665329,0.9864095449447632,0.8441157937049866,0.057901568710803986,0.03387784585356712,0.2836049497127533,0.9868520498275757,0.8439661264419556,0.05977405235171318,0.035059716552495956,0.3221435546875,0.985870361328125,0.8421245217323303
ai_055_006_cam_00_frame.0000,train,ai_055_006,0,0.05969534441828728,0.05205294489860535,0.2562764585018158,0.9577687978744507,0.815495491027832,0.055628202855587006,0.04834890365600586,0.3031565546989441,0.9581858515739441,0.8169015645980835,0.05128198117017746,0.04498645290732384,0.3168385922908783,0.9593912959098816,0.809871256351471,0.050613969564437866,0.04493259638547897,0.3223521113395691,0.9599761962890625,0.8057183027267456
ai_054_008_cam_00_frame.0000,train,ai_054_008,0,0.07269441336393356,0.06869594752788544,0.43630480766296387,0.8862892985343933,0.5428520441055298,0.0710664838552475,0.06697601079940796,0.4430810511112213,0.8864215612411499,0.5479602813720703,0.07362262904644012,0.06913823634386063,0.3501823842525482,0.8864622712135315,0.5454698801040649,0.0779050886631012,0.07297201454639435,0.21818293631076813,0.8863605260848999,0.5500906705856323
ai_044_009_cam_00_frame.0000,train,ai_044_009,0,0.10826051235198975,0.10131581872701645,0.3364512324333191,0.8557536005973816,0.4153827130794525,0.10583525151014328,0.09919726848602295,0.3877309262752533,0.8557230830192566,0.40458178520202637,0.10341697931289673,0.09710684418678284,0.4353129267692566,0.8556417226791382,0.3951109051704407,0.10402518510818481,0.09761503338813782,0.4332427978515625,0.8556365966796875,0.3961680233478546
ai_052_010_cam_00_frame.0000,train,ai_052_010,0,0.05120974779129028,0.044187918305397034,0.1341451108455658,0.98193359375,0.8409709334373474,0.04674387723207474,0.040472544729709625,0.176910400390625,0.9825338125228882,0.8305186629295349,0.04413706809282303,0.038956888020038605,0.3073171079158783,0.9818776845932007,0.8190810084342957,0.04721498489379883,0.043154358863830566,0.2314554899930954,0.9812825918197632,0.8117120862007141
ai_052_004_cam_00_frame.0000,train,ai_052_004,0,0.05078062415122986,0.04716676473617554,0.40740966796875,0.9508616328239441,0.7736590504646301,0.04870655760169029,0.045202985405921936,0.44732666015625,0.9496714472770691,0.7698440551757812,0.04941413924098015,0.04598654806613922,0.4304962158203125,0.9497477412223816,0.7621076107025146,0.05183481425046921,0.048349373042583466,0.363006591796875,0.95098876953125,0.7550919651985168
ai_053_018_cam_00_frame.0000,train,ai_053_018,0,0.1465476006269455,0.12343506515026093,0.042230453342199326,0.8428897261619568,0.9535828828811646,0.13736680150032043,0.11435426771640778,0.03480884060263634,0.8426811695098877,0.9531310796737671,0.1274292767047882,0.1031365618109703,0.03841027989983559,0.8423607349395752,0.950494110584259,0.12264702469110489,0.09461657702922821,0.04784625768661499,0.8866360187530518,0.9436104893684387
ai_054_006_cam_00_frame.0000,train,ai_054_006,0,0.03375851735472679,0.030489055439829826,0.536102294921875,0.9733378291130066,0.7996092438697815,0.030569717288017273,0.027499165385961533,0.58123779296875,0.9764048457145691,0.7995916604995728,0.029298827052116394,0.026190288364887238,0.5949300527572632,0.9769134521484375,0.7989804744720459,0.030483003705739975,0.0271749310195446,0.5567067861557007,0.9765218496322632,0.7958896160125732
ai_008_004_cam_00_frame.0000,train,ai_008_004,0,0.017527155578136444,0.01589973270893097,0.6781158447265625,0.9949747920036316,0.896400511264801,0.01725795678794384,0.01595715992152691,0.6799774169921875,0.994903564453125,0.8920490145683289,0.019549069926142693,0.01839844137430191,0.5166575312614441,0.9946136474609375,0.8734537959098816,0.022575799375772476,0.021258702501654625,0.4104817807674408,0.99462890625,0.8514581918716431
ai_027_009_cam_02_frame.0099,train,ai_027_009,99,0.030126117169857025,0.027224069461226463,0.421783447265625,0.9817911982536316,0.9200125336647034,0.02562745474278927,0.02304372936487198,0.5350850820541382,0.9817962646484375,0.9215772747993469,0.02305508777499199,0.020944854244589806,0.584808349609375,0.9817098379135132,0.9184010028839111,0.02768656238913536,0.025311604142189026,0.4330698847770691,0.981689453125,0.9108346700668335
ai_048_007_cam_00_frame.0001,train,ai_048_007,1,0.03299475461244583,0.03098958358168602,0.3953806757926941,0.9804789423942566,0.9172689914703369,0.027455896139144897,0.025731690227985382,0.4813486933708191,0.9821268916130066,0.918558657169342,0.026842933148145676,0.024536289274692535,0.5605570673942566,0.9827525019645691,0.9081798195838928,0.032340794801712036,0.029442571103572845,0.46527099609375,0.9830474853515625,0.8943787217140198
ai_002_003_cam_00_frame.0000,train,ai_002_003,0,0.03522393852472305,0.03321877866983414,0.5040283203125,0.9696401357650757,0.8544193506240845,0.032175712287425995,0.030349379405379295,0.569366455078125,0.969451904296875,0.8541977405548096,0.030015598982572556,0.02822858653962612,0.6321767568588257,0.9693603515625,0.8528541326522827,0.03116767480969429,0.029309337958693504,0.5688629150390625,0.9686635732650757,0.8437147736549377
ai_044_006_cam_01_frame.0099,train,ai_044_006,99,0.042282234877347946,0.037420887500047684,0.242017924785614,0.981139063835144,0.7527721524238586,0.0385386161506176,0.033537816256284714,0.3066018223762512,0.9811797142028809,0.7588469982147217,0.038656700402498245,0.033444784581661224,0.33218714594841003,0.9812509417533875,0.7380744814872742,0.04332203418016434,0.037855859845876694,0.28006529808044434,0.9814849495887756,0.7200179696083069
ai_027_005_cam_00_frame.0000,train,ai_027_005,0,0.06849612295627594,0.06067132204771042,0.33514404296875,0.9277496337890625,0.8446451425552368,0.06492242217063904,0.057161204516887665,0.3925374448299408,0.9332987666130066,0.8429701924324036,0.06164972111582756,0.05394410714507103,0.5009765625,0.9410451650619507,0.8469351530075073,0.06277353316545486,0.05496889352798462,0.4470062255859375,0.9415944814682007,0.8318153619766235
ai_034_003_cam_00_frame.0000,train,ai_034_003,0,0.02975279837846756,0.027513286098837852,0.3821970820426941,0.9833018183708191,0.8578451871871948,0.025565898045897484,0.023440932855010033,0.5210622549057007,0.983367919921875,0.8572381734848022,0.02424757555127144,0.022010374814271927,0.6273040771484375,0.983001708984375,0.8483056426048279,0.02718500792980194,0.024660736322402954,0.545440673828125,0.9827677607536316,0.8388721346855164
ai_045_005_cam_03_frame.0099,train,ai_045_005,99,0.08287380635738373,0.07414478063583374,0.2201995849609375,0.9183909296989441,0.9169954657554626,0.0772804245352745,0.06771521270275116,0.283660888671875,0.9182383418083191,0.9178652167320251,0.0679047554731369,0.05587585270404816,0.3939310908317566,0.9181162714958191,0.8738400340080261,0.06567337363958359,0.0519099161028862,0.4989064633846283,0.9202117919921875,0.8606839776039124
ai_009_001_cam_00_frame.0099,train,ai_009_001,99,0.035049617290496826,0.03242290019989014,0.42004165053367615,0.9778281450271606,0.7935267090797424,0.03130914270877838,0.02832750976085663,0.46685823798179626,0.9774854183197021,0.7949590086936951,0.03746127337217331,0.033675093203783035,0.4010861814022064,0.9768579602241516,0.7937520742416382,0.04487964138388634,0.04058012738823891,0.29545754194259644,0.9754659533500671,0.794279158115387
ai_055_002_cam_01_frame.0099,train,ai_055_002,99,0.034433990716934204,0.03112608566880226,0.4385223388671875,0.9796651601791382,0.5646522641181946,0.03079737350344658,0.027772217988967896,0.488250732421875,0.979766845703125,0.5652107000350952,0.027192167937755585,0.02444559335708618,0.5257568359375,0.9799652099609375,0.5644823908805847,0.027752429246902466,0.025070827454328537,0.4625193476676941,0.9800466299057007,0.5592570900917053
ai_044_002_cam_01_frame.0099,train,ai_044_002,99,0.07688672840595245,0.02327747642993927,0.4285728931427002,0.9948364496231079,0.8137853145599365,0.07562218606472015,0.021453434601426125,0.44563034176826477,0.9955588579177856,0.8181129693984985,0.07583977282047272,0.022979967296123505,0.3825131952762604,0.9956097602844238,0.8158817291259766,0.0773300752043724,0.026335397735238075,0.312614768743515,0.9940072298049927,0.8070244193077087
ai_043_002_cam_00_frame.0000,val,ai_043_002,0,0.016910914331674576,0.015457084402441978,0.4797360897064209,0.9943236112594604,0.8779296278953552,0.01738407276570797,0.016045117750763893,0.4775540828704834,0.9940794706344604,0.8756776452064514,0.019543679431080818,0.018216360360383987,0.4344933331012726,0.993479311466217,0.8617031574249268,0.02269641123712063,0.02125457674264908,0.3399845361709595,0.9933063983917236,0.8440985679626465
ai_043_002_cam_00_frame.0014,val,ai_043_002,14,0.015952877700328827,0.01419650949537754,0.5161134004592896,0.9941659569740295,0.914444625377655,0.016755573451519012,0.015014605596661568,0.48729437589645386,0.9942066669464111,0.9142358303070068,0.019232597202062607,0.01746285706758499,0.4594112038612366,0.994369387626648,0.9114120602607727,0.022361449897289276,0.020369378849864006,0.43940162658691406,0.994394838809967,0.9053665995597839
ai_043_002_cam_00_frame.0028,val,ai_043_002,28,0.03470946475863457,0.03177058696746826,0.302651584148407,0.990010142326355,0.81764817237854,0.03561829775571823,0.032470863312482834,0.290718674659729,0.9899999499320984,0.8080954551696777,0.038815464824438095,0.035437434911727905,0.2633431553840637,0.9899846911430359,0.7971384525299072,0.04252959042787552,0.038963183760643005,0.2428547590970993,0.9892878532409668,0.7906719446182251
ai_043_002_cam_00_frame.0042,val,ai_043_002,42,0.0230303592979908,0.021573906764388084,0.20399276912212372,0.994155764579773,0.8349936604499817,0.024118462577462196,0.02255972847342491,0.19855546951293945,0.994155764579773,0.8322478532791138,0.026763150468468666,0.024994393810629845,0.18830141425132751,0.994216799736023,0.826223611831665,0.02956525795161724,0.027537012472748756,0.20406398177146912,0.9942320585250854,0.8218244910240173
ai_043_002_cam_00_frame.0057,val,ai_043_002,57,0.055123817175626755,0.04921411722898483,0.2175217866897583,0.9755189418792725,0.813205361366272,0.054862089455127716,0.048824653029441833,0.22732336819171906,0.9762717485427856,0.8166419863700867,0.05562940984964371,0.04953542351722717,0.23034979403018951,0.9795677661895752,0.814595103263855,0.05907139927148819,0.05328652635216713,0.15514163672924042,0.9761191606521606,0.8053389191627502
ai_043_002_cam_00_frame.0071,val,ai_043_002,71,0.29506608843803406,0.06506665796041489,0.1074574813246727,0.9879557490348816,0.892599880695343,0.3036700487136841,0.06877448409795761,0.074188232421875,0.9882558584213257,0.8959238529205322,0.32708901166915894,0.07975613325834274,0.0354563407599926,0.9895477294921875,0.8797009587287903,0.3799251914024353,0.1177264004945755,0.0222320556640625,0.9222158193588257,0.494260311126709
ai_043_002_cam_00_frame.0085,val,ai_043_002,85,0.02549932524561882,0.02229200303554535,0.38671875,0.9953969717025757,0.8604393601417542,0.025607815012335777,0.022277384996414185,0.3977915644645691,0.995452880859375,0.860858142375946,0.026823751628398895,0.023250587284564972,0.4063517451286316,0.9955596923828125,0.8508227467536926,0.028358306735754013,0.024594075977802277,0.4002278745174408,0.99560546875,0.8307428359985352
ai_043_002_cam_00_frame.0099,val,ai_043_002,99,0.028117366135120392,0.02629042975604534,0.381553053855896,0.991424560546875,0.8737433552742004,0.028607724234461784,0.02652690000832081,0.3864358961582184,0.9913787841796875,0.8715261816978455,0.030736643821001053,0.02818998321890831,0.36392906308174133,0.9910990595817566,0.8682475090026855,0.033777542412281036,0.03095938265323639,0.31873229146003723,0.9906209111213684,0.8483684062957764
ai_047_001_cam_00_frame.0000,val,ai_047_001,0,0.09862469136714935,0.09008755534887314,0.0892995223402977,0.9517008662223816,0.8734758496284485,0.09924858063459396,0.09110897779464722,0.090240478515625,0.952362060546875,0.8684769868850708,0.10085778683423996,0.09309691190719604,0.0917104110121727,0.951324462890625,0.8602461218833923,0.10284802317619324,0.09530410170555115,0.08966064453125,0.9486593008041382,0.8484523296356201
ai_047_001_cam_00_frame.0014,val,ai_047_001,14,0.10344740748405457,0.08481115102767944,0.0803273543715477,0.93756103515625,0.8470009565353394,0.1014472246170044,0.08316438645124435,0.0844014510512352,0.9372915029525757,0.8357868194580078,0.09969072788953781,0.08163786679506302,0.1129862517118454,0.9327545166015625,0.7815319299697876,0.10053487867116928,0.08372360467910767,0.1113739013671875,0.9256388545036316,0.7448444366455078
ai_047_001_cam_00_frame.0028,val,ai_047_001,28,0.11588825285434723,0.11260607093572617,0.0427296981215477,0.9380697011947632,0.8661747574806213,0.11555598676204681,0.11200316250324249,0.045257568359375,0.9404246211051941,0.8644328713417053,0.11576135456562042,0.11145485937595367,0.0497639998793602,0.9332987666130066,0.8181991577148438,0.11649012565612793,0.11137811839580536,0.0569254569709301,0.9278208613395691,0.794970691204071
ai_047_001_cam_00_frame.0042,val,ai_047_001,42,0.131071537733078,0.12215480208396912,0.0373942069709301,0.95941162109375,0.8826601505279541,0.13158082962036133,0.12259506434202194,0.0403544120490551,0.9581502676010132,0.881333589553833,0.1332174837589264,0.12458037585020065,0.0467631034553051,0.9557342529296875,0.8820917010307312,0.13503965735435486,0.12650787830352783,0.05889892578125,0.9532827138900757,0.8781463503837585
ai_047_001_cam_00_frame.0057,val,ai_047_001,57,0.10032711923122406,0.09170790761709213,0.0748291015625,0.9452260732650757,0.8629998564720154,0.09985186159610748,0.0909140557050705,0.0844980925321579,0.944122314453125,0.858538806438446,0.10007232427597046,0.09015869349241257,0.0986124724149704,0.9421743154525757,0.8547789454460144,0.10138702392578125,0.09097445011138916,0.0821024626493454,0.9386953115463257,0.84233158826828
ai_047_001_cam_00_frame.0071,val,ai_047_001,71,0.11781158298254013,0.11133736371994019,0.0629628524184227,0.8960723876953125,0.8789668679237366,0.11870085448026657,0.11140769720077515,0.0715891569852829,0.8888346552848816,0.8776993751525879,0.12122628092765808,0.11202716827392578,0.0862274169921875,0.8798726797103882,0.8691323399543762,0.1245204508304596,0.11362576484680176,0.1024882048368454,0.8732351064682007,0.8566884398460388
ai_047_001_cam_00_frame.0085,val,ai_047_001,85,0.10457446426153183,0.09964394569396973,0.078521728515625,0.9273681640625,0.8356108069419861,0.10551807284355164,0.1006733626127243,0.0747222900390625,0.9256998896598816,0.8323964476585388,0.10792411863803864,0.10307137668132782,0.0663248747587204,0.9242757558822632,0.8281445503234863,0.11064263433218002,0.10562771558761597,0.06097412109375,0.9211273193359375,0.8271200060844421
ai_047_001_cam_00_frame.0099,val,ai_047_001,99,0.13772204518318176,0.13076519966125488,0.0571492537856102,0.7762655019760132,0.9214023947715759,0.13932903110980988,0.1320386379957199,0.0497690849006176,0.7715301513671875,0.9181650876998901,0.14296583831310272,0.13483726978302002,0.0480550155043602,0.7635549306869507,0.90774005651474,0.14690762758255005,0.138067364692688,0.0456390380859375,0.7609914541244507,0.8839864730834961
ai_046_001_cam_00_frame.0000,test,ai_046_001,0,0.05585102364420891,0.051281921565532684,0.2512308955192566,0.9635366201400757,0.8206732869148254,0.05486477538943291,0.050293922424316406,0.26629638671875,0.9651693105697632,0.8177239298820496,0.05354074388742447,0.04883284494280815,0.289306640625,0.9654897451400757,0.8147677183151245,0.0526396743953228,0.047891765832901,0.2920176386833191,0.9649862051010132,0.8101805448532104
ai_046_001_cam_00_frame.0014,test,ai_046_001,14,0.05814523994922638,0.05223874747753143,0.2455190122127533,0.9535166621208191,0.803865373134613,0.058359891176223755,0.052553169429302216,0.2647857666015625,0.95245361328125,0.7990692257881165,0.05958610028028488,0.05378378555178642,0.2972514033317566,0.9509531855583191,0.7915630340576172,0.06194281578063965,0.05607351288199425,0.2926432490348816,0.9501394033432007,0.7843586206436157
ai_046_001_cam_00_frame.0028,test,ai_046_001,28,0.027341052889823914,0.021840985864400864,0.3839620053768158,0.9983266592025757,0.8502478003501892,0.03287925198674202,0.026390966027975082,0.3900706171989441,0.9983317255973816,0.8393600583076477,0.04437405616044998,0.036925360560417175,0.3723704218864441,0.9859670400619507,0.7442268133163452,0.05939026176929474,0.0506138801574707,0.3161519467830658,0.942962646484375,0.6236317753791809
ai_046_001_cam_00_frame.0042,test,ai_046_001,42,0.01955905556678772,0.017045114189386368,0.5055643916130066,0.9931437373161316,0.8541401624679565,0.020968809723854065,0.018309323117136955,0.4637451171875,0.9931691884994507,0.8490573763847351,0.024754270911216736,0.021817795932292938,0.3735300898551941,0.9935201406478882,0.8332369327545166,0.02899779938161373,0.02555805817246437,0.3068491816520691,0.9940948486328125,0.7955477833747864
ai_046_001_cam_00_frame.0057,test,ai_046_001,57,0.14065270125865936,0.12796494364738464,0.0771891325712204,0.8550211787223816,0.8023906946182251,0.1419612169265747,0.12905126810073853,0.0596364364027977,0.8543701171875,0.7971940040588379,0.14539015293121338,0.13156062364578247,0.0544077567756176,0.849395751953125,0.7884038090705872,0.1494218409061432,0.13408932089805603,0.0575663261115551,0.8443145751953125,0.7799001932144165
ai_046_001_cam_00_frame.0071,test,ai_046_001,71,0.042643219232559204,0.03827304765582085,0.170745849609375,0.9745992422103882,0.7553276419639587,0.042991675436496735,0.03811625391244888,0.1948140561580658,0.97454833984375,0.7520316243171692,0.045078035444021225,0.039466455578804016,0.2374827116727829,0.9736277461051941,0.7485033273696899,0.04798474907875061,0.04222869873046875,0.2199656218290329,0.9728800654411316,0.7463809847831726
ai_046_001_cam_00_frame.0085,test,ai_046_001,85,0.10675328224897385,0.09605179727077484,0.2791087031364441,0.8948974609375,0.7727012634277344,0.10748010873794556,0.09613010287284851,0.2812245786190033,0.8941141963005066,0.7682106494903564,0.11200125515460968,0.09997987002134323,0.1667734831571579,0.8916270136833191,0.7577195167541504,0.11786564439535141,0.10507853329181671,0.0982462614774704,0.89007568359375,0.7541984915733337
ai_046_001_cam_00_frame.0099,test,ai_046_001,99,0.03491295874118805,0.03054605983197689,0.70819091796875,0.9740041494369507,0.8845734000205994,0.036067795008420944,0.03148571401834488,0.7023671865463257,0.969635009765625,0.882774293422699,0.03958206996321678,0.03453013673424721,0.62371826171875,0.9529775381088257,0.8769175410270691,0.043606873601675034,0.03824275732040405,0.540802001953125,0.9482828974723816,0.8673637509346008
ai_050_001_cam_00_frame.0000,test,ai_050_001,0,0.09780792891979218,0.09596090018749237,0.0211944580078125,0.9920247793197632,0.8858766555786133,0.09751999378204346,0.09560241550207138,0.0220743827521801,0.9918264150619507,0.8857889771461487,0.09745940566062927,0.09501820802688599,0.0267333984375,0.9914347529411316,0.8586469888687134,0.09886239469051361,0.09579253196716309,0.0427703857421875,0.9911346435546875,0.8223444223403931
ai_050_001_cam_00_frame.0014,test,ai_050_001,14,0.0882335752248764,0.08605526387691498,0.1088816374540329,0.9539388418197632,0.8884591460227966,0.08762287348508835,0.08528013527393341,0.10394287109375,0.9530690908432007,0.8754545450210571,0.08722564578056335,0.0842428207397461,0.1085662841796875,0.9506887197494507,0.827614426612854,0.08796137571334839,0.08437361568212509,0.1020609587430954,0.9497782588005066,0.7422673106193542
ai_050_001_cam_00_frame.0028,test,ai_050_001,28,0.1542644202709198,0.13942334055900574,0.0226389579474926,0.8792368769645691,0.8750203847885132,0.1530972719192505,0.1381923109292984,0.0193634033203125,0.8862762451171875,0.8718636631965637,0.15026843547821045,0.135093554854393,0.015391032211482525,0.8985137939453125,0.8483086228370667,0.14701621234416962,0.1311720907688141,0.0351460799574852,0.8999888300895691,0.8335890173912048
ai_050_001_cam_00_frame.0042,test,ai_050_001,42,0.046754609793424606,0.040713585913181305,0.3714396357536316,0.9861907958984375,0.8047650456428528,0.04747523367404938,0.041628651320934296,0.3331654965877533,0.9862620234489441,0.8079124689102173,0.04909162223339081,0.043451204895973206,0.2821604609489441,0.986328125,0.8008456230163574,0.05092530697584152,0.045332521200180054,0.2320505827665329,0.9860891103744507,0.7937570810317993
ai_050_001_cam_00_frame.0057,test,ai_050_001,57,0.05873546004295349,0.05599167197942734,0.1453806608915329,0.9944915771484375,0.892221212387085,0.05976766347885132,0.05714055150747299,0.1357218474149704,0.9943288564682007,0.8950313925743103,0.0622749850153923,0.05974408984184265,0.1129964217543602,0.9941558837890625,0.8529785871505737,0.06509605795145035,0.06236869841814041,0.1016031950712204,0.9940948486328125,0.8128986954689026
ai_050_001_cam_00_frame.0071,test,ai_050_001,71,0.0900101587176323,0.08567031472921371,0.002197265625,0.968475341796875,0.8333998322486877,0.09040089696645737,0.08616071939468384,0.0023345947265625,0.9768473505973816,0.8333529829978943,0.0909801572561264,0.08631877601146698,0.0034637451171875,0.9897664785385132,0.8188376426696777,0.0919652208685875,0.0865696594119072,0.006968180648982525,0.9879913330078125,0.8017295002937317
ai_050_001_cam_00_frame.0085,test,ai_050_001,85,0.060638777911663055,0.05453356355428696,0.133087158203125,0.9758809804916382,0.8368805646896362,0.05978402495384216,0.053436171263456345,0.1479390561580658,0.9757843017578125,0.8350611925125122,0.05963867902755737,0.0527239553630352,0.2069549560546875,0.9738515615463257,0.8241358995437622,0.06087319180369377,0.05355807766318321,0.2239481657743454,0.9728495478630066,0.8175166845321655
ai_050_001_cam_00_frame.0099,test,ai_050_001,99,0.06363609433174133,0.057288758456707,0.131744384765625,0.9790446162223816,0.8136535286903381,0.06484757363796234,0.05855461210012436,0.1271718442440033,0.978729248046875,0.8124583959579468,0.06697071343660355,0.0603075735270977,0.1278432309627533,0.9775848388671875,0.8047094345092773,0.06885135173797607,0.061850517988204956,0.1133778914809227,0.9773000478744507,0.7964814305305481
