snapshot,step,stage,k0/full/point_rel,k0/full/depth_rel,k0/full/depth_delta_1.01,k0/full/depth_delta_1.25,k0/full/boundary_f1,k0/crop/point_rel,k0/crop/depth_rel,k0/crop/depth_delta_1.01,k0/crop/depth_delta_1.25,k0/crop/boundary_f1,k0/structure/point_rel,k0/structure/depth_rel,k0/structure/depth_delta_1.01,k0/structure/depth_delta_1.25,k0/structure/boundary_f1,k1/full/point_rel,k1/full/depth_rel,k1/full/depth_delta_1.01,k1/full/depth_delta_1.25,k1/full/boundary_f1,k1/crop/point_rel,k1/crop/depth_rel,k1/crop/depth_delta_1.01,k1/crop/depth_delta_1.25,k1/crop/boundary_f1,k1/structure/point_rel,k1/structure/depth_rel,k1/structure/depth_delta_1.01,k1/structure/depth_delta_1.25,k1/structure/boundary_f1,k3/full/point_rel,k3/full/depth_rel,k3/full/depth_delta_1.01,k3/full/depth_delta_1.25,k3/full/boundary_f1,k3/crop/point_rel,k3/crop/depth_rel,k3/crop/depth_delta_1.01,k3/crop/depth_delta_1.25,k3/crop/boundary_f1,k3/structure/point_rel,k3/structure/depth_rel,k3/structure/depth_delta_1.01,k3/structure/depth_delta_1.25,k3/structure/boundary_f1,k5/full/point_rel,k5/full/depth_rel,k5/full/depth_delta_1.01,k5/full/depth_delta_1.25,k5/full/boundary_f1,k5/crop/point_rel,k5/crop/depth_rel,k5/crop/depth_delta_1.01,k5/crop/depth_delta_1.25,k5/crop/boundary_f1,k5/structure/point_rel,k5/structure/depth_rel,k5/structure/depth_delta_1.01,k5/structure/depth_delta_1.25,k5/structure/boundary_f1
periodic,0,initial,0.03742309659719467,0.03462597355246544,0.4956563413143158,0.9667307734489441,0.8582285046577454,0.0830521509051323,0.08067122846841812,0.2174750417470932,0.881944477558136,0.8854671716690063,0.08064333349466324,0.07915402948856354,0.0928819477558136,0.9293619990348816,0.6624513268470764,0.03742309659719467,0.03462597355246544,0.4956563413143158,0.9667307734489441,0.8582285046577454,0.0830521509051323,0.08067122846841812,0.2174750417470932,0.881944477558136,0.8854671716690063,0.08064333349466324,0.07915402948856354,0.0928819477558136,0.9293619990348816,0.6624513268470764,0.03742309659719467,0.03462597355246544,0.4956563413143158,0.9667307734489441,0.8582285046577454,0.0830521509051323,0.08067122846841812,0.2174750417470932,0.881944477558136,0.8854671716690063,0.08064333349466324,0.07915402948856354,0.0928819477558136,0.9293619990348816,0.6624513268470764,0.03742309659719467,0.03462597355246544,0.4956563413143158,0.9667307734489441,0.8582285046577454,0.0830521509051323,0.08067122846841812,0.2174750417470932,0.881944477558136,0.8854671716690063,0.08064333349466324,0.07915402948856354,0.0928819477558136,0.9293619990348816,0.6624513268470764
periodic,100,detached,0.017070522531867027,0.01633260026574135,0.8502960205078125,0.9744110107421875,0.8822417855262756,0.05187881365418434,0.050788767635822296,0.6110568642616272,0.903672993183136,0.8698787689208984,0.027090612798929214,0.026537323370575905,0.615234375,0.9818251132965088,0.7212929725646973,0.017029689624905586,0.016292907297611237,0.8511708974838257,0.97442626953125,0.8825048208236694,0.05182488635182381,0.05073457211256027,0.612413227558136,0.9036458134651184,0.870252251625061,0.027053752914071083,0.0265006422996521,0.617296040058136,0.9817708134651184,0.7222775816917419,0.01698285900056362,0.016248464584350586,0.8526052236557007,0.9744059443473816,0.8835515379905701,0.051756542176008224,0.05066582188010216,0.615234375,0.903564453125,0.8719227910041809,0.027008745819330215,0.026454992592334747,0.6204969882965088,0.9816080927848816,0.7252515554428101,0.01697780005633831,0.016244040802121162,0.8535410761833191,0.9744161367416382,0.8834945559501648,0.051732197403907776,0.05064092203974724,0.6171061396598816,0.903564453125,0.8725228905677795,0.026998097077012062,0.026443418115377426,0.6236979365348816,0.9813910722732544,0.7260684967041016
periodic,200,detached,0.01522093079984188,0.014530601911246777,0.8786824941635132,0.975982666015625,0.8766607046127319,0.046344928443431854,0.04537607729434967,0.6857638955116272,0.9117567539215088,0.8565215468406677,0.019403183832764626,0.01902008056640625,0.7171223759651184,0.9844292402267456,0.7408000826835632,0.0150387492030859,0.014349616132676601,0.8873850703239441,0.975982666015625,0.8781985640525818,0.04590112715959549,0.044934116303920746,0.709228515625,0.911729633808136,0.8592429161071777,0.01876085065305233,0.01837988570332527,0.75146484375,0.9843207597732544,0.7474245429039001,0.014912161976099014,0.014218105934560299,0.8945567011833191,0.975921630859375,0.8802919983863831,0.04554726555943489,0.044580914080142975,0.7266438603401184,0.9114583134651184,0.8636112809181213,0.01820550113916397,0.017824802547693253,0.7770724892616272,0.98388671875,0.7588764429092407,0.014905013144016266,0.014210691675543785,0.8971914052963257,0.9759318232536316,0.8816471099853516,0.04547963663935661,0.04451177641749382,0.7313639521598816,0.911485493183136,0.8659641146659851,0.01806429773569107,0.01767909526824951,0.7827690839767456,0.9838324785232544,0.7615096569061279
periodic,300,detached,0.014338265173137188,0.013700450770556927,0.8919016718864441,0.9767863154411316,0.88011234998703,0.04412960261106491,0.04319458454847336,0.7197536826133728,0.9140082597732544,0.857043445110321,0.01706063188612461,0.016704648733139038,0.7697482705116272,0.9850260615348816,0.7500346302986145,0.013959425501525402,0.013329642824828625,0.90887451171875,0.9767659902572632,0.8811071515083313,0.0431785061955452,0.04224570468068123,0.7654079794883728,0.913926899433136,0.8587193489074707,0.015505311079323292,0.015152600593864918,0.8368598222732544,0.9849175214767456,0.7777084708213806,0.013806791976094246,0.013179665431380272,0.91827392578125,0.9767507314682007,0.8842071890830994,0.04274628683924675,0.04181062802672386,0.7907443642616272,0.9140625,0.8619502782821655,0.014636808075010777,0.014280080795288086,0.8763563632965088,0.984971821308136,0.7903378009796143,0.0138613386079669,0.01323813945055008,0.920257568359375,0.9767557978630066,0.8836122155189514,0.04280736669898033,0.04187485948204994,0.7939724326133728,0.9140625,0.8585969805717468,0.014639709144830704,0.014289801008999348,0.880479633808136,0.9849175214767456,0.7875387668609619
periodic,400,detached,0.01406770944595337,0.013294832780957222,0.8963165283203125,0.9774932861328125,0.886047899723053,0.04309224337339401,0.042098429054021835,0.727403461933136,0.9161784052848816,0.8633788228034973,0.016447000205516815,0.016057351604104042,0.7855902910232544,0.9854058027267456,0.755517840385437,0.013412023894488811,0.01265531312674284,0.9195404052734375,0.9775238037109375,0.8893799781799316,0.041402578353881836,0.040425095707178116,0.7869194746017456,0.9163140058517456,0.8693737387657166,0.013894806616008282,0.013520878739655018,0.8759765625,0.9862738847732544,0.8151900768280029,0.01312803290784359,0.012377278879284859,0.9300893545150757,0.9775390625,0.889998197555542,0.0406649149954319,0.039690256118774414,0.8095431923866272,0.9165852665901184,0.8700166344642639,0.012442764826118946,0.012060500681400299,0.9146050214767456,0.9873589277267456,0.8398103713989258,0.013174145482480526,0.012431065551936626,0.9299113154411316,0.977508544921875,0.8852854371070862,0.04071386158466339,0.03974108770489693,0.8052029013633728,0.9163140058517456,0.8627150058746338,0.01239209808409214,0.012008363381028175,0.9118381142616272,0.9872504472732544,0.8417898416519165
periodic,500,detached,0.013571834191679955,0.012981897220015526,0.9004923701286316,0.9781646728515625,0.8889439702033997,0.04181644693017006,0.040926493704319,0.7406412959098816,0.9185926914215088,0.866500198841095,0.016123391687870026,0.01579352281987667,0.7955729365348816,0.98583984375,0.7601804733276367,0.0121366111561656,0.011606547981500626,0.9305166006088257,0.9787241816520691,0.9043927788734436,0.03815237060189247,0.037325143814086914,0.8128255009651184,0.9203559160232544,0.8916680812835693,0.011911864392459393,0.011635747738182545,0.896592915058136,0.9865451455116272,0.86565101146698,0.011472359299659729,0.01095949113368988,0.9453989863395691,0.9789988398551941,0.9092452526092529,0.03601737320423126,0.035206280648708344,0.8468695878982544,0.921630859375,0.895537793636322,0.008213427849113941,0.007940679788589478,0.9403754472732544,0.9920790195465088,0.9006180763244629,0.011499688029289246,0.010983708314597607,0.9459228515625,0.9790446162223816,0.9070977568626404,0.035666052252054214,0.034861546009778976,0.8476833701133728,0.922119140625,0.8888062834739685,0.008047510869801044,0.007775973994284868,0.9409722089767456,0.991807758808136,0.9065334796905518
periodic,600,detached,0.013222778216004372,0.012628575786948204,0.9031524658203125,0.9786529541015625,0.8924165368080139,0.04088195040822029,0.04000616446137428,0.7475314736366272,0.9203830361366272,0.87157142162323,0.015273000113666058,0.014937490224838257,0.8041449785232544,0.9862738847732544,0.7643941640853882,0.011129548773169518,0.01061123888939619,0.9336039423942566,0.9802500605583191,0.9063647985458374,0.03538709878921509,0.03460005670785904,0.820556640625,0.9259440302848816,0.8920210599899292,0.010875396430492401,0.01057911291718483,0.8976237177848816,0.9880099892616272,0.8893263339996338,0.009776887483894825,0.009290065616369247,0.9493560791015625,0.9826304316520691,0.9251568913459778,0.03059428371489048,0.029873311519622803,0.8562554121017456,0.9361708164215088,0.9179750084877014,0.007057806942611933,0.006739980541169643,0.9441189169883728,0.9923502802848816,0.9121599197387695,0.009640539065003395,0.009157489985227585,0.951141357421875,0.9834391474723816,0.9257258176803589,0.02994009479880333,0.029247254133224487,0.8622233271598816,0.939453125,0.9162048101425171,0.007931237109005451,0.007586929481476545,0.95166015625,0.9901258945465088,0.9157332181930542
periodic,700,detached,0.01313207857310772,0.012545640580356121,0.9038747549057007,0.9788767695426941,0.8955236077308655,0.04040752723813057,0.03955574333667755,0.749376118183136,0.9210883378982544,0.8762835264205933,0.014773285947740078,0.014453482814133167,0.8092990517616272,0.986436665058136,0.7697270512580872,0.01078820787370205,0.010282382369041443,0.9328511953353882,0.9811910390853882,0.914947509765625,0.034013304859399796,0.03327130153775215,0.81591796875,0.9297688603401184,0.9036101698875427,0.011065974831581116,0.010780434124171734,0.8914387822151184,0.9885525107383728,0.87298583984375,0.009035629220306873,0.00856733974069357,0.9489542841911316,0.9852752685546875,0.9368351697921753,0.027384664863348007,0.026735255494713783,0.8538411259651184,0.9468587040901184,0.9298239350318909,0.009429931640625,0.009080825373530388,0.932237446308136,0.988878071308136,0.8824509382247925,0.00938776321709156,0.008917363360524178,0.9510040283203125,0.9851430654525757,0.9384512901306152,0.028332313522696495,0.027682019397616386,0.860215961933136,0.947021484375,0.9299197196960449,0.013631084002554417,0.013210748322308064,0.9374457597732544,0.98046875,0.8791676163673401
periodic,800,detached,0.012672170996665955,0.012093119323253632,0.9075571894645691,0.9791768789291382,0.8974205255508423,0.039480142295360565,0.03861113265156746,0.7587619423866272,0.92236328125,0.8787914514541626,0.014390100724995136,0.014031748287379742,0.8175998330116272,0.98681640625,0.7693279385566711,0.010203542187809944,0.009699339047074318,0.9375203847885132,0.9819285273551941,0.9204712510108948,0.032379262149333954,0.03161274269223213,0.8285319209098816,0.9328884482383728,0.9117069244384766,0.010731943883001804,0.010390499606728554,0.8949652910232544,0.9892035722732544,0.8643284440040588,0.008178767748177052,0.00770192127674818,0.954071044921875,0.9866842031478882,0.9445656538009644,0.02451612614095211,0.023839013651013374,0.8696017861366272,0.9529622197151184,0.9419128894805908,0.00984400138258934,0.00940688420087099,0.93701171875,0.9886610507965088,0.8818821310997009,0.008317911066114902,0.007836460135877132,0.9569448232650757,0.9866842031478882,0.9466226696968079,0.02454283833503723,0.023856911808252335,0.882080078125,0.9541829228401184,0.9448695182800293,0.013277477584779263,0.012778394855558872,0.9468315839767456,0.9816623330116272,0.8811708092689514
periodic,900,detached,0.012658685445785522,0.012042488902807236,0.9088338613510132,0.9794413447380066,0.8992812633514404,0.03907964006066322,0.03820056468248367,0.7623426914215088,0.9234212040901184,0.8797751665115356,0.014065024442970753,0.013680323027074337,0.8224826455116272,0.9877387285232544,0.7756016850471497,0.01053672656416893,0.00997589435428381,0.9355367422103882,0.9817911982536316,0.9160683751106262,0.03309516981244087,0.03228477016091347,0.8254123330116272,0.931884765625,0.9063084125518799,0.010688584297895432,0.01031402312219143,0.8997395634651184,0.9892578125,0.8766328692436218,0.008288700133562088,0.007749998476356268,0.9526113271713257,0.9868113398551941,0.9486774206161499,0.024539077654480934,0.023777702823281288,0.8674858808517456,0.9527723789215088,0.9493399858474731,0.0087291169911623,0.00827338919043541,0.9395073652267456,0.9901258945465088,0.889604389667511,0.008220642805099487,0.007679942063987255,0.9545797109603882,0.9874267578125,0.9558978080749512,0.023819783702492714,0.023050101473927498,0.8737521767616272,0.956787109375,0.9628139138221741,0.013203379698097706,0.012658443301916122,0.9446071982383728,0.9811198115348816,0.8774875402450562
periodic,1000,detached,0.013008992187678814,0.012301217764616013,0.9090220332145691,0.9795379638671875,0.8998215794563293,0.03909589722752571,0.03825561702251434,0.7631293535232544,0.9239094853401184,0.8793689012527466,0.013968557119369507,0.013641913421452045,0.8253580927848816,0.9886610507965088,0.7789438366889954,0.010229908861219883,0.009577672928571701,0.9414113759994507,0.9828033447265625,0.9376751184463501,0.030905263498425484,0.030175931751728058,0.8385959267616272,0.935899555683136,0.9334010481834412,0.009855427779257298,0.009537597186863422,0.912109375,0.9904513955116272,0.8817564845085144,0.007597941905260086,0.006951087154448032,0.9586436152458191,0.9896952509880066,0.9661865234375,0.0199264083057642,0.01933414116501808,0.887071430683136,0.9650065302848816,0.970689594745636,0.007955195382237434,0.007577266078442335,0.9552951455116272,0.9917534589767456,0.8995766639709473,0.007603301666676998,0.006932323798537254,0.9610646963119507,0.9905192255973816,0.9723811149597168,0.019357644021511078,0.018777871504426003,0.8949110507965088,0.968505859375,0.978739857673645,0.011280791833996773,0.010835555382072926,0.9606662392616272,0.9852430820465088,0.8836772441864014
periodic,1100,detached,0.012518586590886116,0.011941833421587944,0.9111735224723816,0.9797617793083191,0.9036235809326172,0.03843283653259277,0.03758753463625908,0.76806640625,0.9245334267616272,0.8851305246353149,0.013244903646409512,0.012896592728793621,0.8312717080116272,0.9889865517616272,0.7792640924453735,0.009845279157161713,0.00933520495891571,0.9393514394760132,0.9832611083984375,0.9369018077850342,0.030287083238363266,0.029542572796344757,0.835313618183136,0.9379069209098816,0.9366336464881897,0.009905423037707806,0.009562741965055466,0.9066298007965088,0.9909396767616272,0.868648111820221,0.007371924817562103,0.006879794877022505,0.9561411738395691,0.9895070791244507,0.9657955765724182,0.020488768815994263,0.01979672536253929,0.8825954794883728,0.9638129472732544,0.9706090092658997,0.010677939280867577,0.01022445410490036,0.9371744990348816,0.9875217080116272,0.8894820213317871,0.007443870417773724,0.006942824460566044,0.9604594111442566,0.9899393916130066,0.9708420634269714,0.02061593532562256,0.019885268062353134,0.8989529013633728,0.9657931923866272,0.974955677986145,0.015421549789607525,0.014883104711771011,0.94677734375,0.9787326455116272,0.8777706623077393
periodic,1200,detached,0.012955104932188988,0.012271260842680931,0.9094594717025757,0.9799143671989441,0.9073636531829834,0.03863087669014931,0.037791986018419266,0.7641330361366272,0.9246419072151184,0.8878679275512695,0.012508693151175976,0.012156610377132893,0.8346354365348816,0.9900715947151184,0.7825829386711121,0.01013297587633133,0.009511362761259079,0.9397125244140625,0.9836375117301941,0.9461592435836792,0.030120976269245148,0.02937917970120907,0.8372938632965088,0.938720703125,0.9486669898033142,0.009043763391673565,0.008682319894433022,0.9158528447151184,0.991807758808136,0.8835856318473816,0.007213789038360119,0.0066195884719491005,0.95770263671875,0.9911041259765625,0.9710389971733093,0.0187887791544199,0.018116150051355362,0.8850640058517456,0.9689127802848816,0.9756894707679749,0.009239996783435345,0.008777689188718796,0.9459635615348816,0.9889323115348816,0.8938431739807129,0.007048567291349173,0.0064640711061656475,0.96160888671875,0.9919790029525757,0.9773688912391663,0.018543297424912453,0.017832282930612564,0.8994683027267456,0.9716796875,0.9809789061546326,0.013458645902574062,0.012929840944707394,0.9537760615348816,0.9814995527267456,0.8953502774238586
periodic,1300,detached,0.012308582663536072,0.011722992174327374,0.9111277461051941,0.9803416132926941,0.9115564823150635,0.0377129465341568,0.03687058761715889,0.7646213173866272,0.9260796308517456,0.8926459550857544,0.012905102223157883,0.012546132318675518,0.8229709267616272,0.9903971552848816,0.7843967080116272,0.008989112451672554,0.008472061716020107,0.9414520263671875,0.9852854609489441,0.9643623232841492,0.027203166857361794,0.026479436084628105,0.835557758808136,0.9449598789215088,0.9747307300567627,0.00941130705177784,0.009037485346198082,0.9022895097732544,0.9921875,0.8689920902252197,0.00536264106631279,0.004888588096946478,0.9621073603630066,0.9948171377182007,0.9822199940681458,0.013343381695449352,0.012733333744108677,0.9007975459098816,0.9821234941482544,0.9888169765472412,0.008347001858055592,0.007882492616772652,0.95703125,0.990831196308136,0.8969217538833618,0.005314572714269161,0.004835230764001608,0.9662221670150757,0.9952494502067566,0.981246292591095,0.01287840772420168,0.012245076708495617,0.9145779013633728,0.9840223789215088,0.9875452518463135,0.010134147480130196,0.009636582806706429,0.9616970419883728,0.9870876669883728,0.908775806427002
periodic,1400,detached,0.012319987639784813,0.011726334691047668,0.9127655029296875,0.980499267578125,0.912442147731781,0.037262625992298126,0.036417994648218155,0.773301899433136,0.9265950322151184,0.8922295570373535,0.012172484770417213,0.011833068914711475,0.837890625,0.990831196308136,0.7875760197639465,0.008628635667264462,0.008113251999020576,0.9422760009765625,0.9863179922103882,0.9779175519943237,0.025521298870444298,0.024822691455483437,0.8415798544883728,0.9474555253982544,0.984986424446106,0.008691628463566303,0.008349648676812649,0.9082573652267456,0.9923502802848816,0.8752390146255493,0.004884651862084866,0.004398364573717117,0.9659780263900757,0.9961293935775757,0.9843994379043579,0.010980144143104553,0.010354972444474697,0.9117838740348816,0.9872504472732544,0.989996612071991,0.006723616272211075,0.006306248717010021,0.9656575322151184,0.9922417402267456,0.9196552634239197,0.004959059879183769,0.004457096103578806,0.9702352285385132,0.9961293935775757,0.9841264486312866,0.011035752482712269,0.010352836921811104,0.9238010048866272,0.9870063066482544,0.989699125289917,0.00840041320770979,0.007968760095536709,0.96630859375,0.9896918535232544,0.923076868057251
periodic,1500,detached,0.012893068604171276,0.012021617963910103,0.9084371328353882,0.9806874990463257,0.9140121936798096,0.0379035659134388,0.03709637001156807,0.760986328125,0.927001953125,0.8936347961425781,0.013011223636567593,0.012689583003520966,0.8234049677848816,0.990831196308136,0.7870557904243469,0.008920686319470406,0.008096287027001381,0.9362589716911316,0.9880880117416382,0.9783228635787964,0.024710552766919136,0.024079088121652603,0.8215060830116272,0.9538845419883728,0.9881806969642639,0.010445973835885525,0.010099462233483791,0.8815104365348816,0.9924587607383728,0.8542605042457581,0.0055954549461603165,0.004791531711816788,0.9604746699333191,0.9964803457260132,0.984988808631897,0.012293287552893162,0.011835921555757523,0.890489399433136,0.9878743290901184,0.990628182888031,0.008546561002731323,0.008146265521645546,0.95947265625,0.990831196308136,0.9092427492141724,0.005785441026091576,0.004983430728316307,0.9639689326286316,0.9962565302848816,0.9837414622306824,0.012693731114268303,0.012225313112139702,0.898681640625,0.9871147871017456,0.9889367818832397,0.010073901154100895,0.009634408168494701,0.9720594882965088,0.9880099892616272,0.9214740991592407
periodic,1600,detached,0.012478454038500786,0.01181282103061676,0.911468505859375,0.980743408203125,0.9157212376594543,0.03731198236346245,0.03638039156794548,0.7667643427848816,0.92724609375,0.8956819772720337,0.012788365595042706,0.012326858937740326,0.8246527910232544,0.9909939169883728,0.7820761799812317,0.008914765901863575,0.008326796814799309,0.934112548828125,0.9875386953353882,0.9774029850959778,0.025497576221823692,0.024723367765545845,0.8180881142616272,0.9514431357383728,0.9865885376930237,0.011134164407849312,0.010663890279829502,0.8728298544883728,0.992296040058136,0.8427524566650391,0.0056085712276399136,0.005046376027166843,0.9596151113510132,0.9959157705307007,0.9838793873786926,0.012941204942762852,0.012217044830322266,0.8940700888633728,0.985704243183136,0.9887455105781555,0.01119602844119072,0.010665499605238438,0.9391276240348816,0.9874674677848816,0.8829960227012634,0.0058622807264328,0.0052917348220944405,0.9649251699447632,0.9956309199333191,0.9835648536682129,0.013636622577905655,0.01289618480950594,0.9071723222732544,0.9849989414215088,0.9877263903617859,0.013605445623397827,0.013055520132184029,0.9525282382965088,0.9837239384651184,0.8923743963241577
periodic,1700,detached,0.012424941174685955,0.011635525152087212,0.9114634394645691,0.9809316396713257,0.9171509742736816,0.03705741465091705,0.036233652383089066,0.763427734375,0.9277886152267456,0.8965460658073425,0.01296225842088461,0.012620525434613228,0.8138020634651184,0.9911566972732544,0.7921898365020752,0.00833742506802082,0.00761654507368803,0.9354248046875,0.9895528554916382,0.9775913953781128,0.023348532617092133,0.022708037868142128,0.8183322548866272,0.9593641757965088,0.9855674505233765,0.011027243919670582,0.010663141496479511,0.86669921875,0.9919162392616272,0.8510265350341797,0.0051722414791584015,0.00446696113795042,0.9610799551010132,0.9969482421875,0.9841733574867249,0.011443997733294964,0.010908558964729309,0.8920084834098816,0.9893934726715088,0.9901900887489319,0.0096444608643651,0.009254955686628819,0.9456923007965088,0.990234375,0.9116793870925903,0.005334933754056692,0.004638749174773693,0.9647420644760132,0.9968414306640625,0.984046220779419,0.011810287833213806,0.011254302226006985,0.903428852558136,0.9888237714767456,0.9886484146118164,0.01071096956729889,0.010295864194631577,0.9600151777267456,0.987901508808136,0.9157560467720032
periodic,1800,detached,0.011912621557712555,0.0113118477165699,0.9134368896484375,0.9809824824333191,0.9185042381286621,0.03630616143345833,0.035469911992549896,0.7718098759651184,0.9280598759651184,0.8995401263237,0.012016168795526028,0.011650009080767632,0.8270399570465088,0.9912651777267456,0.7934483885765076,0.00780322914943099,0.007278199307620525,0.9316965937614441,0.9903106689453125,0.979494035243988,0.022441301494836807,0.021778689697384834,0.8079426884651184,0.9619683027267456,0.9884225726127625,0.011406688950955868,0.01099834032356739,0.8508029580116272,0.9920790195465088,0.8405129313468933,0.005369169171899557,0.004858916159719229,0.9515025019645691,0.9963633418083191,0.9845289587974548,0.012951533310115337,0.012339224107563496,0.867296040058136,0.987548828125,0.9893457293510437,0.01349814236164093,0.013049778528511524,0.8859049677848816,0.9841579794883728,0.8708995580673218,0.005823346786201,0.005310706794261932,0.9539846181869507,0.9957682490348816,0.9835302233695984,0.014223211444914341,0.013605662621557713,0.8727213740348816,0.9861111044883728,0.9864635467529297,0.01611470803618431,0.015636632218956947,0.8895399570465088,0.9807942509651184,0.8786118030548096
periodic,1900,detached,0.012253331020474434,0.01153312623500824,0.9134725332260132,0.9810994863510132,0.9200829863548279,0.03652180731296539,0.03569530323147774,0.77294921875,0.9286024570465088,0.9004577994346619,0.012357575818896294,0.011981342919170856,0.8289387822151184,0.9915364384651184,0.7967862486839294,0.007914384827017784,0.0072709182277321815,0.9358673095703125,0.9913381338119507,0.9814419150352478,0.021785689517855644,0.021138692274689674,0.8234320878982544,0.966172993183136,0.9898351430892944,0.010150092653930187,0.00973137654364109,0.8792860507965088,0.9929470419883728,0.8609495162963867,0.004618708975613117,0.0039782170206308365,0.969085693359375,0.9973806142807007,0.9846029877662659,0.009469290263950825,0.008816150017082691,0.921495258808136,0.9914279580116272,0.9913254380226135,0.006419564131647348,0.005983761977404356,0.965440571308136,0.9945746660232544,0.9322955012321472,0.004725014790892601,0.004083534702658653,0.9733175039291382,0.9973195791244507,0.9847204089164734,0.009485332295298576,0.00881495326757431,0.9356825351715088,0.9914008378982544,0.989826500415802,0.006811740342527628,0.006354472599923611,0.9759657382965088,0.99365234375,0.9404299259185791
periodic,2000,detached,0.012417936697602272,0.011626627296209335,0.9157003164291382,0.9812062978744507,0.9208142757415771,0.03640371561050415,0.03550441190600395,0.7789713740348816,0.9289821982383728,0.8998862504959106,0.011837554164230824,0.011407731100916862,0.8373481035232544,0.9917534589767456,0.791915237903595,0.00808180682361126,0.007366534322500229,0.9350230097770691,0.991851806640625,0.9822758436203003,0.021885620430111885,0.02116343192756176,0.817491352558136,0.967041015625,0.9899958372116089,0.01044733077287674,0.00999283604323864,0.8640950322151184,0.993272602558136,0.8570163249969482,0.005257155280560255,0.004524098243564367,0.9668528437614441,0.9970906972885132,0.9852179288864136,0.010709688998758793,0.009943624958395958,0.917344868183136,0.9906684160232544,0.9915561676025391,0.00915803574025631,0.00867957342416048,0.9513888955116272,0.9901258945465088,0.9128381013870239,0.005392937920987606,0.004672533832490444,0.9719035029411316,0.9969431757926941,0.9843754172325134,0.01098870299756527,0.010181006975471973,0.9344889521598816,0.9902072548866272,0.9899805188179016,0.010044033639132977,0.009548491798341274,0.9659830927848816,0.9889865517616272,0.9160563945770264
periodic,2100,detached,0.012407849542796612,0.011520715430378914,0.91546630859375,0.9813283681869507,0.9237944483757019,0.03624674305319786,0.035436127334833145,0.7759602665901184,0.9293619990348816,0.9047869443893433,0.01208876445889473,0.011727260425686836,0.8322482705116272,0.99169921875,0.7970239520072937,0.008385631255805492,0.0075794607400894165,0.9395751953125,0.989959716796875,0.9815353751182556,0.02252482809126377,0.021864725276827812,0.834228515625,0.9615885615348816,0.9890511631965637,0.009271387942135334,0.008884322829544544,0.8928493857383728,0.99365234375,0.8675858974456787,0.005227465182542801,0.004428648855537176,0.9666799306869507,0.9967803955078125,0.9845096468925476,0.010580294765532017,0.009836293756961823,0.9132487177848816,0.9892035722732544,0.9896439909934998,0.0059959664940834045,0.005561322905123234,0.97412109375,0.995225727558136,0.9407980442047119,0.005317016504704952,0.004539820831269026,0.9706014394760132,0.9967803955078125,0.9838376045227051,0.010290454141795635,0.00952446460723877,0.9221462607383728,0.9899631142616272,0.9873475432395935,0.006377538200467825,0.0059289708733558655,0.9812825322151184,0.9951171875,0.9486433267593384
periodic,2200,detached,0.01329110935330391,0.012316904962062836,0.904449462890625,0.981201171875,0.9199394583702087,0.036841753870248795,0.035853248089551926,0.7461208701133728,0.928955078125,0.8993841409683228,0.01152238342911005,0.010970881208777428,0.8351779580116272,0.9920790195465088,0.802446186542511,0.009056542068719864,0.00813932903110981,0.9308268427848816,0.990875244140625,0.9819632172584534,0.02226448990404606,0.021403014659881592,0.8046875,0.964708149433136,0.9890837073326111,0.009577102959156036,0.008943192660808563,0.88525390625,0.99365234375,0.8609334230422974,0.005831532180309296,0.00488447118550539,0.9634246826171875,0.9975382685661316,0.9849665760993958,0.010328695178031921,0.009351545013487339,0.8969997763633728,0.9913465976715088,0.9903857111930847,0.0077271065674722195,0.007016533985733986,0.96923828125,0.991807758808136,0.9228541254997253,0.0060287341475486755,0.005063774064183235,0.9676055908203125,0.99737548828125,0.9847608804702759,0.010429531335830688,0.009398513473570347,0.9059787392616272,0.9912651777267456,0.9888450503349304,0.008209643885493279,0.00748993456363678,0.976671040058136,0.9912109375,0.9372738599777222
periodic,2300,detached,0.012853046879172325,0.012039363384246826,0.9160563349723816,0.9813894033432007,0.9245308041572571,0.0360519178211689,0.03521457314491272,0.777452290058136,0.9296875,0.9043524265289307,0.011533931829035282,0.011135738343000412,0.841905415058136,0.9918619990348816,0.8065281510353088,0.008751561865210533,0.007975930348038673,0.9379171133041382,0.9911906123161316,0.9830839037895203,0.022019442170858383,0.021317072212696075,0.8280978798866272,0.9654676914215088,0.989793598651886,0.009643877856433392,0.009190847165882587,0.8894314169883728,0.9928385615348816,0.8626675605773926,0.005726912524551153,0.0048911431804299355,0.9653269648551941,0.9970347285270691,0.9856263399124146,0.010454351082444191,0.009642373770475388,0.9068196415901184,0.9899088740348816,0.9909191727638245,0.00652039609849453,0.005985378287732601,0.9720594882965088,0.9940863847732544,0.9350079298019409,0.005915001966059208,0.005077073350548744,0.9666494131088257,0.9969686269760132,0.9846376180648804,0.010397491045296192,0.009556340053677559,0.91162109375,0.9899088740348816,0.9886369109153748,0.00700800446793437,0.006473228335380554,0.9755859375,0.9931640625,0.9438170790672302
periodic,2400,detached,0.011956374160945415,0.011238491162657738,0.912506103515625,0.9816386103630066,0.9275267124176025,0.035603154450654984,0.03467728570103645,0.7599826455116272,0.9306098222732544,0.9074574708938599,0.013115470297634602,0.012577136978507042,0.7944878339767456,0.9917534589767456,0.80487060546875,0.007605002727359533,0.006957797333598137,0.9325205683708191,0.9932760000228882,0.9840826988220215,0.020759781822562218,0.01999734900891781,0.8046875,0.974717915058136,0.989963948726654,0.012690347619354725,0.012104024179279804,0.83740234375,0.992784321308136,0.8445500135421753,0.00468941917642951,0.004033904056996107,0.9643198847770691,0.997711181640625,0.9867652654647827,0.010106469504535198,0.009248153306543827,0.9044596552848816,0.992431640625,0.9909220933914185,0.009442610666155815,0.00886430311948061,0.9183485507965088,0.9928385615348816,0.9341058731079102,0.004791277460753918,0.004133226815611124,0.9673411250114441,0.99761962890625,0.986687421798706,0.010117324069142342,0.009224850684404373,0.9141981601715088,0.9924858808517456,0.9905581474304199,0.0096645038574934,0.009068544022738934,0.9245876669883728,0.99267578125,0.9388489127159119
periodic,2500,detached,0.012724412605166435,0.011909345164895058,0.9089202880859375,0.9816030263900757,0.9252039194107056,0.03616942837834358,0.03530864417552948,0.756591796875,0.9304741621017456,0.9041380882263184,0.012496892362833023,0.01205836795270443,0.8046332597732544,0.9917534589767456,0.8024055361747742,0.008433384820818901,0.007655241526663303,0.9332275390625,0.9919027090072632,0.9836527705192566,0.021554958075284958,0.020835328847169876,0.8152397871017456,0.967881977558136,0.9906101226806641,0.010272120125591755,0.00979666132479906,0.8629557490348816,0.993760883808136,0.8504731059074402,0.005370633210986853,0.004528026096522808,0.9636637568473816,0.9975535273551941,0.9862189292907715,0.01014805305749178,0.009293031878769398,0.90380859375,0.9915093183517456,0.9910109639167786,0.006964463274925947,0.006479660049080849,0.9538845419883728,0.9951171875,0.9427567720413208,0.0054617105051875114,0.004591684322804213,0.96807861328125,0.9974467158317566,0.9863665699958801,0.009962254203855991,0.009070140309631824,0.9159071445465088,0.9915907382965088,0.9891363978385925,0.007136708591133356,0.006630945485085249,0.9657118320465088,0.9949544072151184,0.9479400515556335
periodic,2600,detached,0.012777425348758698,0.011685334146022797,0.9151102900505066,0.9816538691520691,0.929330587387085,0.035547010600566864,0.0347452349960804,0.7793239951133728,0.9308810830116272,0.9072678089141846,0.011575247161090374,0.011209012009203434,0.841905415058136,0.99169921875,0.8099519610404968,0.008595641702413559,0.00758823286741972,0.9377593994140625,0.9920552968978882,0.9847012758255005,0.021376604214310646,0.02072005160152912,0.8279079794883728,0.9685872197151184,0.9897754192352295,0.009461896494030952,0.009049883112311363,0.8879665732383728,0.9938693642616272,0.8557600378990173,0.005380736198276281,0.004311635158956051,0.9704132080078125,0.997650146484375,0.9875005483627319,0.00971992127597332,0.008934044279158115,0.9206271767616272,0.9923231601715088,0.9911619424819946,0.0058576324954628944,0.005392947234213352,0.9772678017616272,0.9947916865348816,0.9421551823616028,0.005419369786977768,0.004340228624641895,0.9743143916130066,0.9975993037223816,0.9878915548324585,0.009546278975903988,0.008710955269634724,0.9315592646598816,0.9921603798866272,0.9906409978866577,0.0060862768441438675,0.005607518833130598,0.9807942509651184,0.99462890625,0.9431992769241333
periodic,2700,detached,0.011772329919040203,0.01106107048690319,0.9153391718864441,0.9817098379135132,0.929335355758667,0.034962333738803864,0.03412606567144394,0.77685546875,0.931016743183136,0.9080197215080261,0.011167039163410664,0.01080416515469551,0.8384331464767456,0.9921332597732544,0.8148101568222046,0.007728013675659895,0.00707428902387619,0.9394175410270691,0.9915670156478882,0.9848368167877197,0.020942488685250282,0.020223306491971016,0.8315700888633728,0.9669325351715088,0.9903250932693481,0.009299316443502903,0.008874421007931232,0.8901909589767456,0.9944118857383728,0.8539558053016663,0.004715427290648222,0.004018243867903948,0.968994140625,0.9973500967025757,0.9875585436820984,0.009556722827255726,0.008685839362442493,0.9126247763633728,0.9908040165901184,0.9908488392829895,0.006159053184092045,0.0056641255505383015,0.9711371660232544,0.994737446308136,0.9344574213027954,0.004945322871208191,0.004223296418786049,0.9727274775505066,0.9972636103630066,0.9878172874450684,0.009428843855857849,0.008509160950779915,0.9235026240348816,0.9908583164215088,0.990591287612915,0.0063310894183814526,0.005812050309032202,0.9757487177848816,0.9944118857383728,0.9509298205375671
periodic,2800,detached,0.012698210775852203,0.01147333811968565,0.9156596064567566,0.9818115234375,0.9294442534446716,0.03554200008511543,0.03465798869729042,0.7816298007965088,0.9312337040901184,0.9071633815765381,0.011724208481609821,0.011296485550701618,0.8465712070465088,0.9920790195465088,0.8140573501586914,0.008626836352050304,0.007471676915884018,0.9359232783317566,0.9917348623275757,0.9843984842300415,0.021721163764595985,0.02096080221235752,0.8245442509651184,0.967529296875,0.9901010394096375,0.010477287694811821,0.010014299303293228,0.8795573115348816,0.9938151240348816,0.844039261341095,0.005405272822827101,0.004286836367100477,0.9650065302848816,0.997802734375,0.9872032403945923,0.010059181600809097,0.009167668409645557,0.9028049111366272,0.9924587607383728,0.9908496737480164,0.007140000816434622,0.006618432234972715,0.9662001132965088,0.9944661259651184,0.9306980967521667,0.005502340849488974,0.004412076435983181,0.9679616689682007,0.9977010488510132,0.9862861037254333,0.010051687248051167,0.009132368490099907,0.911241352558136,0.9920790195465088,0.9884393811225891,0.007424476090818644,0.006894836667925119,0.974717915058136,0.9934895634651184,0.939361572265625
periodic,2900,detached,0.012682167813181877,0.011562004685401917,0.9162954092025757,0.9820811152458191,0.9324771761894226,0.034995682537555695,0.03414275869727135,0.78369140625,0.9323188066482544,0.9102104902267456,0.011461110785603523,0.011038520373404026,0.844835102558136,0.9920247197151184,0.80635666847229,0.008464474231004715,0.0074224635027348995,0.938934326171875,0.9921773672103882,0.9847673773765564,0.02060762047767639,0.01987912692129612,0.8325737714767456,0.9691569209098816,0.9895130395889282,0.009312262758612633,0.008829873986542225,0.890733540058136,0.9938693642616272,0.8518891334533691,0.005375239532440901,0.00431426428258419,0.96820068359375,0.9976959228515625,0.9875271916389465,0.009267891757190228,0.008371458388864994,0.9123263955116272,0.992296040058136,0.9909650087356567,0.005884199403226376,0.005319396965205669,0.9742838740348816,0.9954969882965088,0.9375060796737671,0.0054244003258645535,0.0044016423635184765,0.9732717275619507,0.9976145625114441,0.9877428412437439,0.009064502082765102,0.008119318634271622,0.925157368183136,0.9921332597732544,0.9904451966285706,0.005988318007439375,0.00540820462629199,0.9833984375,0.9951714277267456,0.9507557153701782
periodic,3000,detached,0.011998633854091167,0.011343821883201599,0.9149119257926941,0.9821065664291382,0.9322727918624878,0.0345606692135334,0.03371576592326164,0.7745768427848816,0.9324272871017456,0.9120628833770752,0.01151895709335804,0.011105005629360676,0.8208550214767456,0.9919704794883728,0.8048712611198425,0.007612346671521664,0.0070181917399168015,0.9382833242416382,0.993499755859375,0.985158383846283,0.0198324304074049,0.019100556150078773,0.8288031816482544,0.9745008945465088,0.9913601875305176,0.009235811419785023,0.008757073432207108,0.8802626132965088,0.9944118857383728,0.8489400744438171,0.0044352589175105095,0.0037979967892169952,0.9709014892578125,0.9979044795036316,0.9888657927513123,0.008645419031381607,0.007757390383630991,0.9194064736366272,0.993028461933136,0.9921277761459351,0.005310563836246729,0.00476169353350997,0.98193359375,0.9950087070465088,0.9349683523178101,0.004494065418839455,0.003848993219435215,0.97442626953125,0.9978434443473816,0.988447904586792,0.008487509563565254,0.007552469614893198,0.92724609375,0.9928656816482544,0.9901174902915955,0.005593081004917622,0.005033476743847132,0.9857856035232544,0.9950087070465088,0.9468135237693787
periodic,3100,detached,0.012383252382278442,0.011533821932971478,0.9104868769645691,0.9821574091911316,0.9306845664978027,0.03555954992771149,0.03473397716879845,0.7603352665901184,0.9325358271598816,0.907204806804657,0.013051675632596016,0.012680764310061932,0.80712890625,0.9920247197151184,0.8117904663085938,0.008191224187612534,0.007420914247632027,0.9353790283203125,0.9929555654525757,0.9856919646263123,0.02100650779902935,0.02031741291284561,0.8186848759651184,0.9722493290901184,0.9911600351333618,0.010557293891906738,0.010149379260838032,0.8704426884651184,0.9945746660232544,0.8553471565246582,0.0050695110112428665,0.004303161054849625,0.9674886465072632,0.9980265498161316,0.9893189072608948,0.00963113084435463,0.00882553867995739,0.905517578125,0.993516743183136,0.9918150305747986,0.005925529636442661,0.005492699798196554,0.9747721552848816,0.996690571308136,0.9460231065750122,0.005022332072257996,0.004245484713464975,0.9730428457260132,0.9979146718978882,0.989553689956665,0.009006405249238014,0.008118443191051483,0.9201388955116272,0.9931640625,0.9912175536155701,0.005651725921779871,0.005187091417610645,0.980089008808136,0.9963650107383728,0.9556630849838257
periodic,3200,detached,0.011793747544288635,0.011020578444004059,0.91229248046875,0.9823201894760132,0.93381267786026,0.03437945246696472,0.03349471092224121,0.7583550214767456,0.9331868290901184,0.9124197959899902,0.012038620188832283,0.011602041311562061,0.80322265625,0.9919704794883728,0.7989916205406189,0.007681339047849178,0.006947466637939215,0.9366912841796875,0.9931284785270691,0.9853014945983887,0.020067671313881874,0.019310738891363144,0.8191460371017456,0.9733073115348816,0.9902087450027466,0.009968908503651619,0.0094815194606781,0.8699001669883728,0.9940863847732544,0.8416960835456848,0.004667201079428196,0.003909609746187925,0.9703013300895691,0.9978281855583191,0.9886233806610107,0.008993850089609623,0.008080595172941685,0.9188368320465088,0.9924587607383728,0.990888774394989,0.005761631298810244,0.005220940802246332,0.9778103232383728,0.9954969882965088,0.9462236166000366,0.004743811674416065,0.003980863373726606,0.9760640859603882,0.9977620840072632,0.9880056977272034,0.008721915073692799,0.0077294460497796535,0.9385308027267456,0.9924045205116272,0.9891066551208496,0.005692461971193552,0.005130511708557606,0.985460102558136,0.9954426884651184,0.9547598361968994
periodic,3300,detached,0.012639950960874557,0.011830179952085018,0.9042612910270691,0.9822286367416382,0.9344469308853149,0.03604859858751297,0.03520973399281502,0.7380642294883728,0.9328070878982544,0.9146998524665833,0.012910276651382446,0.01254541240632534,0.796495258808136,0.9921875,0.8100913763046265,0.008630400523543358,0.00789118092507124,0.9350077509880066,0.9906820058822632,0.983490526676178,0.02265172451734543,0.021928099915385246,0.819200336933136,0.9624565839767456,0.9895337224006653,0.01012282446026802,0.00971935410052538,0.881944477558136,0.99462890625,0.8499159812927246,0.005576234310865402,0.004816078580915928,0.9604288935661316,0.9974721670150757,0.98695969581604,0.011455876752734184,0.010660073719918728,0.8882107138633728,0.9909939169883728,0.9899188876152039,0.007162460125982761,0.00669963238760829,0.9721137285232544,0.9955512285232544,0.9414581656455994,0.005727370269596577,0.004962391685694456,0.9589182734489441,0.9973551630973816,0.9866601228713989,0.011307974345982075,0.010471616871654987,0.8828396201133728,0.9908854365348816,0.9875890612602234,0.007334437686949968,0.006857250351458788,0.96484375,0.9955512285232544,0.9478664398193359
periodic,3400,detached,0.011561262421309948,0.010841521434485912,0.9057973623275757,0.9824981689453125,0.9369471073150635,0.034299612045288086,0.03340526297688484,0.7393934726715088,0.9337565302848816,0.9181549549102783,0.012840759940445423,0.012333606369793415,0.7730034589767456,0.9918619990348816,0.7966563701629639,0.007877930998802185,0.007209744304418564,0.9368693232536316,0.99151611328125,0.9859243631362915,0.020975308492779732,0.02016061544418335,0.8221571445465088,0.9664442539215088,0.9905055165290833,0.009458516724407673,0.008906038478016853,0.876085102558136,0.9941948652267456,0.8587002754211426,0.004877564962953329,0.004162289202213287,0.9693349599838257,0.9974467158317566,0.9884577989578247,0.009776684455573559,0.008860219269990921,0.909044086933136,0.9909396767616272,0.9904893636703491,0.005979796405881643,0.0053291888907551765,0.9777560830116272,0.9945746660232544,0.9278296828269958,0.004871584475040436,0.004139730241149664,0.973419189453125,0.9973653554916382,0.9878692626953125,0.009535646997392178,0.00854624342173338,0.9237467646598816,0.990966796875,0.9895694255828857,0.006300701294094324,0.0056395516730844975,0.9786784052848816,0.99462890625,0.9346573352813721
periodic,3500,detached,0.01552243810147047,0.012791892513632774,0.8690745234489441,0.9824117422103882,0.9376320242881775,0.036388784646987915,0.03533131629228592,0.694444477558136,0.9336479902267456,0.9178274869918823,0.014235605485737324,0.013575190678238869,0.7568901777267456,0.9921875,0.7866603136062622,0.011285454034805298,0.008884823881089687,0.9091593623161316,0.9918670654296875,0.9849881529808044,0.023235836997628212,0.0222475565969944,0.780626118183136,0.9676920771598816,0.9893556237220764,0.012263421900570393,0.011494160629808903,0.8506401777267456,0.9938151240348816,0.8417345881462097,0.007702909409999847,0.00567322364076972,0.9491933584213257,0.9976094961166382,0.9875302910804749,0.011598491109907627,0.010407726280391216,0.8849826455116272,0.991455078125,0.9886749982833862,0.009141549468040466,0.00819420162588358,0.9664713740348816,0.99169921875,0.9346001148223877,0.007535013370215893,0.005868380889296532,0.9480794668197632,0.997528076171875,0.9871414303779602,0.01134162861853838,0.010038976557552814,0.8996310830116272,0.9912922978401184,0.9882161021232605,0.009248200803995132,0.008141743019223213,0.9665798544883728,0.9914279580116272,0.9445657730102539
periodic,3600,detached,0.012961636297404766,0.01188728865236044,0.9075521230697632,0.982421875,0.9354861974716187,0.034429192543029785,0.033526502549648285,0.764268696308136,0.93359375,0.9170505404472351,0.011783568188548088,0.01125021930783987,0.8146159052848816,0.9921875,0.7986794710159302,0.009109029546380043,0.008203650824725628,0.9305318593978882,0.9908498525619507,0.9839648604393005,0.02204769290983677,0.02125958353281021,0.8095431923866272,0.9627821445465088,0.9893592000007629,0.009362729266285896,0.00878372322767973,0.8711479902267456,0.9949001669883728,0.8590022921562195,0.005684498231858015,0.004794633481651545,0.9560598134994507,0.9974721670150757,0.9862951636314392,0.010610342025756836,0.009758099913597107,0.892686665058136,0.9908583164215088,0.9890493154525757,0.006124963518232107,0.0054634311236441135,0.9807942509651184,0.9945746660232544,0.9493569731712341,0.0061331214383244514,0.005304691847413778,0.9223734736442566,0.9973704218864441,0.9870469570159912,0.010405594483017921,0.009505737572908401,0.8985188603401184,0.9907497763633728,0.9880749583244324,0.0065361512824893,0.005900424439460039,0.97998046875,0.9944118857383728,0.949091374874115
periodic,3700,detached,0.012641483917832375,0.011296503245830536,0.910125732421875,0.982330322265625,0.9341349005699158,0.03532678633928299,0.03436325863003731,0.7550455927848816,0.9331868290901184,0.9147419929504395,0.011857639066874981,0.011310940608382225,0.8247612714767456,0.9924045205116272,0.8033549785614014,0.008477674797177315,0.007426440250128508,0.9355723261833191,0.9903920888900757,0.9837375283241272,0.022166894748806953,0.021254973486065865,0.8230522871017456,0.9609917402267456,0.9892577528953552,0.008622131310403347,0.007989606820046902,0.8913845419883728,0.9951171875,0.8653818368911743,0.005134548060595989,0.004177062772214413,0.9653066396713257,0.9972890615463257,0.9875546097755432,0.010787020437419415,0.009764635004103184,0.8986002802848816,0.9898274540901184,0.9875004887580872,0.005160248372703791,0.004403567872941494,0.9812825322151184,0.996690571308136,0.9441267251968384,0.005064098630100489,0.004108362831175327,0.9697367548942566,0.9972941279411316,0.9868366122245789,0.010049267672002316,0.008969840593636036,0.9105631709098816,0.9900444746017456,0.9851801991462708,0.005212659481912851,0.004488636273890734,0.9825846552848816,0.9967990517616272,0.9480817914009094
periodic,3800,detached,0.0184308011084795,0.01570758782327175,0.71826171875,0.9817250967025757,0.9192297458648682,0.043532516807317734,0.042447928339242935,0.4137369692325592,0.930908203125,0.9005122780799866,0.018550151959061623,0.017905686050653458,0.5122612714767456,0.9925673007965088,0.768397331237793,0.014209477230906487,0.011727036908268929,0.8063761591911316,0.9893035888671875,0.9763421416282654,0.0306097399443388,0.02968045137822628,0.5287814736366272,0.9560546875,0.9885679483413696,0.015106734819710255,0.01448221504688263,0.5773654580116272,0.99462890625,0.8545168042182922,0.010585254989564419,0.008576283231377602,0.8450469970703125,0.99639892578125,0.9829722046852112,0.01964777335524559,0.018721967935562134,0.6181911826133728,0.9861382246017456,0.9875266551971436,0.011246704496443272,0.010619991458952427,0.6953125,0.9951714277267456,0.9283900260925293,0.010377101600170135,0.008779465220868587,0.8318532705307007,0.9963430166244507,0.9825426936149597,0.018893683329224586,0.017905395478010178,0.6554090976715088,0.9862738847732544,0.9844136834144592,0.0104500288143754,0.00981299951672554,0.7710503339767456,0.9947916865348816,0.9385876059532166
periodic,3900,detached,0.011799859814345837,0.011055013164877892,0.9106852412223816,0.9826202392578125,0.9370439052581787,0.03379565849900246,0.03295143321156502,0.7587077021598816,0.9342719316482544,0.9180833101272583,0.01242011971771717,0.011970196850597858,0.797471821308136,0.992296040058136,0.8039460182189941,0.007253966294229031,0.006616442929953337,0.9402109980583191,0.99212646484375,0.985145092010498,0.020069027319550514,0.01932111196219921,0.8330078125,0.9682074785232544,0.9903593063354492,0.008746415376663208,0.008233041502535343,0.8884548544883728,0.9949001669883728,0.8625926971435547,0.004025623202323914,0.0033771302551031113,0.9702047109603882,0.9976348876953125,0.9889618754386902,0.009224210865795612,0.00837045256048441,0.9144694209098816,0.9919162392616272,0.9915751218795776,0.005402455572038889,0.004801108501851559,0.9807400107383728,0.9952799677848816,0.9494348168373108,0.003995624836534262,0.0033217533491551876,0.977447509765625,0.9975840449333191,0.988979697227478,0.008674221113324165,0.00771500077098608,0.9345974326133728,0.9918348789215088,0.9895629286766052,0.005712586920708418,0.0051078819669783115,0.9846462607383728,0.9953342080116272,0.9597535133361816
periodic,4000,detached,0.011482298374176025,0.010791361331939697,0.9166616201400757,0.9827830195426941,0.9412045478820801,0.03307449445128441,0.03224867209792137,0.776475727558136,0.9348958134651184,0.924375593662262,0.011391854844987392,0.010951356962323189,0.8241645097732544,0.9922417402267456,0.8090554475784302,0.007117533590644598,0.006519535090774298,0.9429677724838257,0.9914347529411316,0.9865395426750183,0.02018081024289131,0.019396722316741943,0.8396538496017456,0.96484375,0.9906197190284729,0.008127380162477493,0.007579559925943613,0.8960503339767456,0.9948459267616272,0.873499870300293,0.004181693773716688,0.0035593078937381506,0.9686940908432007,0.9976857900619507,0.9899965524673462,0.00989782065153122,0.009057939052581787,0.9090712070465088,0.9916449785232544,0.9911172986030579,0.005221208091825247,0.004588473122566938,0.984483540058136,0.9958224892616272,0.9558106660842896,0.004377553705126047,0.0037338323891162872,0.9717458486557007,0.997589111328125,0.9895947575569153,0.00981186144053936,0.008938624523580074,0.916612446308136,0.9914821982383728,0.9908620715141296,0.0055668167769908905,0.004932532552629709,0.986436665058136,0.9955512285232544,0.9592013955116272
periodic,4100,detached,0.01199799682945013,0.011240972205996513,0.901275634765625,0.9828135371208191,0.9427223801612854,0.0344419963657856,0.03357971832156181,0.7223307490348816,0.9352213740348816,0.9263122081756592,0.013073957525193691,0.012670336291193962,0.7612847089767456,0.9923502802848816,0.7863223552703857,0.007722955197095871,0.0069841137155890465,0.9380289912223816,0.99066162109375,0.9858099818229675,0.02139783650636673,0.02057965099811554,0.8224826455116272,0.9629448652267456,0.988531231880188,0.009215219877660275,0.008694976568222046,0.8821071982383728,0.99462890625,0.8473501801490784,0.004444238729774952,0.0036761704832315445,0.9681447744369507,0.9973043203353882,0.9886456727981567,0.010148420929908752,0.009195181541144848,0.9066840410232544,0.990098774433136,0.9888060092926025,0.005608234088867903,0.004948925692588091,0.9789496660232544,0.9954426884651184,0.935786247253418,0.004350213333964348,0.0035553625784814358,0.9764404296875,0.9972432851791382,0.9884214401245117,0.009405435062944889,0.008336459286510944,0.9329969882965088,0.9900173544883728,0.9887063503265381,0.0056741852313280106,0.004972635768353939,0.9831271767616272,0.9955512285232544,0.9555128812789917
periodic,4200,detached,0.012079562991857529,0.011218857020139694,0.8973897695541382,0.9828847646713257,0.9402215480804443,0.033424012362957,0.03253421559929848,0.7518988847732544,0.9353840947151184,0.9248620867729187,0.012054764665663242,0.011550789698958397,0.7986111044883728,0.992296040058136,0.8041905760765076,0.007157045416533947,0.006379012018442154,0.9404551386833191,0.9925384521484375,0.9870530366897583,0.019609656184911728,0.01876569353044033,0.8347710371017456,0.9704318642616272,0.991500735282898,0.008199003525078297,0.007557520642876625,0.89453125,0.9949001669883728,0.8674790263175964,0.004256917163729668,0.0035088914446532726,0.9691671133041382,0.9978231191635132,0.9893693327903748,0.009512837044894695,0.008629202842712402,0.9075249433517456,0.9925130009651184,0.990886390209198,0.004853605292737484,0.004134280141443014,0.985948383808136,0.9968532919883728,0.9539910554885864,0.0044523486867547035,0.003713696263730526,0.9705302119255066,0.9977366328239441,0.989321768283844,0.009478488005697727,0.00859070848673582,0.9070366621017456,0.9923502802848816,0.9908642768859863,0.005106160417199135,0.004408452194184065,0.9823676347732544,0.9970160722732544,0.9634227752685547
periodic,4300,detached,0.015619936399161816,0.014567999169230461,0.7924143671989441,0.9831339716911316,0.9482860565185547,0.037414342164993286,0.0365731455385685,0.5610893964767456,0.9365234375,0.9361138939857483,0.018151186406612396,0.017725147306919098,0.5270182490348816,0.9921332597732544,0.7615756988525391,0.00868278183043003,0.007710058242082596,0.9298350214958191,0.9950155019760132,0.986932098865509,0.01957738772034645,0.01878400333225727,0.8117946982383728,0.980089008808136,0.9885578751564026,0.010635079815983772,0.010059194639325142,0.86328125,0.9940321445465088,0.8360148072242737,0.004802073817700148,0.00379663216881454,0.9728648066520691,0.997772216796875,0.9880715608596802,0.009034537710249424,0.007863503880798817,0.932481586933136,0.9925944209098816,0.9888442158699036,0.006598124746233225,0.005658525507897139,0.96826171875,0.9950087070465088,0.9329138398170471,0.004846398252993822,0.0037658116780221462,0.9775797724723816,0.9976348876953125,0.9882965087890625,0.009236779995262623,0.008051261305809021,0.9442816972732544,0.9922417402267456,0.9880530834197998,0.007078746799379587,0.006207853090018034,0.9698893427848816,0.9949001669883728,0.943125307559967
periodic,4400,detached,0.017371375113725662,0.015802830457687378,0.6900838613510132,0.9824880361557007,0.9409270286560059,0.04121273010969162,0.03996178135275841,0.5657009482383728,0.9340277910232544,0.9265691637992859,0.016449902206659317,0.0154521893709898,0.6708984375,0.9928385615348816,0.7284099459648132,0.011296113952994347,0.009612292982637882,0.8880971670150757,0.9883219599723816,0.9843641519546509,0.028416777029633522,0.027118150144815445,0.68212890625,0.9533420205116272,0.9894186854362488,0.011815960519015789,0.010590427555143833,0.8069118857383728,0.994737446308136,0.8207694888114929,0.00704182218760252,0.005069221835583448,0.9510650634765625,0.9958038330078125,0.9876205325126648,0.016100451350212097,0.014563140459358692,0.8421223759651184,0.9844292402267456,0.9871729612350464,0.007778903003782034,0.0061999098397791386,0.9644097089767456,0.9940863847732544,0.8964201211929321,0.00654818769544363,0.0045357877388596535,0.963623046875,0.9957174062728882,0.9882665276527405,0.01407061330974102,0.012375121004879475,0.8844943642616272,0.9842936396598816,0.9889201521873474,0.007653236389160156,0.005962525960057974,0.9743381142616272,0.9934895634651184,0.92420893907547
periodic,4500,detached,0.01127798855304718,0.010465874336659908,0.9107513427734375,0.9834798574447632,0.9456459283828735,0.032296352088451385,0.03142957761883736,0.761583149433136,0.938232421875,0.9318006634712219,0.012238534167408943,0.011756040155887604,0.7912868857383728,0.9924045205116272,0.8004512190818787,0.006677057594060898,0.005864740815013647,0.9426066279411316,0.9939066767692566,0.9877882599830627,0.018175963312387466,0.017343679443001747,0.8383246660232544,0.9752604365348816,0.9910596609115601,0.008378134109079838,0.007744239643216133,0.8914930820465088,0.9949544072151184,0.8676104545593262,0.003704529721289873,0.00284755602478981,0.9766896963119507,0.9982045888900757,0.9906254410743713,0.007742252666503191,0.006708125118166208,0.9339192509651184,0.9937337040901184,0.9926351308822632,0.00542653352022171,0.004658024292439222,0.986328125,0.9950629472732544,0.959561824798584,0.003737210063263774,0.0028577735647559166,0.9837697744369507,0.9980926513671875,0.9904052019119263,0.007369559723883867,0.0061690593138337135,0.9611545205116272,0.99365234375,0.9918010830879211,0.005654673557728529,0.004855094011873007,0.9866536259651184,0.9951714277267456,0.963310182094574
periodic,4600,detached,0.012361346744000912,0.011018281802535057,0.9046275019645691,0.98345947265625,0.9470835328102112,0.03366627171635628,0.032321806997060776,0.7371419072151184,0.9381781816482544,0.9349421262741089,0.013157755136489868,0.012274829670786858,0.7769097089767456,0.9924587607383728,0.7857114672660828,0.007879868149757385,0.00639254180714488,0.9414418935775757,0.9928182363510132,0.9866543412208557,0.019935987889766693,0.01856393739581108,0.83642578125,0.9707302451133728,0.9898163676261902,0.008964653126895428,0.007874886505305767,0.8937717080116272,0.9953342080116272,0.8568635582923889,0.0049004144966602325,0.003338460810482502,0.9704132080078125,0.9981486201286316,0.9892237782478333,0.009427607990801334,0.007964462041854858,0.9152560830116272,0.9938151240348816,0.9900262355804443,0.005466093774884939,0.0042241946794092655,0.9841579794883728,0.99609375,0.9489852786064148,0.004731806926429272,0.0031914119608700275,0.9784698486328125,0.9980367422103882,0.9895005822181702,0.008576576597988605,0.0070198047906160355,0.9379611611366272,0.9937065839767456,0.9896939396858215,0.005897284485399723,0.004737137816846371,0.9867079257965088,0.9959309697151184,0.9611145257949829
periodic,4700,detached,0.014593882486224174,0.01373070664703846,0.8248342275619507,0.9837646484375,0.9496148824691772,0.03452206775546074,0.033742308616638184,0.6533203125,0.9394802451133728,0.9379669427871704,0.01322510838508606,0.012854799628257751,0.7448459267616272,0.9928928017616272,0.7971552610397339,0.0076798549853265285,0.0069841016083955765,0.9330546259880066,0.9923604726791382,0.98692786693573,0.02029922418296337,0.019524987787008286,0.8108452558517456,0.9692111611366272,0.9890004396438599,0.00893164798617363,0.00837608240544796,0.8827582597732544,0.9947916865348816,0.8736083507537842,0.004158140160143375,0.003428203985095024,0.9713847041130066,0.9977163076400757,0.9895648956298828,0.009101970121264458,0.00814428273588419,0.9179145097732544,0.9922146201133728,0.9906628727912903,0.005723864305764437,0.004981951788067818,0.982042133808136,0.9949544072151184,0.9579900503158569,0.0042914412915706635,0.0035301833413541317,0.9787750244140625,0.99755859375,0.9887610673904419,0.00878983549773693,0.007707500830292702,0.9450954794883728,0.9921061396598816,0.9894351959228516,0.006632897071540356,0.005940883420407772,0.98046875,0.9947916865348816,0.9673148989677429
periodic,4800,detached,0.013336023315787315,0.01258463691920042,0.8502706289291382,0.9838918447494507,0.9540237784385681,0.03436834737658501,0.0336291678249836,0.6496039628982544,0.93994140625,0.944658637046814,0.015322983264923096,0.014990546740591526,0.6354166865348816,0.9928385615348816,0.7879784107208252,0.0076644038781523705,0.0070146373473107815,0.9332072138786316,0.9907684326171875,0.9872156381607056,0.02099153958261013,0.020300040021538734,0.8151313066482544,0.9632161259651184,0.9889363050460815,0.009646915830671787,0.009219012223184109,0.8616536259651184,0.9950629472732544,0.8483831882476807,0.004431324079632759,0.003719122614711523,0.9716644287109375,0.9968973994255066,0.9903987646102905,0.01024646032601595,0.009353232569992542,0.9196234941482544,0.9886067509651184,0.9910832643508911,0.005813534837216139,0.005128706339746714,0.9823133945465088,0.9949001669883728,0.948249340057373,0.004489191807806492,0.003737728577107191,0.9810079336166382,0.9965922236442566,0.988987386226654,0.009619231335818768,0.008564053103327751,0.9522840976715088,0.9884440302848816,0.9888242483139038,0.006075126584619284,0.0053989640437066555,0.985948383808136,0.994737446308136,0.9624191522598267
periodic,4900,detached,0.011890656314790249,0.011106366291642189,0.9003397822380066,0.9835764765739441,0.9509649872779846,0.03280317410826683,0.03190944716334343,0.744873046875,0.938829243183136,0.9395331144332886,0.012180435471236706,0.011777430772781372,0.7822808027267456,0.9931640625,0.8067309856414795,0.006894627120345831,0.006145743187516928,0.9441274404525757,0.99188232421875,0.9879480600357056,0.01916474662721157,0.018292471766471863,0.8429633378982544,0.9663628339767456,0.9910818934440613,0.007491508964449167,0.006932023447006941,0.904296875,0.995714008808136,0.8879308104515076,0.003967668395489454,0.0031939130276441574,0.9734954833984375,0.99798583984375,0.9893190264701843,0.008529230952262878,0.0075142583809792995,0.9254286289215088,0.9930555820465088,0.9894496202468872,0.004749499261379242,0.004079774953424931,0.9863823652267456,0.996690571308136,0.9602659344673157,0.003856013296172023,0.0030237070750445127,0.9833781123161316,0.9977569580078125,0.9891639947891235,0.0077153644524514675,0.0065244934521615505,0.9603949785232544,0.9926486611366272,0.9899064302444458,0.004775920417159796,0.004110349807888269,0.9901801347732544,0.99658203125,0.9714955687522888
periodic,5000,detached,0.01262441836297512,0.011566577479243279,0.8877156972885132,0.9837138056755066,0.9546480774879456,0.032891541719436646,0.03208056464791298,0.7080349326133728,0.9396430253982544,0.9458232522010803,0.012993067502975464,0.012586645781993866,0.7269965410232544,0.9933268427848816,0.7940464615821838,0.007808761205524206,0.0069172619841992855,0.9397074580192566,0.9900004267692566,0.9873166084289551,0.02090023085474968,0.02008209004998207,0.83203125,0.9593098759651184,0.9896755814552307,0.008079237304627895,0.007549976464360952,0.8902994990348816,0.9955512285232544,0.8769628405570984,0.004677647724747658,0.0038132239133119583,0.9698486328125,0.9967600703239441,0.989801287651062,0.011227362789213657,0.010272864252328873,0.9120008945465088,0.987657368183136,0.9903829097747803,0.005151708610355854,0.004426834639161825,0.9839409589767456,0.9955512285232544,0.9611601829528809,0.004481370095163584,0.0036155215930193663,0.9791158437728882,0.9966787099838257,0.9888287782669067,0.009756063111126423,0.00866979081183672,0.9412434697151184,0.988037109375,0.9875763058662415,0.0053822994232177734,0.004646125715225935,0.9871419072151184,0.9953342080116272,0.9689077734947205
periodic,5100,joint,0.013449650257825851,0.012427720241248608,0.8794301748275757,0.983856201171875,0.9514831900596619,0.033821191638708115,0.03293990343809128,0.6625705361366272,0.93994140625,0.9437373280525208,0.015009068883955479,0.01457265019416809,0.6594509482383728,0.993272602558136,0.7995201349258423,0.010299778543412685,0.009306012652814388,0.8925679922103882,0.9909617304801941,0.9865981340408325,0.02286834828555584,0.022052006796002388,0.7225748896598816,0.9639485478401184,0.9902609586715698,0.01073537115007639,0.010204853489995003,0.8052300214767456,0.9951714277267456,0.8723737597465515,0.008460158482193947,0.007530659437179565,0.8476817011833191,0.9972280263900757,0.9879679083824158,0.014207972213625908,0.013417466543614864,0.7502712607383728,0.9903157353401184,0.9884971976280212,0.0092090405523777,0.008706619031727314,0.8770073652267456,0.9939236044883728,0.9472496509552002,0.009671464562416077,0.008718855679035187,0.7633158564567566,0.9971110224723816,0.9853999614715576,0.015330944210290909,0.014475398696959019,0.6969401240348816,0.990234375,0.9849143624305725,0.011083041317760944,0.010620485059916973,0.7636176347732544,0.99365234375,0.9568296670913696
periodic,5200,joint,0.013454790227115154,0.011703546158969402,0.86944580078125,0.9841156005859375,0.9515503644943237,0.03530946001410484,0.03367296978831291,0.6396213173866272,0.9405924677848816,0.9431696534156799,0.019467702135443687,0.01831998862326145,0.5781792402267456,0.9929470419883728,0.7668911218643188,0.010078704915940762,0.008348877541720867,0.89068603515625,0.9920603632926941,0.9861798882484436,0.024167951196432114,0.022703366354107857,0.6757270097732544,0.9681532382965088,0.9895322322845459,0.016202189028263092,0.015064884908497334,0.605577290058136,0.9952799677848816,0.8416966795921326,0.007935039699077606,0.0062605999410152435,0.9013926386833191,0.9972738027572632,0.9877658486366272,0.015148250386118889,0.013797682709991932,0.6989203691482544,0.991563618183136,0.987914502620697,0.014464173465967178,0.01330933440476656,0.6271159052848816,0.9941948652267456,0.9216110110282898,0.008634322322905064,0.0070290518924593925,0.877349853515625,0.9970906972885132,0.9858194589614868,0.015235364437103271,0.013868327252566814,0.6714409589767456,0.9912651777267456,0.9848249554634094,0.014240377582609653,0.013016220182180405,0.6574435830116272,0.9935438632965088,0.9271245002746582
periodic,5300,joint,0.012579295784235,0.011782935820519924,0.8890330195426941,0.9841715693473816,0.9540552496910095,0.032905213534832,0.03203407675027847,0.6968315839767456,0.9407280683517456,0.9462832808494568,0.015267114154994488,0.014687829650938511,0.6991102695465088,0.993272602558136,0.7777290344238281,0.009104050695896149,0.00837722048163414,0.919921875,0.991973876953125,0.9869890809059143,0.021513143554329872,0.020789865404367447,0.7646213173866272,0.9678276777267456,0.9895391464233398,0.01108240894973278,0.010540235787630081,0.7968207597732544,0.9952799677848816,0.8570438623428345,0.006680912338197231,0.005953791551291943,0.9338735342025757,0.9971771240234375,0.9881811141967773,0.012142597697675228,0.011512395925819874,0.8034396767616272,0.990831196308136,0.9882363080978394,0.008785021491348743,0.00831851176917553,0.8250325322151184,0.9954426884651184,0.9365076422691345,0.0069794198498129845,0.006203656550496817,0.9236196279525757,0.9970449209213257,0.9868931174278259,0.012020200490951538,0.011372440494596958,0.807969868183136,0.9906955361366272,0.9867193102836609,0.00891618151217699,0.008479135110974312,0.8162977695465088,0.9953884482383728,0.9506592154502869
periodic,5400,joint,0.016051024198532104,0.013341948390007019,0.8084564208984375,0.9841970205307007,0.9552146792411804,0.03641900420188904,0.03471844643354416,0.5879177451133728,0.9410807490348816,0.9477620124816895,0.017228245735168457,0.01576739177107811,0.6603732705116272,0.9932183027267456,0.756697416305542,0.012318471446633339,0.009521270170807838,0.8576202392578125,0.9912465810775757,0.9863631725311279,0.024593187496066093,0.022951003164052963,0.691162109375,0.96484375,0.9888786673545837,0.012452569790184498,0.010865460149943829,0.7884657382965088,0.9954426884651184,0.8581130504608154,0.009433458559215069,0.00651854183524847,0.8969320058822632,0.9967702627182007,0.9867317080497742,0.01401152741163969,0.012288679368793964,0.8292372226715088,0.98876953125,0.9852213263511658,0.009892139583826065,0.008189443498849869,0.8690321445465088,0.9944661259651184,0.9519842267036438,0.009427584707736969,0.006441259291023016,0.9056803584098816,0.9966888427734375,0.9853765368461609,0.012940422631800175,0.011096835136413574,0.8774685263633728,0.9885525107383728,0.9837432503700256,0.009975794702768326,0.0083291782066226,0.8948567509651184,0.994249165058136,0.9613205790519714
periodic,5500,joint,0.01395955216139555,0.012532557360827923,0.8527171015739441,0.9838714599609375,0.9559336304664612,0.03477250039577484,0.03356558084487915,0.6256781816482544,0.940049946308136,0.9494072794914246,0.01591227389872074,0.015185538679361343,0.6052517294883728,0.9934353232383728,0.7881559729576111,0.010205375961959362,0.00884288176894188,0.8959808349609375,0.9906209707260132,0.9865630865097046,0.023128654807806015,0.022029679268598557,0.731201171875,0.9623481035232544,0.9896970391273499,0.01172537449747324,0.01100864727050066,0.740831196308136,0.995714008808136,0.8613816499710083,0.007189803756773472,0.00588188786059618,0.9245809316635132,0.99713134765625,0.9869815707206726,0.012163940817117691,0.01109499204903841,0.8765190839767456,0.9900173544883728,0.9863473176956177,0.008915066719055176,0.008185364305973053,0.9216037392616272,0.9949544072151184,0.9583326578140259,0.007195729296654463,0.005894158035516739,0.9277547597885132,0.9969838857650757,0.9864386916160583,0.010883313603699207,0.009715837426483631,0.9171549677848816,0.9901258945465088,0.9861480593681335,0.008397682569921017,0.0075062173418700695,0.9454752802848816,0.9949544072151184,0.9663646221160889
periodic,5600,joint,0.013320955447852612,0.011680439114570618,0.8871307373046875,0.9835154414176941,0.9487344622612,0.03385971859097481,0.03256229683756828,0.7130534052848816,0.9387749433517456,0.942887008190155,0.013561037369072437,0.012741701677441597,0.7390950322151184,0.9935438632965088,0.7889269590377808,0.009360598400235176,0.007756040897220373,0.9329732656478882,0.9903920888900757,0.9864921569824219,0.021718496456742287,0.020502839237451553,0.8200954794883728,0.9608290195465088,0.9905960559844971,0.008890703320503235,0.007946916855871677,0.879503071308136,0.9961479902267456,0.8753949999809265,0.006259537767618895,0.004738103598356247,0.963165283203125,0.9974212646484375,0.9881261587142944,0.011323913931846619,0.01024926919490099,0.8943684697151184,0.9916178584098816,0.9896450638771057,0.0063224006444215775,0.0052398876287043095,0.977159321308136,0.99658203125,0.9545732736587524,0.006353650242090225,0.004909066017717123,0.9585164785385132,0.9972330927848816,0.9867187738418579,0.010966150090098381,0.009930683299899101,0.881944477558136,0.9916178584098816,0.9864985346794128,0.007109353318810463,0.006126380059868097,0.9548068642616272,0.9963107705116272,0.9612532258033752
periodic,5700,joint,0.018293051049113274,0.017160549759864807,0.6049855947494507,0.9838511347770691,0.9453839659690857,0.04148007184267044,0.04048002511262894,0.3764377236366272,0.9398871660232544,0.9407979846000671,0.026723206043243408,0.025931809097528458,0.3216145932674408,0.9930012822151184,0.7479982972145081,0.014163963496685028,0.013162287883460522,0.6401163935661316,0.9920908808708191,0.982231080532074,0.029258767142891884,0.028447244316339493,0.4206271767616272,0.968126118183136,0.9890026450157166,0.022293372079730034,0.0215823482722044,0.326171875,0.9950087070465088,0.824111819267273,0.010742373764514923,0.009807282127439976,0.6838786005973816,0.9972432851791382,0.9843822121620178,0.019136857241392136,0.01846088469028473,0.464599609375,0.9896647334098816,0.9865114688873291,0.018804749473929405,0.018160397186875343,0.3550889790058136,0.9931640625,0.9352420568466187,0.010395850986242294,0.009420260787010193,0.7047373652458191,0.9969279170036316,0.9843200445175171,0.018219828605651855,0.01754363812506199,0.4928114116191864,0.9891764521598816,0.9850816130638123,0.01796450838446617,0.01732439361512661,0.3792860209941864,0.9923502802848816,0.9427725672721863
periodic,5800,joint,0.011584393680095673,0.010976756922900677,0.8949992060661316,0.9838155508041382,0.9531995058059692,0.03243608772754669,0.03169207647442818,0.7167426347732544,0.93994140625,0.9496148228645325,0.013509861193597317,0.013143442571163177,0.7298719882965088,0.9934895634651184,0.7774766683578491,0.007640529423952103,0.007093142252415419,0.9350637197494507,0.9918670654296875,0.9863178730010986,0.019776947796344757,0.019201813265681267,0.8209364414215088,0.9668239951133728,0.990452766418457,0.008376790210604668,0.008032925426959991,0.865234375,0.9959309697151184,0.8598929047584534,0.004916992504149675,0.004391631577163935,0.9655405879020691,0.9980010986328125,0.9884217977523804,0.009333993308246136,0.008886590600013733,0.9064399003982544,0.9930555820465088,0.9886823296546936,0.005525652784854174,0.005197967868298292,0.9759114384651184,0.9958767294883728,0.9484009742736816,0.00529828667640686,0.0047283777967095375,0.9562785029411316,0.9978129267692566,0.9866893887519836,0.008680607192218304,0.008223154582083225,0.9228515625,0.9928928017616272,0.9850649237632751,0.005706607364118099,0.005390493664890528,0.9787326455116272,0.9956597089767456,0.9550740122795105
periodic,5900,joint,0.02086862549185753,0.018608450889587402,0.5776621699333191,0.9847921133041382,0.9564893245697021,0.043940503150224686,0.042821165174245834,0.3541124165058136,0.943467915058136,0.9543858766555786,0.029570072889328003,0.028567250818014145,0.4332139790058136,0.991807758808136,0.7357328534126282,0.0180235393345356,0.015793679282069206,0.5919393301010132,0.9902903437614441,0.9828362464904785,0.03573078662157059,0.034837450832128525,0.3185221254825592,0.9618055820465088,0.9885217547416687,0.027440527454018593,0.026573946699500084,0.3864474892616272,0.9888237714767456,0.8043928146362305,0.01603088341653347,0.013772825710475445,0.605133056640625,0.9936422109603882,0.9827840924263,0.029671775177121162,0.02894376404583454,0.2800564169883728,0.9769423007965088,0.9829027056694031,0.026525644585490227,0.025714408606290817,0.3244900107383728,0.9852430820465088,0.8962140083312988,0.016041120514273643,0.013701170682907104,0.6087239980697632,0.9934794306755066,0.9811874032020569,0.030191471800208092,0.02951294556260109,0.243191197514534,0.9773762822151184,0.9790907502174377,0.02802366390824318,0.027214601635932922,0.2972005307674408,0.9846462607383728,0.9115062355995178
periodic,6000,joint,0.014380460605025291,0.013476933352649212,0.8430938720703125,0.9827677607536316,0.940743088722229,0.036969296634197235,0.03592834994196892,0.640733540058136,0.9360080361366272,0.9379364252090454,0.014406723901629448,0.01369123812764883,0.6733940839767456,0.9940863847732544,0.794521689414978,0.009936284273862839,0.009176596999168396,0.9024862051010132,0.990478515625,0.9830935597419739,0.023388653993606567,0.022537702694535255,0.753526508808136,0.9616156816482544,0.9897363185882568,0.00994382705539465,0.00919825304299593,0.8048502802848816,0.9964192509651184,0.8774949908256531,0.006899438798427582,0.0062371245585381985,0.9369913935661316,0.997344970703125,0.9870724081993103,0.012051754631102085,0.011370156891644001,0.8170573115348816,0.9912922978401184,0.9887521266937256,0.007407349068671465,0.006622437387704849,0.8684353232383728,0.9969618320465088,0.9554315209388733,0.007522979285567999,0.006860163062810898,0.92266845703125,0.9971160888671875,0.9851015210151672,0.011980575509369373,0.011325673200190067,0.7780219316482544,0.9909396767616272,0.9851818680763245,0.00789693184196949,0.007132022641599178,0.8225368857383728,0.9967448115348816,0.9607296586036682
periodic,6100,joint,0.013776889070868492,0.012345131486654282,0.8604736328125,0.9834493398666382,0.9536276459693909,0.03555312380194664,0.03459339216351509,0.6466471552848816,0.9385579228401184,0.950349748134613,0.015220437198877335,0.014711273834109306,0.6742621660232544,0.9935981035232544,0.7632696628570557,0.009479346685111523,0.008087409660220146,0.9193166494369507,0.9918975830078125,0.9860048294067383,0.022314736619591713,0.02154330164194107,0.7811957597732544,0.9666340947151184,0.9891190528869629,0.010215401649475098,0.009728584438562393,0.8318684697151184,0.9958767294883728,0.8461197018623352,0.006455547176301479,0.005214966833591461,0.9557597041130066,0.997650146484375,0.9872591495513916,0.011621711775660515,0.010949766263365746,0.8703342080116272,0.99169921875,0.9882324934005737,0.006974710617214441,0.006441013887524605,0.950792133808136,0.9958767294883728,0.9496240019798279,0.00690178107470274,0.005798110272735357,0.9434102773666382,0.9974569082260132,0.9864211678504944,0.01154274120926857,0.010840287432074547,0.829345703125,0.9917534589767456,0.9851443767547607,0.007471928838640451,0.006898423191159964,0.926378071308136,0.9957682490348816,0.9633829593658447
periodic,6200,joint,0.0251117255538702,0.01982882246375084,0.6322530508041382,0.9796397089958191,0.9138584733009338,0.05181647837162018,0.04834583401679993,0.3886447548866272,0.9236111044883728,0.9226254224777222,0.02415141649544239,0.021104078739881516,0.438530832529068,0.9943576455116272,0.7374775409698486,0.024164317175745964,0.018889060243964195,0.6281942129135132,0.9806874990463257,0.9182126522064209,0.04845557361841202,0.0450521856546402,0.3952094316482544,0.9277886152267456,0.9253655076026917,0.023245027288794518,0.02023318037390709,0.4374457597732544,0.99609375,0.7367791533470154,0.023165440186858177,0.01792115904390812,0.6339467763900757,0.9810892939567566,0.9219054579734802,0.045546505600214005,0.04203243926167488,0.406005859375,0.929931640625,0.9217706918716431,0.02312847040593624,0.02000669576227665,0.45068359375,0.996690571308136,0.7395291924476624,0.022775299847126007,0.017436090856790543,0.6551920771598816,0.9808858633041382,0.9225655198097229,0.04489526152610779,0.041248101741075516,0.4600694477558136,0.9290907382965088,0.9211695194244385,0.022746969014406204,0.019489437341690063,0.47216796875,0.9967448115348816,0.7392906546592712
periodic,6300,joint,0.014345968142151833,0.012957967817783356,0.8225046992301941,0.9839884638786316,0.9504230618476868,0.03568369895219803,0.03465801104903221,0.6062554121017456,0.9403483271598816,0.9495666027069092,0.01818947307765484,0.01750573143362999,0.571885883808136,0.9934895634651184,0.7643682360649109,0.014317787252366543,0.013179372996091843,0.8196970820426941,0.9840189814567566,0.9503011107444763,0.03574775531888008,0.03473394364118576,0.606689453125,0.9404568076133728,0.9495145082473755,0.018394196406006813,0.01770952343940735,0.5673285722732544,0.9934895634651184,0.7643821835517883,0.014322668313980103,0.013279537670314312,0.8192850947380066,0.984039306640625,0.9488370418548584,0.035927969962358475,0.03490578383207321,0.60009765625,0.9405110478401184,0.9494143724441528,0.018812090158462524,0.018109438940882683,0.55078125,0.9935438632965088,0.7635003924369812,0.014808183535933495,0.013789205811917782,0.8053995966911316,0.9840291738510132,0.9444267749786377,0.03605911508202553,0.03501610830426216,0.595323383808136,0.9405110478401184,0.9492627382278442,0.019063618034124374,0.01833801157772541,0.5477430820465088,0.9934895634651184,0.7610876560211182
periodic,6400,joint,0.01356127392500639,0.011919179931282997,0.8612213134765625,0.9843343496322632,0.9528334140777588,0.03382935747504234,0.032740410417318344,0.6613498330116272,0.9418402910232544,0.9500865936279297,0.016180504113435745,0.015445990487933159,0.6427409052848816,0.9934895634651184,0.7756655812263489,0.013353056274354458,0.011755350045859814,0.8665364980697632,0.984344482421875,0.9526090621948242,0.033353060483932495,0.03226974979043007,0.6745876669883728,0.9418402910232544,0.9498300552368164,0.01587524451315403,0.015150530263781548,0.6540798544883728,0.9934895634651184,0.7751479148864746,0.013482432812452316,0.012041936628520489,0.8573964834213257,0.9843801259994507,0.952847957611084,0.033844009041786194,0.03271258994936943,0.6475965976715088,0.9419487714767456,0.9497991800308228,0.016992773860692978,0.016180647537112236,0.5999891757965088,0.9934895634651184,0.7748306393623352,0.014007250778377056,0.012722162529826164,0.8310598134994507,0.9844106435775757,0.9529974460601807,0.03419448062777519,0.033023227006196976,0.625352680683136,0.9419758915901184,0.9507708549499512,0.01762058399617672,0.01673116534948349,0.5603840947151184,0.9934353232383728,0.7761207222938538
periodic,6500,joint,0.012763701379299164,0.011225777678191662,0.876739501953125,0.9842631220817566,0.958501398563385,0.03272392228245735,0.03130139783024788,0.7162814736366272,0.9414876103401184,0.9553011655807495,0.01350210327655077,0.01243998296558857,0.7441948652267456,0.9935981035232544,0.778298020362854,0.013035925105214119,0.01145277451723814,0.8775634765625,0.984283447265625,0.9583618640899658,0.03272972255945206,0.031251225620508194,0.7132161259651184,0.9414876103401184,0.955085813999176,0.013672650791704655,0.012536142021417618,0.7351887822151184,0.9935981035232544,0.7783886790275574,0.01332904677838087,0.011778119951486588,0.8735860586166382,0.9842936396598816,0.9572310447692871,0.032721132040023804,0.03131311759352684,0.7144911289215088,0.9415961503982544,0.9553208351135254,0.013752071186900139,0.012697888538241386,0.7360568642616272,0.9935981035232544,0.777229368686676,0.013881318271160126,0.012355342507362366,0.859527587890625,0.9842987060546875,0.9508244395256042,0.03304693102836609,0.031726665794849396,0.6975640058517456,0.9415690302848816,0.9536027908325195,0.014042508788406849,0.01306473184376955,0.7205946445465088,0.9935981035232544,0.775416374206543
periodic,6600,joint,0.021592125296592712,0.019756514579057693,0.5066986083984375,0.983489990234375,0.9537996649742126,0.04469083622097969,0.04323907196521759,0.3006456196308136,0.9387749433517456,0.9525271058082581,0.02333349920809269,0.022148525342345238,0.3157552182674408,0.9943034052848816,0.7435328960418701,0.021501271054148674,0.019727200269699097,0.5093740224838257,0.9834951162338257,0.9539249539375305,0.044683296233415604,0.04322011023759842,0.301513671875,0.9387478232383728,0.952834963798523,0.023391107097268105,0.022184807807207108,0.3157009482383728,0.994249165058136,0.743828535079956,0.021378841251134872,0.019602634012699127,0.515228271484375,0.983551025390625,0.9517263174057007,0.04423397779464722,0.04271974787116051,0.3134494423866272,0.9389377236366272,0.9525074362754822,0.022992007434368134,0.021697822958230972,0.3366428017616272,0.994249165058136,0.7431743144989014,0.021620646119117737,0.01985109969973564,0.5139312744140625,0.9834544062614441,0.9464066028594971,0.044150374829769135,0.042589280754327774,0.3147243857383728,0.9390462040901184,0.9534204006195068,0.02301734685897827,0.021654168143868446,0.3368055522441864,0.994249165058136,0.7422814965248108
periodic,6700,joint,0.015513296239078045,0.013916867785155773,0.8187662959098816,0.9842783808708191,0.9432269930839539,0.036721933633089066,0.03511391952633858,0.5580783486366272,0.9413791298866272,0.9468449354171753,0.017985863611102104,0.01692604459822178,0.5934244990348816,0.9935438632965088,0.7517613172531128,0.015552317723631859,0.01397705078125,0.8025869131088257,0.9842936396598816,0.943004846572876,0.037020180374383926,0.03544384613633156,0.5387641191482544,0.9414333701133728,0.9482555389404297,0.0179307758808136,0.01690482906997204,0.6009114384651184,0.9935438632965088,0.7494268417358398,0.016491401940584183,0.0149335116147995,0.7906240224838257,0.98321533203125,0.9377548694610596,0.040504030883312225,0.03896509110927582,0.5109320878982544,0.9369845986366272,0.9407102465629578,0.0200412068516016,0.019037015736103058,0.6074761152267456,0.9909939169883728,0.7310989499092102,0.02198348008096218,0.020411713048815727,0.7562205195426941,0.9766134023666382,0.9102092385292053,0.04918178915977478,0.047662027180194855,0.4491373598575592,0.9236382246017456,0.9175297021865845,0.030103683471679688,0.02910478599369526,0.5603840947151184,0.976671040058136,0.6776604056358337
periodic,6800,joint,0.014979044906795025,0.013833386823534966,0.7694041132926941,0.9845530390739441,0.9589038491249084,0.03407538682222366,0.033196303993463516,0.6175130009651184,0.942247211933136,0.9551886320114136,0.016524391248822212,0.01605350896716118,0.62646484375,0.9937065839767456,0.7697994709014893,0.014788257889449596,0.013680736534297466,0.7752787470817566,0.9845682978630066,0.9590126276016235,0.03408345580101013,0.0331990011036396,0.6189778447151184,0.9423285722732544,0.9552619457244873,0.016743700951337814,0.016252465546131134,0.6194118857383728,0.9937065839767456,0.7693513035774231,0.01472768746316433,0.013645991683006287,0.7807769775390625,0.9845988154411316,0.9589433670043945,0.03417158126831055,0.03328968584537506,0.6188151240348816,0.9424370527267456,0.9552584886550903,0.017103096470236778,0.016605470329523087,0.6105143427848816,0.9937065839767456,0.7687045335769653,0.014531442895531654,0.01351297926157713,0.7835184931755066,0.9846445918083191,0.9589311480522156,0.0343635268509388,0.033469121903181076,0.6106770634651184,0.9425998330116272,0.9551520943641663,0.017593825235962868,0.017054149881005287,0.594835102558136,0.9937065839767456,0.7669171690940857
periodic,6900,joint,0.02057219296693802,0.018491681665182114,0.5048574209213257,0.9841512441635132,0.9541544318199158,0.04185158759355545,0.04023566469550133,0.307861328125,0.9403754472732544,0.9504307508468628,0.01693212240934372,0.014991674572229385,0.538682758808136,0.9940863847732544,0.7743268013000488,0.020585067570209503,0.018459253013134003,0.5021769404411316,0.9841665029525757,0.9539739489555359,0.041727595031261444,0.04008012264966965,0.3151313066482544,0.9404025673866272,0.950358510017395,0.01687280647456646,0.014868620783090591,0.5534939169883728,0.9940863847732544,0.7743553519248962,0.020674429833889008,0.01851108856499195,0.5222982168197632,0.984161376953125,0.953881025314331,0.041945457458496094,0.04029201716184616,0.3064236044883728,0.9404296875,0.9501756429672241,0.017127329483628273,0.015104399994015694,0.5418294072151184,0.9940863847732544,0.7751656174659729,0.02108796499669552,0.01870187744498253,0.510101318359375,0.984161376953125,0.9544544219970703,0.04235675930976868,0.040676143020391464,0.296929270029068,0.9404568076133728,0.951191782951355,0.01767624355852604,0.015579772181808949,0.5250651240348816,0.9940863847732544,0.7735753655433655
periodic,7000,joint,0.014309125952422619,0.012505149468779564,0.8302358388900757,0.9851023554801941,0.9589411020278931,0.035140812397003174,0.03380497172474861,0.5757378339767456,0.9443630576133728,0.9568141102790833,0.019032558426260948,0.01802687719464302,0.5872938632965088,0.9933810830116272,0.7583445906639099,0.014343309216201305,0.012540167197585106,0.8285319209098816,0.9850921630859375,0.9589235782623291,0.03528293967247009,0.033955782651901245,0.564453125,0.9443088173866272,0.9568560719490051,0.019177010282874107,0.018189599737524986,0.5778537392616272,0.9933810830116272,0.7575891613960266,0.014663461595773697,0.012926183640956879,0.8108775019645691,0.9851531982421875,0.9588505029678345,0.03602103516459465,0.03476470336318016,0.4970974326133728,0.9445258378982544,0.956845760345459,0.020289521664381027,0.019393600523471832,0.51611328125,0.9933810830116272,0.7592358589172363,0.015025271102786064,0.013359807431697845,0.7934468984603882,0.9851939082145691,0.9593204259872437,0.0363643579185009,0.035111360251903534,0.474609375,0.9446071982383728,0.9568044543266296,0.021117571741342545,0.020264944061636925,0.4813368022441864,0.9933810830116272,0.7577100396156311
