step,loss,grad_norm,k1/global,k1/local,k1/edge,k2/global,k2/local,k2/edge,k3/global,k3/local,k3/edge
1,0.24729010462760925,0.6289597749710083,0.04739970713853836,0.03400128800421953,0.000797702930867672,0.04739970713853836,0.030647744424641132,0.000797702930867672,0.04739970713853836,0.03804884012788534,0.000797702930867672
2,0.19656071066856384,0.7111274003982544,0.030758661217987537,0.03508124407380819,0.000783712457632646,0.030701340176165104,0.033309116028249264,0.0008184349280782044,0.030645511113107204,0.0336108086630702,0.0008518893446307629
3,0.08897108770906925,1.2051825523376465,0.014647812116891146,0.014424166642129421,0.0005894516798434779,0.01466443669050932,0.01413121772930026,0.0006449502834584564,0.01468205964192748,0.014499642886221409,0.000687349762301892
4,0.18988682329654694,0.4926121234893799,0.04035204462707043,0.022873888723552227,0.0008200804295483977,0.04027910716831684,0.021775715053081512,0.0008646271307952702,0.040208494290709496,0.021812817081809044,0.0009000608115456998
5,0.15154321119189262,0.7430384755134583,0.026951449923217297,0.018950080499053,0.0006337288941722363,0.026875189505517483,0.01907378900796175,0.0006783320277463645,0.026805084198713303,0.03086318727582693,0.0007123741961549968
6,0.1902465596795082,0.43828797340393066,0.04031115211546421,0.022753451950848103,0.000808603479526937,0.040198761969804764,0.02180567942559719,0.0008494927897118032,0.04009134881198406,0.022542295046150684,0.0008857781940605491
7,0.1276284009218216,0.7055317759513855,0.0242121247574687,0.017464424949139357,0.0006600712076760828,0.02404422266408801,0.01781910890713334,0.0007041803328320384,0.023886585608124733,0.018092585261911154,0.0007450941484421492
8,0.22451378405094147,0.39651593565940857,0.055459050461649895,0.018457856494933367,0.000792661972809583,0.05540994554758072,0.01885238289833069,0.0008190751250367612,0.055389510467648506,0.018491612747311592,0.0008416924101766199
9,0.41370169818401337,0.39457178115844727,0.0675731748342514,0.028456032741814852,0.0009511226089671254,0.06745021417737007,0.08971474878489971,0.00098127280944027,0.06733385659754276,0.09023328870534897,0.0010079863131977618
10,0.13843659311532974,0.8803876638412476,0.017870770767331123,0.028633372858166695,0.0009063741308636963,0.01769024319946766,0.028199045918881893,0.0009618382609914988,0.0175531143322587,0.025613599456846714,0.0010082257213070989
11,0.24353668093681335,1.192679762840271,0.038073076866567135,0.04719645157456398,0.0008665043278597295,0.038208222948014736,0.04406462982296944,0.0009073444816749543,0.038382381200790405,0.03489283565431833,0.0009452295489609241
12,0.1778625324368477,0.5183106660842896,0.03442702442407608,0.02225198596715927,0.0006566315714735538,0.03432014398276806,0.028615083545446396,0.0006948033114895225,0.03424324095249176,0.021927853114902973,0.0007257653633132577
13,0.11582562699913979,0.8405991196632385,0.016819359734654427,0.021322146989405155,0.0006490291270893067,0.016782602295279503,0.021148836240172386,0.0006883837340865284,0.016798567958176136,0.02089728508144617,0.0007194131030701101
14,0.22086965292692184,1.008763074874878,0.04445616155862808,0.03219309728592634,0.000621469400357455,0.04422026872634888,0.026125900447368622,0.0006536010769195855,0.04399154707789421,0.02792578563094139,0.0006818310066591948
15,0.2897304892539978,1.640743613243103,0.058396562933921814,0.034596207551658154,0.000921425991691649,0.05804981663823128,0.041974167339503765,0.0009447924967389554,0.05770687572658062,0.036176602356135845,0.0009640406351536512
16,0.2414407730102539,1.1623820066452026,0.04669962264597416,0.03273177519440651,0.0007659906113985926,0.04642358981072903,0.034323925152421,0.0007873441209085286,0.046150801703333855,0.032752545550465584,0.0008051665499806404
17,0.21896731108427048,0.45317602157592773,0.040681980550289154,0.030703884549438953,0.0008144319581333548,0.04050743021070957,0.03361961245536804,0.0008493159839417785,0.04034886695444584,0.03056293912231922,0.0008788444683887064
18,0.13523583859205246,2.0080959796905518,0.02035980112850666,0.024113657884299755,0.0007987238932400942,0.02062729373574257,0.0218993928283453,0.0008424913976341486,0.021015542559325695,0.0246987110003829,0.0008802209631539881
19,0.2175251990556717,1.272193193435669,0.04655952751636505,0.019221939146518707,0.000729388149920851,0.04669361747801304,0.021852750331163406,0.0007752368983346969,0.04685661569237709,0.03401759173721075,0.0008185321639757603
20,0.14796805754303932,0.5062843561172485,0.030389091931283474,0.018776644952595234,0.0007407852972391993,0.030133881606161594,0.017571033909916878,0.0007943881500978023,0.02989897597581148,0.01882399059832096,0.000839260988868773
21,0.14003165811300278,0.31440839171409607,0.021855096332728863,0.024892336688935757,0.0008342392975464463,0.021556501276791096,0.025162598118185997,0.0008821188530419022,0.021402291022241116,0.022525914944708347,0.0009205655078403652
22,0.15626760199666023,0.6914303302764893,0.023483061231672764,0.027657561004161835,0.0006951063987798989,0.023268713615834713,0.027423899620771408,0.0007372136460617185,0.023093344643712044,0.02913515269756317,0.0007735441613476723
23,0.13112222403287888,1.1386849880218506,0.016916949301958084,0.02655765973031521,0.000755177577957511,0.016904869116842747,0.0258987070992589,0.0008026158902794123,0.01700667291879654,0.025436559692025185,0.0008430191955994815
24,0.2542339712381363,1.0891337394714355,0.03963610529899597,0.04413876682519913,0.0009326030558440834,0.03923113830387592,0.046351561322808266,0.0009659891366027296,0.03887666389346123,0.04310550633817911,0.0009956344729289412
25,0.39897339046001434,1.7711501121520996,0.0656362846493721,0.08725315146148205,0.0008227222133427858,0.06603952683508396,0.023446437902748585,0.0008537087996955961,0.06648476421833038,0.08755123801529408,0.0008855542400851846
26,0.08523094840347767,1.060312271118164,0.014403506647795439,0.01237322180531919,0.0005440316454041749,0.014186439104378223,0.014817803166806698,0.0005832791212014854,0.014094658195972443,0.01360341114923358,0.0006245964905247092
27,0.2400803044438362,1.3695937395095825,0.04714052379131317,0.030517450533807278,0.0007574633345939219,0.04676742944866419,0.03746179025620222,0.0007829786627553403,0.04644515085965395,0.029404060915112495,0.000803451519459486
28,0.05045322887599468,1.7082068920135498,0.008389294147491455,0.007910323329269886,0.00039025209844112396,0.008185848593711853,0.008250261191278696,0.00042200498864986,0.00825322326272726,0.00818713428452611,0.00046488799853250384
29,0.12316054850816727,1.1269254684448242,0.01667962223291397,0.023889935575425625,0.000709189975168556,0.016695240512490273,0.024823605082929134,0.0007401135808322579,0.016787673346698284,0.02206398081034422,0.0007711866055615246
30,0.3776634484529495,0.54454106092453,0.04092617332935333,0.08060975186526775,0.0009707002900540829,0.04097775276750326,0.08567433431744576,0.0009910993394441903,0.04105281922966242,0.08544705249369144,0.0010137846693396568
31,0.15651735477149487,0.8324621915817261,0.024521343410015106,0.026578348595649004,0.0006479811563622206,0.02423448720946908,0.025886894203722477,0.0006652518350165337,0.024027792504057288,0.029264473356306553,0.0006907770584803075
32,0.13087791949510574,0.6201350092887878,0.02182013727724552,0.022201617248356342,0.0007549408765044063,0.021841932088136673,0.019915631040930748,0.0007757965358905494,0.02188904397189617,0.020881779491901398,0.0007970412843860686
33,0.2623748406767845,0.7759941816329956,0.04658776707947254,0.0391314011067152,0.0007828095112927258,0.0464077889919281,0.04097020626068115,0.0008010774035938084,0.04624990839511156,0.040627225302159786,0.0008166374464053661
34,0.19651080667972565,1.2206835746765137,0.03797817602753639,0.023133588954806328,0.0007662161660846323,0.03771725110709667,0.03472227230668068,0.0007848654349800199,0.037465889006853104,0.023137331940233707,0.0008052181801758707
35,0.1968962922692299,0.5646586418151855,0.02999011240899563,0.038147907704114914,0.0007904277299530804,0.029880788177251816,0.03939226269721985,0.0008111124625429511,0.029805485159158707,0.02724876720458269,0.0008294362924061716
36,0.13732074946165085,0.8404841423034668,0.021883866749703884,0.022854416631162167,0.0007314241956919432,0.021673109382390976,0.023695820942521095,0.0007525087567046285,0.021493472158908844,0.023467944003641605,0.0007681886199861765
37,0.11680025979876518,0.4586295783519745,0.017767799086868763,0.020743689499795437,0.0006677195779047906,0.017611512914299965,0.020371961407363415,0.0006938750739209354,0.01756202708929777,0.02066375780850649,0.0007179201929830015
38,0.20956383645534515,0.47290048003196716,0.028513439930975437,0.041994279250502586,0.0007650624611414969,0.02821959648281336,0.03923664800822735,0.000790814432548359,0.02803029026836157,0.041199115104973316,0.0008145921456161886
39,0.16347696259617805,0.5395328998565674,0.02797736693173647,0.02877165377140045,0.000806076277513057,0.0276620639488101,0.02884565945714712,0.0008402747334912419,0.027444946579635143,0.020258105359971523,0.0008708162058610469
40,0.11217015609145164,0.44170746207237244,0.017572614364326,0.018752303905785084,0.0006815938104409724,0.017319520004093647,0.01991145685315132,0.0007271420035976917,0.017268644645810127,0.019165209960192442,0.0007716685358900577
41,0.24260573089122772,0.5225185751914978,0.045898374170064926,0.03776571340858936,0.0008460539393126965,0.04574134014546871,0.038339536637067795,0.0009008599154185504,0.045639028772711754,0.026530259288847446,0.0009445559699088335
42,0.1307968869805336,1.3379284143447876,0.020317531190812588,0.02264709584414959,0.0007167014409787953,0.020437206141650677,0.022204464301466942,0.0007667921017855406,0.020757237449288368,0.0221376558765769,0.0008122065337374806
43,0.22529849410057068,0.3952207565307617,0.028573538176715374,0.04638921748846769,0.000960817385930568,0.0281826825812459,0.04514501988887787,0.00100214674603194,0.028077995404601097,0.04592765308916569,0.001039413211401552
44,0.12827806919813156,0.32840442657470703,0.01714798342436552,0.025286566466093063,0.0008618596184533089,0.016725233756005764,0.025368480943143368,0.0009108875528909266,0.01661711186170578,0.024405445903539658,0.0009544960921630263
45,0.20534544438123703,0.3496944010257721,0.031908176839351654,0.03595935367047787,0.000863661669427529,0.03187682572752237,0.03525601513683796,0.0009009443456307054,0.031921944580972195,0.03572381939738989,0.000934707437409088
46,0.28428763151168823,1.1312094926834106,0.03995961882174015,0.053563520312309265,0.0009350949840154499,0.03952428512275219,0.057138076052069664,0.0009744944400154054,0.03924059122800827,0.05194547213613987,0.001006474019959569
47,0.23816530406475067,0.6604203581809998,0.037724151276052,0.022648132406175137,0.0009670952276792377,0.037428404204547405,0.022550407331436872,0.0010026447707787156,0.03727301210165024,0.07753853593021631,0.0010329272481612861
48,0.1277315840125084,0.9598907232284546,0.02290801890194416,0.019096196629107,0.0007272567017935216,0.022507047280669212,0.020093019120395184,0.0007768645009491593,0.0222106846049428,0.018591249361634254,0.0008212486864067614
49,0.12199593335390091,0.409878671169281,0.01793725322932005,0.022207805886864662,0.0007933443994261324,0.017606559209525585,0.022020976524800062,0.000839768850710243,0.017479599453508854,0.022228034678846598,0.0008825936529319733
50,0.11445608735084534,0.9725063443183899,0.019895445555448532,0.017372448928654194,0.0007286053150892258,0.019262749701738358,0.017908088862895966,0.0007792631513439119,0.018715597689151764,0.018971389159560204,0.0008224986668210477
51,0.2290700301527977,1.3914332389831543,0.03951658867299557,0.037442262284457684,0.0009420228307135403,0.038610201328992844,0.03595035523176193,0.0009993622079491615,0.03781186603009701,0.036752198822796345,0.0010451722773723304
52,0.17066116631031036,1.6472175121307373,0.026571608148515224,0.022056286223232746,0.000865511130541563,0.026626811362802982,0.03296459000557661,0.0009155192819889635,0.027222448959946632,0.032481477595865726,0.0009569122921675444
53,0.17346051335334778,0.915684700012207,0.03126745577901602,0.02516003977507353,0.0008952570497058332,0.031140576116740704,0.02593506220728159,0.0009572771086823195,0.031208054162561893,0.02588440664112568,0.0010123889078386128
54,0.15159274265170097,0.4942595064640045,0.02836181316524744,0.02276642993092537,0.0008070553885772824,0.02755449339747429,0.021409109234809875,0.000877901038620621,0.02698368951678276,0.021892180666327477,0.0009400728158652782
55,0.22611654177308083,3.285032033920288,0.04530255403369665,0.029283981770277023,0.0007099765352904797,0.046609983779489994,0.027033005841076374,0.0007791352982167155,0.0481933644041419,0.027369052171707153,0.0008355030731763691
56,0.08793870732188225,2.869551658630371,0.01241726242005825,0.015432692132890224,0.0006202741351444274,0.01295328326523304,0.015005211811512709,0.0007061836658976972,0.014137867372483015,0.0158920600079,0.0007738693675491959
57,0.20989517867565155,1.4633407592773438,0.03499571606516838,0.037473006173968315,0.0007863212958909571,0.03519207611680031,0.03904048912227154,0.0008378594357054681,0.035775997675955296,0.024908176623284817,0.0008855357300490141
58,0.15589894354343414,0.758108377456665,0.02018443588167429,0.03517678752541542,0.0008791346335783601,0.020101596601307392,0.029351353645324707,0.0009217798942700028,0.020390712656080723,0.027934933081269264,0.0009582093916833401
59,0.18323766812682152,2.1811201572418213,0.030439477879554033,0.0287896899972111,0.0005759824998676777,0.030818618834018707,0.02989354683086276,0.0006303735717665404,0.03160299779847264,0.02980605512857437,0.000680925149936229
60,0.11457152664661407,0.9358155727386475,0.019191651605069637,0.01958956941962242,0.0006463215104304254,0.018747386522591114,0.01666637323796749,0.0006885385082568973,0.018342371098697186,0.019977868534624577,0.0007214456563815475
61,0.28158269822597504,1.9801688194274902,0.058121973648667336,0.03441682178527117,0.000915274751605466,0.05751095153391361,0.035737523809075356,0.0009455995750613511,0.056912995874881744,0.036050657741725445,0.0009709108853712678
62,0.08602889813482761,0.5405005216598511,0.014278736431151628,0.012511962559074163,0.0005309029220370576,0.013944759499281645,0.01473832968622446,0.0005660809547407553,0.013772150967270136,0.015086750034242868,0.0005992202932247892
63,0.21775056794285774,1.2421119213104248,0.029896976426243782,0.04326533619314432,0.0008350822026841342,0.029500870034098625,0.04240666143596172,0.0008604189788457006,0.029153848998248577,0.04094722494482994,0.0008841577218845487
64,0.26340266317129135,1.3374046087265015,0.04731959570199251,0.041203051805496216,0.0009266311535611749,0.046852895990014076,0.0374966636300087,0.0009491474484093487,0.046433224342763424,0.04125214461237192,0.0009693228348623961
65,0.19079285115003586,0.5330791473388672,0.02989460527896881,0.02770119346678257,0.0009133985731750727,0.029827487654983997,0.03205334395170212,0.0009354663488920778,0.02985121589154005,0.0386600848287344,0.0009560617909301072
66,0.21361123025417328,0.9405753016471863,0.03775701764971018,0.022885876707732677,0.0007592441979795694,0.03796546161174774,0.03725474141538143,0.0007804926135577261,0.03822348639369011,0.03718108404427767,0.0008038277155719697
67,0.1175406388938427,0.6650546193122864,0.021961557678878307,0.013041916768997908,0.0005207047215662897,0.021570462035015225,0.024637347785755992,0.0005749223637394607,0.021576770581305027,0.013036920223385096,0.000620038656052202
68,0.2453051507472992,1.24920654296875,0.05256965756416321,0.03181387111544609,0.000609043927397579,0.05214764177799225,0.027354980818927288,0.0006270570447668433,0.05172261595726013,0.027817973867058754,0.0006423045124392956
69,0.11435502022504807,0.9871841669082642,0.017573710530996323,0.018536212854087353,0.0006031167577020824,0.017557473853230476,0.020794881507754326,0.0006436894182115793,0.01761738397181034,0.020357079803943634,0.0006714693736284971
70,0.16140688955783844,1.0477831363677979,0.027931883931159973,0.03062691818922758,0.0006475758273154497,0.027372409589588642,0.029312023892998695,0.0006867227202747017,0.026852895505726337,0.017256267368793488,0.0007201932603493333
71,0.2109706923365593,1.4380922317504883,0.045857490971684456,0.024747416377067566,0.0007626578444615006,0.04519762843847275,0.024627547711133957,0.0007919041672721505,0.04455273970961571,0.02361716330051422,0.0008161446312442422
72,0.1465655118227005,0.8881324529647827,0.03011749405413866,0.018804374150931835,0.0007198633975349367,0.029629958793520927,0.018770522437989712,0.0007623149431310594,0.029217034578323364,0.017743603326380253,0.0008003449765965343
73,0.15949565172195435,0.6192284226417542,0.026512996293604374,0.022721685469150543,0.000845857139211148,0.02620556578040123,0.02188323624432087,0.0008793085289653391,0.026291074231266975,0.03324379865080118,0.0009121267939917743
74,0.13178489357233047,0.6885887384414673,0.01731956098228693,0.026321428827941418,0.0008909991011023521,0.016919737681746483,0.02502006385475397,0.000932987779378891,0.01706380769610405,0.026345991529524326,0.0009703128598630428
75,0.2660854160785675,1.1028565168380737,0.0457354411482811,0.04660838656127453,0.0007822394836694002,0.04507637023925781,0.041021378710865974,0.000811413221526891,0.044647229835391045,0.04056346323341131,0.0008394914329983294
76,0.18875598907470703,0.495037317276001,0.028447420336306095,0.031823000870645046,0.0008417458739131689,0.028037945739924908,0.03529826644808054,0.0008880933746695518,0.0279237637296319,0.034567227587103844,0.0009285364649258554
77,0.19428052380681038,0.7876909375190735,0.028284010477364063,0.03386775217950344,0.0008136811957228929,0.028265698812901974,0.03484279941767454,0.0008704358770046383,0.02847026102244854,0.03794264513999224,0.0009232411975972354
78,0.14226029068231583,1.2744470834732056,0.02044454775750637,0.02436298318207264,0.0008961439307313412,0.02072441764175892,0.026624687016010284,0.0009510556410532445,0.021481228061020374,0.025777206756174564,0.0009980177856050432
79,0.16822480410337448,0.6306269764900208,0.026735742576420307,0.028803372755646706,0.0006711816531606019,0.02616896014660597,0.029209106229245663,0.0007489174022339284,0.025865106843411922,0.029209529981017113,0.0008128811314236373
80,0.23135779425501823,0.7668743133544922,0.0465073361992836,0.029677243903279305,0.0007857964665163308,0.045764329843223095,0.03063199296593666,0.0008345521055161953,0.04537291266024113,0.030904934741556644,0.0008786869584582746
81,0.055353907868266106,2.546186685562134,0.00866630394011736,0.008027606643736362,0.0004941535298712552,0.009186725597828627,0.008375649806112051,0.0005456104991026223,0.010466561187058687,0.00893871346488595,0.0006525807548314333
82,0.1903620883822441,0.4530031979084015,0.03795633651316166,0.028016503900289536,0.000796907494077459,0.037728168070316315,0.018362486734986305,0.0008462588884867728,0.03779567964375019,0.02796828281134367,0.0008914725040085614
83,0.20822998136281967,0.4103793799877167,0.028117414563894272,0.04202098585665226,0.0007895816524978727,0.027719425037503242,0.040913148783147335,0.0008358869235962629,0.02783345989882946,0.03912748955190182,0.0008725848165340722
84,0.23055613040924072,1.4279695749282837,0.039493627846241,0.03759640455245972,0.0009321745601482689,0.038517024368047714,0.038220180198550224,0.000982561963610351,0.037622831761837006,0.03616438712924719,0.0010269421036355197
85,0.25829750299453735,0.5566533803939819,0.046797916293144226,0.016445237211883068,0.0008329894917551428,0.04651566594839096,0.07127142790704966,0.0008960211707744747,0.04631536081433296,0.0282707242295146,0.0009521509055048227
86,0.37442056834697723,0.658172070980072,0.040887472219765186,0.0807491485029459,0.0009825009619817138,0.04106853995472193,0.08599323779344559,0.0010188659653067589,0.041492349468171597,0.08117583580315113,0.0010526449768804014
87,0.2754782661795616,1.4607504606246948,0.052600628696382046,0.03672715276479721,0.0008535527158528566,0.051659188233315945,0.04026923514902592,0.0008962831925600767,0.05076190363615751,0.04077460616827011,0.0009357177768833935
88,0.21196777373552322,1.154916763305664,0.03498460724949837,0.03962240368127823,0.0008589612843934447,0.03514498379081488,0.023792840540409088,0.0009117824956774712,0.03572413790971041,0.03997032530605793,0.0009577202727086842
89,0.15720518678426743,1.0294541120529175,0.026195154525339603,0.021032345481216908,0.0007534096657764167,0.025985049083828926,0.02742212451994419,0.000803505681687966,0.026300261728465557,0.027869262732565403,0.0008440740639343858
90,0.18929164111614227,1.4115239381790161,0.029828826896846294,0.03303712420165539,0.0008053351193666458,0.02891470491886139,0.033938284032046795,0.0008432903268840164,0.028125395067036152,0.032921682111918926,0.0008769911364652216
91,0.14236772060394287,0.3947826623916626,0.028594727627933025,0.018925262615084648,0.0006551671540364623,0.028298847377300262,0.016959793865680695,0.0006977151206228882,0.028354337438941002,0.01914784125983715,0.0007340372540056705
92,0.2555571272969246,1.2330524921417236,0.04971212986856699,0.034016373567283154,0.0006863789167255163,0.05025256238877773,0.03437207546085119,0.0007247041503433138,0.05095001216977835,0.034086378291249275,0.0007565029663965106
93,0.3179944381117821,1.4474883079528809,0.04808325879275799,0.07512151263654232,0.0009503289184067398,0.047161687165498734,0.0768466554582119,0.000985989230684936,0.04632052220404148,0.021503392606973648,0.0010210967739112675
94,0.1505044773221016,0.7896922826766968,0.028226115740835667,0.019805682823061943,0.0006935669225640595,0.028223635628819466,0.02183355577290058,0.0007439568289555609,0.028518942184746265,0.021673073060810566,0.000785946729592979
95,0.21983991377055645,0.9192697405815125,0.04274991201236844,0.025668256916105747,0.0006778001697966829,0.042515899520367384,0.03155017551034689,0.0007322653254959732,0.04236546531319618,0.03279664600268006,0.0007835021824575961
96,0.20376168936491013,0.5516398549079895,0.028215921483933926,0.04079956375062466,0.0007798303267918527,0.02787954080849886,0.03729861229658127,0.0008142365259118378,0.027976428158581257,0.03915433119982481,0.0008432231843471527
97,0.12053526192903519,0.4573417603969574,0.017810668796300888,0.023395607247948647,0.0007928862469270825,0.017457791604101658,0.021968542598187923,0.0008432580216322094,0.01743411459028721,0.019948601722717285,0.000883797649294138
98,0.19413110613822937,0.7033942341804504,0.028736138716340065,0.03518373239785433,0.0009343094425275922,0.028103324584662914,0.034932573325932026,0.0009699925722088665,0.027784441597759724,0.03648736886680126,0.0009992211707867682
99,0.20901308208703995,0.8416653871536255,0.029739283956587315,0.042861687019467354,0.0009205232199747115,0.029773221351206303,0.04057813435792923,0.0009516726713627577,0.0301683796569705,0.03304068185389042,0.0009794897341635078
100,0.20115730166435242,0.4436483085155487,0.037860273383557796,0.027552700601518154,0.0007086872356012464,0.0377704706043005,0.029158289544284344,0.0007373201660811901,0.0377331143245101,0.02887445967644453,0.0007619881071150303
101,0.18802540004253387,0.7354658246040344,0.03203587140887976,0.03111894056200981,0.0008351288561243564,0.031997901387512684,0.026635736227035522,0.0008704051142558455,0.032230714336037636,0.031400443986058235,0.0009002651204355061
102,0.1644476130604744,0.3964451849460602,0.026241598650813103,0.026321308687329292,0.0007822183542884886,0.026189119555056095,0.026500514708459377,0.0008131792419590056,0.026249930262565613,0.030509427189826965,0.000840319786220789
103,0.20808237418532372,0.7930845618247986,0.035249119624495506,0.034717679023742676,0.0006764333229511976,0.03519631642848253,0.031945173628628254,0.000711612548911944,0.035279689356684685,0.03355803806334734,0.00074831597157754
104,0.15600089356303215,0.617693305015564,0.024033955298364162,0.028866761596873403,0.0006655961333308369,0.023646474350243807,0.028100906871259212,0.0007237766112666577,0.023773930501192808,0.025412405375391245,0.0007770882803015411
105,0.24888990819454193,0.3586382269859314,0.03161911014467478,0.048576535657048225,0.000949802139075473,0.03146070893853903,0.04795008338987827,0.0009694453328847885,0.031595006585121155,0.05478166602551937,0.0009875611867755651
106,0.2454584836959839,0.3929745554924011,0.04411909729242325,0.044968174770474434,0.0006750611355528235,0.04403899051249027,0.046299178153276443,0.0007070607389323413,0.04401067644357681,0.019903731532394886,0.000736500252969563
107,0.17605610564351082,0.3453139662742615,0.03432205971330404,0.021587747149169445,0.0006368790636770427,0.034157952293753624,0.020810715854167938,0.000664008577587083,0.03407853003591299,0.029110902920365334,0.0006873072707094252
108,0.1238686740398407,0.4463864862918854,0.018083646893501282,0.02395503595471382,0.0006672081653960049,0.017838911153376102,0.022041196934878826,0.0006978833116590977,0.017686575651168823,0.02217524591833353,0.0007229756738524884
109,0.25060325860977173,1.5560487508773804,0.04706022050231695,0.040561262518167496,0.0008536177629139274,0.0464991657063365,0.03478455264121294,0.0008721086487639695,0.046010248363018036,0.03307349048554897,0.0008885918068699539
110,0.2702002003788948,1.503810167312622,0.05848022177815437,0.035963731817901134,0.0007887457613833249,0.05789993703365326,0.02909026015549898,0.0008060425170697272,0.05735385976731777,0.028995735570788383,0.0008216680726036429
111,0.18054503202438354,1.0092135667800903,0.034619104117155075,0.021518067456781864,0.0006682843959424645,0.034132758155465126,0.027282539755105972,0.0006876596016809344,0.03376090154051781,0.02716938592493534,0.0007063377124723047
112,0.12214036658406258,0.545129120349884,0.020664497278630733,0.018910654354840517,0.0006941296742297709,0.020550889894366264,0.02032457757741213,0.0007215096266008914,0.0205475352704525,0.018979885149747133,0.0007466839160770178
113,0.19777996838092804,0.43556517362594604,0.03900735825300217,0.021637391299009323,0.0006983439088799059,0.03893385920673609,0.03488074894994497,0.0007250226917676628,0.038978311233222485,0.022169324569404125,0.000749614933738485
114,0.25307533144950867,0.9818036556243896,0.0463217468932271,0.03825473226606846,0.0008311599958688021,0.04545290023088455,0.0378574151545763,0.0008545292657800019,0.044839538633823395,0.03778861369937658,0.0008747171377763152
115,0.33795875310897827,1.0093752145767212,0.06407323479652405,0.052674951031804085,0.0008275329892057925,0.06344024278223515,0.0463001374155283,0.0008567952027078718,0.06288222037255764,0.046019261702895164,0.0008843834220897406
116,0.25725382566452026,0.9879316687583923,0.03727868013083935,0.05108385160565376,0.0008082941931206733,0.036880746483802795,0.04002373665571213,0.0008612434030510485,0.03719480521976948,0.05221934616565704,0.0009031285590026528
117,0.11910168454051018,0.3958263099193573,0.02116589993238449,0.017649803310632706,0.0006668427085969597,0.02034581918269396,0.01912695448845625,0.0007266941538546234,0.020118452608585358,0.018520692363381386,0.000780528032919392
118,0.20105285942554474,0.4238303601741791,0.03144736774265766,0.03622633405029774,0.0008700649777892977,0.031114595010876656,0.035215895622968674,0.0009197714971378446,0.031049815006554127,0.03324433136731386,0.0009646830731071532
119,0.31952740252017975,0.7250423431396484,0.054550064727663994,0.08736668154597282,0.0008749985136091709,0.0541720874607563,0.033082070760428905,0.0009272852330468595,0.05390561558306217,0.033672317396849394,0.0009762834233697504
120,0.28034816682338715,0.9338122010231018,0.05428997427225113,0.020236113108694553,0.00087817243183963,0.05360924080014229,0.07587387040257454,0.0009330700850114226,0.05308861844241619,0.020453414414077997,0.000985696038696915
121,0.16593977808952332,2.1429266929626465,0.027817237190902233,0.028146746568381786,0.0008661982137709856,0.02828989550471306,0.020258355885744095,0.0009523688349872828,0.02935658022761345,0.029232571832835674,0.0010198288946412504
122,0.31446900963783264,0.8935530185699463,0.06402299739420414,0.03887596353888512,0.0008307378739118576,0.06293578259646893,0.03919665329158306,0.0009164618968497962,0.06196857802569866,0.04473260045051575,0.0009892280213534832
123,0.15949595719575882,2.999276638031006,0.019875938538461924,0.03363393619656563,0.0009092758991755545,0.02068727370351553,0.02988969348371029,0.000983550155069679,0.02256288193166256,0.029906658455729485,0.0010467528773006052
124,0.1953159049153328,2.367185354232788,0.028151136822998524,0.03515417966991663,0.000856479280628264,0.028733517974615097,0.03356141783297062,0.0009441665606573224,0.029881189577281475,0.03701478336006403,0.0010190299362875521
125,0.11827168986201286,0.3508875370025635,0.020882434211671352,0.017638945020735264,0.0007006173836998641,0.01977283228188753,0.01898071076720953,0.0007861216436140239,0.019373142160475254,0.019279617816209793,0.0008572685183025897
126,0.2134024053812027,1.603506326675415,0.028134250082075596,0.042868722230196,0.0008085824374575168,0.02840995416045189,0.041667052544653416,0.0008761690114624798,0.029414146207273006,0.04028915334492922,0.0009343704441562295
127,0.3415815681219101,0.8933431506156921,0.06370412930846214,0.04549587704241276,0.0008473178604617715,0.06275231949985027,0.051057349890470505,0.000902305415365845,0.06193328835070133,0.05393763817846775,0.0009513414115644991
128,0.14663229510188103,0.5491201877593994,0.022839886136353016,0.027454900555312634,0.0007197082159109414,0.022336598485708237,0.026461721397936344,0.0007854680588934571,0.022257565520703793,0.022934100590646267,0.0008423487888649106
129,0.20423121750354767,0.5927514433860779,0.028438670560717583,0.039382797200232744,0.000803058675955981,0.027841949835419655,0.03907987289130688,0.0008582224254496396,0.027717784978449345,0.03919343464076519,0.0009154216677416116
130,0.14894723147153854,0.826337993144989,0.028194379061460495,0.020707160234451294,0.0008081101113930345,0.027208560146391392,0.021590479649603367,0.0008764945087023079,0.02650424838066101,0.022118876688182354,0.0009389100596308708
131,0.1809406578540802,0.7926117181777954,0.034120806492865086,0.02269257977604866,0.0006746123253833503,0.03402014169842005,0.02958352491259575,0.0007285095343831927,0.034122318029403687,0.024221941828727722,0.0007762184250168502
132,0.22455108910799026,0.8676329255104065,0.028194046579301357,0.045214044861495495,0.0009633261361159384,0.028125545009970665,0.044904257170856,0.00100665568606928,0.028666265308856964,0.046434239484369755,0.0010427003144286573
133,0.13916471973061562,0.47954466938972473,0.02905163634568453,0.016498133540153503,0.0006686107080895454,0.02856410574167967,0.01743887923657894,0.0007184481073636562,0.028283256106078625,0.017175884917378426,0.0007657624373678118
134,0.26796720921993256,1.3845545053482056,0.057263338938355446,0.0254814550280571,0.0006902711465954781,0.05807702988386154,0.03217134904116392,0.0007357565336860716,0.059064269065856934,0.03370762336999178,0.0007761322194710374
135,0.16899987310171127,0.33975282311439514,0.024605623446404934,0.03185863047838211,0.0008344831585418433,0.024462887085974216,0.028483019210398197,0.0008713240385986865,0.024607382714748383,0.03237160108983517,0.0009049158543348312
136,0.2095070704817772,0.9874646067619324,0.02936337050050497,0.0390124162659049,0.0008497400558553636,0.02859534788876772,0.03979061730206013,0.0008864239498507231,0.02810229081660509,0.04198676533997059,0.0009200939966831356
137,0.1847601681947708,0.761653482913971,0.035571612417697906,0.01761112827807665,0.0006610971176996827,0.034870220348238945,0.030204344540834427,0.0007335817208513618,0.03430694341659546,0.030006459914147854,0.0007947743870317936
138,0.13167395442724228,0.846838116645813,0.01681714504957199,0.027408594265580177,0.0008242092444561422,0.016751695424318314,0.025678155943751335,0.0008759598131291568,0.01701484713703394,0.025379857048392296,0.0009234943136107177
139,0.15464739687740803,1.1520893573760986,0.03052946738898754,0.016934107523411512,0.0005760297644883394,0.030774235259741545,0.015139520168304443,0.0006204050732776523,0.0312339230440557,0.028175998013466597,0.0006637056649196893
140,0.21559494733810425,1.068145751953125,0.04033456742763519,0.03034948091953993,0.0007919153722468764,0.03986585885286331,0.03101419284939766,0.0008215699053835124,0.039474038407206535,0.03209111839532852,0.0008521941490471363
141,0.2367115654051304,0.895618200302124,0.04512231424450874,0.034967743791639805,0.0006949176313355565,0.04550070408731699,0.026423243805766106,0.0007270696805790067,0.04607395548373461,0.03644427843391895,0.0007573510520160198
142,0.2841651439666748,1.4844664335250854,0.052678998559713364,0.04273998364806175,0.00084001908544451,0.0517816049978137,0.04292687401175499,0.0008671699906699359,0.05093318875879049,0.04049985110759735,0.0008974591037258506
143,0.19044052064418793,1.2088243961334229,0.037287089973688126,0.02216920256614685,0.000782738090492785,0.03642517887055874,0.022460363805294037,0.0008329160627909005,0.03565601631999016,0.03395033162087202,0.0008766891551204026
144,0.19687213376164436,0.6673956513404846,0.035870060324668884,0.020105548202991486,0.0007564961852040142,0.0354688661172986,0.034415196627378464,0.0008017918153200299,0.03515363950282335,0.03345667477697134,0.0008438678632955998
145,0.1625899188220501,0.5627731084823608,0.027647231705486774,0.02850910648703575,0.0007866529922466725,0.02709462121129036,0.021321482956409454,0.00082872060011141,0.026821699924767017,0.02871726267039776,0.000863141001900658
146,0.12078262120485306,0.2701854109764099,0.01678905263543129,0.02365265693515539,0.0007845797517802566,0.01637104991823435,0.02226780354976654,0.0008282008930109441,0.016485202126204967,0.022741973400115967,0.0008621117449365556
147,0.12183234840631485,0.293079674243927,0.020963767543435097,0.01943978387862444,0.0006485381745733321,0.020391465164721012,0.02065975870937109,0.0006858576089143753,0.020238050259649754,0.0180871719494462,0.0007179536041803658
148,0.16405374556779861,0.36040210723876953,0.027841661125421524,0.026034760288894176,0.0008755145827308297,0.02706410177052021,0.026266119442880154,0.0009229053976014256,0.026723530143499374,0.02736283838748932,0.0009623072110116482
149,0.11285411566495895,1.6816329956054688,0.02206759713590145,0.014247923623770475,0.000652171263936907,0.02225611452013254,0.014783411286771297,0.000720042793545872,0.023280929308384657,0.014061116147786379,0.00078481191303581
150,0.31635183095932007,0.7278704643249512,0.04811234399676323,0.039025172125548124,0.000961486657615751,0.04753449559211731,0.037048333790153265,0.0009944229386746883,0.04736649617552757,0.0942823588848114,0.0010267270845361054
151,0.15551630593836308,0.5860357880592346,0.024145119357854128,0.028277962235733867,0.0006857030093669891,0.023751305881887674,0.02659033890813589,0.000749825790990144,0.023911157622933388,0.02659633383154869,0.0008085535373538733
152,0.1600540727376938,0.3850068747997284,0.02700809668749571,0.018718690611422062,0.0008340503263752908,0.02619144693017006,0.028831856325268745,0.0008979529666248709,0.026057341136038303,0.03056295868009329,0.0009516695572528988
153,0.20742040127515793,1.0817780494689941,0.029580989852547646,0.03875965438783169,0.0009331459878012538,0.02973515447229147,0.03310156986117363,0.0009782692068256438,0.03046798799186945,0.04284530319273472,0.0010183252161368728
154,0.12040869146585464,0.5444989800453186,0.01624867506325245,0.02354243118315935,0.0007246808963827789,0.01613044086843729,0.02373415045440197,0.0007761823944747448,0.016439304687082767,0.021990813314914703,0.000822013127617538
155,0.21554282680153847,0.7092136740684509,0.042040704283863306,0.03207470942288637,0.0006792743515688926,0.04113454045727849,0.024012711364775896,0.0007408009259961545,0.040540050249546766,0.03351922892034054,0.0008008099684957415
156,0.2637791931629181,0.5598084330558777,0.03731285221874714,0.04863053373992443,0.0009079844458028674,0.03682538494467735,0.05047977529466152,0.0009415874374099076,0.036791522055864334,0.0509168840944767,0.0009726624120958149
157,0.2262813225388527,1.466938853263855,0.046811035834252834,0.02918931096792221,0.0007736666011624038,0.04568809736520052,0.028814964462071657,0.0008205494668800384,0.04467545635998249,0.02864297479391098,0.000865271664224565
158,0.07988930493593216,0.969636082649231,0.012297939509153366,0.012583850184455514,0.0005289139808155596,0.011921718716621399,0.014564543962478638,0.0006020358705427498,0.012331028934568167,0.014392755925655365,0.0006665210821665823
159,0.29230622947216034,0.6466116905212402,0.040592798963189125,0.07426256872713566,0.0008925201836973429,0.04077420849353075,0.07431903574615717,0.0009304775157943368,0.04108852706849575,0.018479865044355392,0.0009662292432039976
160,0.12609805911779404,0.9610594511032104,0.02225858625024557,0.01843013521283865,0.0006864126189611852,0.021298881620168686,0.02055894210934639,0.0007357045833487064,0.020710133016109467,0.020639149472117424,0.0007801135652698576
161,0.35793401300907135,0.5765082836151123,0.07461913302540779,0.053261518478393555,0.0007945676916278899,0.07440270856022835,0.04309445060789585,0.000839044718304649,0.07431422919034958,0.03572459518909454,0.0008837550994940102
162,0.11942355707287788,0.5613842010498047,0.017465149983763695,0.02330910973250866,0.0007287371263373643,0.016865277662873268,0.02130703255534172,0.0007889891276136041,0.016690030694007874,0.021425864659249783,0.000843365240143612
163,0.25381213426589966,1.7397507429122925,0.04985282011330128,0.0317132668569684,0.0008128552581183612,0.04814870469272137,0.03705576807260513,0.0008589398639742285,0.046758689917624,0.03770578093826771,0.0009053161484189332
164,0.19886457920074463,0.6053206920623779,0.03365381993353367,0.0323626734316349,0.000862700049765408,0.03258830960839987,0.03345474507659674,0.0009177239262498915,0.03187481965869665,0.03218267299234867,0.0009671215084381402
165,0.20106276124715805,0.5871824622154236,0.03108432237058878,0.036311895586550236,0.000865171488840133,0.03053884394466877,0.03472888842225075,0.0009075431153178215,0.030377520248293877,0.03529892023652792,0.0009496465791016817
166,0.1285146176815033,0.9707175493240356,0.02086303848773241,0.021295392885804176,0.0008005790587048978,0.020569175481796265,0.02001731749624014,0.0008681773906573653,0.020995150320231915,0.02217953559011221,0.0009262536477763206
167,0.08366051129996777,1.5417487621307373,0.013152528088539839,0.01396821578964591,0.00063877715729177,0.012686647940427065,0.014453744981437922,0.0007558700744993985,0.013480179011821747,0.013681559823453426,0.0008429870067629963
168,0.22304785251617432,1.298117995262146,0.037837143056094646,0.03398232068866491,0.0008810785948298872,0.038165814243257046,0.035112081095576286,0.00094602070748806,0.038977197371423244,0.0361442007124424,0.0010019867331720889
169,0.15433692932128906,1.2717900276184082,0.028499355539679527,0.02182793617248535,0.0008070200856309384,0.028407235629856586,0.021211983636021614,0.0008864501724019647,0.02909896243363619,0.022650999017059803,0.0009469815995544195
170,0.11407645046710968,0.6277570724487305,0.016453656367957592,0.019983381032943726,0.0007147563446778804,0.016060031950473785,0.021757991053164005,0.0007818835729267448,0.01640480849891901,0.021079061552882195,0.0008408749417867512
171,0.24738961830735207,1.3040084838867188,0.04587017558515072,0.032433558255434036,0.0008514169021509588,0.0445788586512208,0.03867615293711424,0.0009054994734469801,0.04354952834546566,0.039572443813085556,0.0009519811137579381
172,0.19136524945497513,0.606101393699646,0.027948432601988316,0.03666276019066572,0.0008167861378751695,0.027570377103984356,0.03255085088312626,0.0008786804392002523,0.027400861494243145,0.03660247568041086,0.000934021983994171
173,0.2766925245523453,1.0555129051208496,0.038346161134541035,0.0711321597918868,0.0008469398890156299,0.037424949929118156,0.07190723530948162,0.0009030929068103433,0.036569297313690186,0.018610979430377483,0.0009517025901004672
174,0.22136008739471436,0.6273945569992065,0.03159671928733587,0.0402086041867733,0.0009579073521308601,0.03100023977458477,0.039666786789894104,0.0010012793354690075,0.030641697347164154,0.04524593986570835,0.0010409137466922402
175,0.2678677663207054,0.8031656742095947,0.05445905216038227,0.03318323288112879,0.0006960649334359914,0.05475116707384586,0.03371552471071482,0.0007705974276177585,0.05532393790781498,0.03413362056016922,0.0008345581009052694
176,0.13570766150951385,0.4483811557292938,0.021110047586262226,0.022862602956593037,0.0008480839314870536,0.020673876628279686,0.024605995044112206,0.0009093036642298102,0.020863930694758892,0.02287392783910036,0.0009598977048881352
177,0.2622036263346672,0.7546936273574829,0.05428430624306202,0.03415945917367935,0.000776357454014942,0.05465185455977917,0.026682334952056408,0.0008307535608764738,0.05548563413321972,0.03445362485945225,0.0008793041342869401
178,0.250973105430603,1.0637624263763428,0.038776783272624016,0.04461092222481966,0.000961791374720633,0.03785616159439087,0.04583011753857136,0.0010077153565362096,0.03736443445086479,0.043517105281353,0.0010480763157829642
179,0.16454696655273438,0.42360207438468933,0.022373151034116745,0.032416111789643764,0.0007576703792437911,0.021964569576084614,0.03333695977926254,0.0008215120760723948,0.021830660291016102,0.03017493709921837,0.0008713939459994435
180,0.17853234335780144,0.9433541893959045,0.027783941477537155,0.03225429728627205,0.0007881329511292279,0.026757873594760895,0.03105117566883564,0.0008423832186963409,0.026246379129588604,0.031921837478876114,0.0008863183320499957
181,0.21105241775512695,0.43310678005218506,0.04353615455329418,0.021315562538802624,0.000819891196442768,0.04332570731639862,0.0352958245202899,0.0008779317722655833,0.043531181290745735,0.021422925405204296,0.0009272401803173125
182,0.33630311489105225,1.0921343564987183,0.057048799470067024,0.05276956595480442,0.0009454648243263364,0.055791374295949936,0.05195917375385761,0.0009887464111670852,0.055012183263897896,0.060756437480449677,0.001031365361995995
183,0.2265506163239479,1.100417971611023,0.028198840096592903,0.04695592448115349,0.0009753344929777086,0.02812936995178461,0.046223641373217106,0.001034861314110458,0.028919280506670475,0.04503228608518839,0.0010810818639583886
184,0.2038144450634718,1.2734102010726929,0.04074418032541871,0.02042174804955721,0.0006112268893048167,0.041232308838516474,0.02838870882987976,0.00067420449340716,0.04221660178154707,0.0287551311776042,0.0007703218725509942
185,0.188352320343256,0.663510799407959,0.035428958013653755,0.03389229346066713,0.0007510508876293898,0.03456392604857683,0.02358091715723276,0.0008203465840779245,0.033952380530536175,0.024490095674991608,0.0008723452920094132
186,0.21437619626522064,0.7351151704788208,0.036979686468839645,0.03432916942983866,0.0008565422031097114,0.03598867356777191,0.03225518763065338,0.0009566909866407514,0.03554419055581093,0.036425311118364334,0.0010407421796116978
187,0.16337885707616806,0.6894849538803101,0.027750423178076744,0.026632817462086678,0.0009157781896647066,0.026817042380571365,0.02650764212012291,0.0009877073462121189,0.026420017704367638,0.026298982091248035,0.0010484515805728734
188,0.14116176962852478,0.5296070575714111,0.023621153086423874,0.024184186942875385,0.0007969051075633615,0.022382576949894428,0.024075171910226345,0.000872114731464535,0.022132850252091885,0.022160199470818043,0.0009366143494844437
189,0.3015577346086502,1.7484662532806396,0.0658096894621849,0.03568121884018183,0.0009744568960741162,0.0639967042952776,0.03514378424733877,0.0010316568659618497,0.06226327270269394,0.035569991916418076,0.001086939766537398
190,0.11970093846321106,0.9147585034370422,0.01694907806813717,0.0220001433044672,0.0007508257695008069,0.017085721716284752,0.020486715249717236,0.000819734763354063,0.017993993125855923,0.02273856196552515,0.0008761705830693245
191,0.22840241342782974,0.7700083255767822,0.04534120578318834,0.02443226333707571,0.0007654136279597878,0.044833349995315075,0.03208691254258156,0.000860302010551095,0.04634459316730499,0.03281489014625549,0.0009234737372025847
192,0.2698899433016777,0.48371607065200806,0.045984743162989616,0.027484280988574028,0.0009428479825146496,0.04526402801275253,0.01772064808756113,0.0010004968498833477,0.04500369541347027,0.08543309569358826,0.0010561090894043446
193,0.1704803705215454,0.4573706090450287,0.02747375424951315,0.028707307763397694,0.0010225451551377773,0.026575838215649128,0.02875239122658968,0.0011139538837596774,0.0266710938885808,0.028984607197344303,0.0011788762640208006
194,0.1260565221309662,1.0569080114364624,0.02012698072940111,0.01979005243629217,0.0007448135875165462,0.020493369549512863,0.020427009090781212,0.0008060678956098855,0.021401760168373585,0.021406907588243484,0.0008595573017373681
195,0.4343748390674591,1.6367151737213135,0.05641130730509758,0.0706193782389164,0.000999941723421216,0.054884377866983414,0.07064334349706769,0.001054457388818264,0.05344294384121895,0.1252075955271721,0.0011115147499367595
196,0.1152479276061058,0.47633305191993713,0.020367318764328957,0.017990547232329845,0.00070200051413849,0.01942427083849907,0.017330298200249672,0.0007768768991809338,0.019130893982946873,0.01868973020464182,0.0008359916973859072
197,0.22115496546030045,0.706782341003418,0.045284136198461056,0.02406000718474388,0.0007632600027136505,0.04439832363277674,0.026113937608897686,0.0008473116322420537,0.044072541408240795,0.034694937989115715,0.0009205125388689339
198,0.2297338992357254,0.6671806573867798,0.04386396147310734,0.03694744873791933,0.0007220961269922554,0.04319518245756626,0.03637199476361275,0.0008330135606229305,0.04266653023660183,0.024225222878158092,0.0009084490593522787
199,0.19392792880535126,0.3937761187553406,0.03748341649770737,0.03003224078565836,0.0007569359731860459,0.037060923874378204,0.028292830102145672,0.000822782953036949,0.03678818233311176,0.02181359753012657,0.0008770180284045637
200,0.24253243207931519,0.6748207211494446,0.0451611652970314,0.037787048146128654,0.0008792754379101098,0.04356553265824914,0.03085233084857464,0.0009426770848222077,0.04279122408479452,0.0395535109564662,0.0009996653534471989
