step,stage,loss,grad_norm,lr_ssr,lr_heads,lr_backbone,base/k1/edge,base/k1/global,base/k1/local,refined/k1/edge,refined/k1/global,refined/k1/local,refined/k2/edge,refined/k2/global,refined/k2/local,refined/k3/edge,refined/k3/global,refined/k3/local,ssr_max_abs_log_depth_residual,ssr_max_depth_span
701,joint,0.2362662274390459,1.616743564605713,2e-06,1e-06,0.0,0.0005656806733895792,0.03260550694540143,0.037687912641558796,0.0007275458847288974,0.02605748438509181,0.014780792931560427,0.0008254281055997126,0.025178234121995047,0.03573312272783369,0.0008993881710921414,0.024968421959783882,0.03623671631794423,0.27119654417037964,750.0
702,joint,0.15553918643854558,1.6361074447631836,2e-06,1e-06,0.0,0.0005437842592073139,0.02307071868563071,0.017751958017470315,0.0007048643019516021,0.017801607173169032,0.01801607833476737,0.000816589075839147,0.016308105579810217,0.022219690057681873,0.0008833120882627554,0.016314344422426075,0.02110812981845811,0.2739330530166626,520.0
703,joint,0.2736052358523011,1.3585765361785889,2e-06,1e-06,0.0,0.0007067145561450161,0.038566056289710104,0.03243120026309043,0.0008309479453600943,0.03365155268693343,0.030761346220970154,0.0009090187377296388,0.032371572975534946,0.033123680390417576,0.0009682341551524587,0.031978509621694684,0.037306396290659904,0.3142467439174652,908.0
704,joint,0.21099608903750777,1.5866715908050537,2e-06,1e-06,0.0,0.0005921865049458575,0.032467932091094553,0.02797446772456169,0.0007281691396201495,0.025317656283732504,0.026137400651350617,0.00080882685870165,0.022583459911402315,0.025045508984476328,0.0008669162562000565,0.021819178014993668,0.026654388522729278,0.26618099212646484,814.0
705,joint,0.17040605656802654,0.9145268201828003,2e-06,1e-06,0.0,0.0006240862639970146,0.020745952730067074,0.0265880391234532,0.000745479941542726,0.016659339831676334,0.025423069717362523,0.0008245764038292691,0.015869489696342498,0.02401634433772415,0.0008886666037142277,0.015792392601724714,0.022228617686778307,0.3235665559768677,557.0
706,joint,0.1362300692126155,0.8690637350082397,2e-06,1e-06,0.0,0.0005160232285561506,0.020185834204312414,0.017364789149723947,0.0006592061145056505,0.01638349879067391,0.015992928645573556,0.0007552802198915742,0.015044474333990365,0.016290640516672283,0.0008272713093901984,0.015046224172692746,0.01716390112414956,0.17112891376018524,696.0
707,joint,0.15602843463420868,1.4176253080368042,2e-06,1e-06,0.0,0.000547985800949391,0.02324638538993895,0.017492083075921983,0.00067013443185715,0.019640980346594006,0.015456638939213008,0.0007523767853854224,0.019570466654840857,0.0192738909390755,0.0008195194095605984,0.020050031947903335,0.01850794581696391,0.27875450253486633,481.0
708,joint,0.11718170111998916,1.6143298149108887,2e-06,1e-06,0.0,0.0004955377808073536,0.019100858364254236,0.013827616174239665,0.0006671554983768146,0.013196870568208396,0.01284707774175331,0.000762767369451467,0.012489633169025183,0.014907301752828062,0.0008334587037097663,0.012956320773810148,0.01509710232494399,0.33044156432151794,599.0
709,joint,0.15943860076367855,0.9503551125526428,2e-06,1e-06,0.0,0.0005857194337295368,0.024636131071019918,0.02039943268755451,0.0007236775127239525,0.0203120531514287,0.01873290177900344,0.0008111269125947729,0.018969743279740214,0.017078877135645598,0.0008754497248446569,0.01880971947684884,0.01750377198914066,0.3325088620185852,694.0
710,joint,0.1400779550895095,1.2186182737350464,2e-06,1e-06,0.0,0.0005878846386622172,0.01843498577363789,0.02043630217667669,0.0007144327828427777,0.0144869961659424,0.017020296538248658,0.0007941780786495656,0.013772710517514497,0.018619193171616644,0.0008551669088774361,0.013988240389153361,0.02036756824236363,0.31332021951675415,505.0
711,joint,0.14437483460642397,2.1358206272125244,2e-06,1e-06,0.0,0.0005701807640434708,0.02199502766598016,0.014550893567502499,0.000724633369827643,0.017009696952300146,0.025310378725407645,0.0008198420910048299,0.016631703736493364,0.0136689227365423,0.0008883363625500351,0.017432653374271467,0.01477256859652698,0.36885344982147217,793.0
712,joint,0.14508212264627218,0.8888882398605347,2e-06,1e-06,0.0,0.0005068603313702624,0.02049780118977651,0.020630911720218137,0.0006419506607926451,0.014998728525824845,0.020271206507459283,0.0007354479894274846,0.013645837199874222,0.020046564051881433,0.0008094108634395525,0.01385529717663303,0.01844210212584585,0.3164318799972534,697.0
713,joint,0.1897277943789959,1.0231668949127197,2e-06,1e-06,0.0,0.0005790361465187743,0.026530305040068924,0.025066992035135627,0.0007207273083622567,0.021704085113015026,0.02669651817996055,0.0007979398433235474,0.019777388777583838,0.0237430275301449,0.0008575384126743302,0.019897504535038024,0.023356738151051104,0.25666913390159607,603.0
714,joint,0.11852860497310758,1.1542341709136963,2e-06,1e-06,0.0,0.0004915950594295282,0.019202915718778968,0.012885769247077405,0.000669253793603275,0.016275994887109846,0.012617968546692282,0.0007734582322882488,0.015650087414542213,0.011440986534580588,0.0008437642463832162,0.015920762700261548,0.01175604696618393,0.23350337147712708,631.0
715,joint,0.22337252274155617,1.794258952140808,2e-06,1e-06,0.0,0.0006285434210440144,0.030915004201233387,0.032266061985865235,0.0007718291963101365,0.025274836109019816,0.027697162702679634,0.000853057332278695,0.022796072298660874,0.027455165633000433,0.0009119664027821273,0.023702315636910498,0.030100509291514754,0.23907877504825592,812.0
716,joint,0.18079843884333968,1.6794078350067139,2e-06,1e-06,0.0,0.0005385324002418201,0.025845060823485255,0.02774064429104328,0.000697318886523135,0.020865019119810313,0.027687222347594798,0.0007933846063679084,0.019882856169715524,0.018055282125715166,0.0008590695724706165,0.020181574509479105,0.01765247096773237,0.22475974261760712,788.0
717,joint,0.17288570431992412,1.1640684604644775,2e-06,1e-06,0.0,0.0005328945480869152,0.027720073354430497,0.02042256819549948,0.0006953367810638156,0.022399068635422736,0.021901590516790748,0.0007960612347233109,0.019946572283515707,0.01822394924238324,0.0008716878655832261,0.01932805124670267,0.02004784985911101,0.24779219925403595,602.0
718,joint,0.17178497812710702,0.9017174243927002,2e-06,1e-06,0.0,0.0004988145410607103,0.0284929268527776,0.012832831940613687,0.0006738708034390584,0.02078496722970158,0.01433579094009474,0.0007959998620208353,0.01811514690052718,0.026482599787414074,0.0008685438151587732,0.018751239898847416,0.02915225233300589,0.3348405659198761,491.0
719,joint,0.12321482738479972,1.0876009464263916,2e-06,1e-06,0.0,0.0004601291584549472,0.019819720298983157,0.024715677194762975,0.0006188915904203895,0.01633307329029776,0.00920981413219124,0.0007240869090310298,0.015614608040777966,0.009318618394900113,0.0008086699890554883,0.015537517931079492,0.010054025042336434,0.29188305139541626,450.0
720,joint,0.2490321476943791,1.167367935180664,2e-06,1e-06,0.0,0.0006140596015029587,0.03111159522086382,0.04438296228181571,0.0007520276813011151,0.02602702472358942,0.025376045203302056,0.0008358032137039118,0.02395827992586419,0.030749981990084052,0.0009002878214232624,0.023654797521885484,0.04066928243264556,0.29021692276000977,890.0
721,joint,0.169562513474375,0.8893187046051025,2e-06,1e-06,0.0,0.0005200668674660847,0.025160337740089744,0.02633664180757478,0.000690376189595554,0.020342557225376368,0.016036025481298566,0.0007929669009172358,0.018062708957586437,0.016717477643396705,0.0008627213392173871,0.01744970545405522,0.02659092319663614,0.22778502106666565,787.0
722,joint,0.13449078891426325,0.6918404698371887,2e-06,1e-06,0.0,0.0004967448185198009,0.020497848221566528,0.016354205727111548,0.0006454335525631905,0.01685276918578893,0.017012606898788363,0.0007374498891294934,0.015676922776037827,0.014831015287199989,0.000808172466349788,0.01502458457252942,0.015553035598713905,0.22145472466945648,480.0
723,joint,0.1763025615364313,0.826292097568512,2e-06,1e-06,0.0,0.0006102259358158335,0.024125587719026953,0.023911812342703342,0.0007547325221821666,0.018971555749885738,0.023118620680179447,0.0008389111681026407,0.016784266917966306,0.024205756722949445,0.000899648992344737,0.016651500074658543,0.025429945439100266,0.23843523859977722,595.0
724,joint,0.13532726373523474,1.255652904510498,2e-06,1e-06,0.0,0.0005843564176757354,0.01914166403003037,0.01816078636329621,0.0007262723156600259,0.015566508518531919,0.018861776683479548,0.0008157806660165079,0.014631089172326028,0.015071144793182611,0.0008845122065395117,0.014601437607780099,0.01628193526994437,0.2087346464395523,502.0
725,joint,0.14228251040913165,1.5510673522949219,2e-06,1e-06,0.0,0.0004904393590550171,0.02564037451520562,0.01728856159024872,0.000662040325551061,0.020199058344587684,0.013455492560751736,0.0007738120693829842,0.016990863892715424,0.014098744752118364,0.0008512558415532112,0.01615651769679971,0.01567535023787059,0.22839516401290894,498.0
726,joint,0.17215066496282816,0.9672030210494995,2e-06,1e-06,0.0,0.0006319767417153344,0.022722924128174782,0.023946776753291488,0.0007748965144855902,0.019217097549699247,0.020709741627797484,0.0008617471321485937,0.018057218636386096,0.02418119867797941,0.0009294641931774095,0.017560111358761787,0.02255751215852797,0.2958410382270813,518.0
727,joint,0.24477985594421625,0.7182367444038391,2e-06,1e-06,0.0,0.0006940817547729239,0.030842896201647818,0.042840399546548724,0.0008080974293989129,0.025402884231880307,0.0412241923622787,0.0008799902207101695,0.023423706006724387,0.02599470497807488,0.0009324391721747816,0.023193201108369976,0.028543262975290418,0.1788475513458252,700.0
728,joint,0.2321056299842894,0.7639814615249634,2e-06,1e-06,0.0,0.0006207441147125792,0.02663165988633409,0.033313583000563085,0.000741779509553453,0.024023720005061477,0.03303046358632855,0.000829607030027546,0.0229119288851507,0.03329201554879546,0.0008931685006245971,0.022244582185521722,0.0335723711468745,0.2775239944458008,757.0
729,joint,0.13339211605489254,0.6330060362815857,2e-06,1e-06,0.0,0.0005035138347011525,0.0204486011643894,0.0167563678114675,0.0006613577934331261,0.0156914877879899,0.016315197164658457,0.000758806214435026,0.013882060447940603,0.017651353788096458,0.0008332395809702575,0.013623186037875712,0.01626694155856967,0.22185999155044556,552.0
730,joint,0.15087368292734027,1.5167598724365234,2e-06,1e-06,0.0,0.0005419135050033219,0.018271912820637226,0.02160031843231991,0.0006744146303390153,0.015473133884370327,0.02070506475865841,0.0007578840450150892,0.015093080466613173,0.02063704066677019,0.0008223522017942742,0.015224446018692106,0.021072124654892832,0.36434420943260193,702.0
731,joint,0.1153670558705926,1.0446386337280273,2e-06,1e-06,0.0,0.0005420853085524868,0.017364226281642914,0.01370863727061078,0.000684590580931399,0.014232157613150775,0.012926595867611468,0.0007717301123193465,0.013508970325347036,0.012945808353833854,0.0008390371076529846,0.013483073562383652,0.0143601467134431,0.27587321400642395,754.0
732,joint,0.18756092246621847,1.0950140953063965,2e-06,1e-06,0.0,0.0006303840382315684,0.0274326162179932,0.03326899657258764,0.0007626482329214923,0.02043729688739404,0.030854045529849827,0.0008392328745685518,0.018310137471416965,0.017725847486872226,0.0008985554086393677,0.018346831144299358,0.018054336251225322,0.28656241297721863,599.0
733,joint,0.20332213398069143,0.8038378953933716,2e-06,1e-06,0.0,0.0006119584177213255,0.025804879376664758,0.0273559233173728,0.0007356288624578156,0.021884541434701532,0.026436698739416897,0.0008103798900265247,0.020712038327474147,0.02815062872832641,0.0008649167939438485,0.02053709392203018,0.02941745228599757,0.29963967204093933,882.0
734,joint,0.24448991543613374,0.9373425245285034,2e-06,1e-06,0.0,0.0005872241890756413,0.03208324691513553,0.02799420728115365,0.0007348412764258683,0.028902723104692996,0.02800059609580785,0.0008294476283481345,0.027378056984161958,0.04180130484746769,0.0008939523613662459,0.02694502641679719,0.02833928953623399,0.2659001052379608,749.0
735,joint,0.14055844116955996,1.3029067516326904,2e-06,1e-06,0.0,0.0005338953160389792,0.021005390444770455,0.02007168164709583,0.0006755161157343537,0.016980458225589246,0.015174155996646732,0.0007562659084214829,0.015157674148213118,0.015174523461610079,0.0008229565064539202,0.01492891664383933,0.019277005922049284,0.22700898349285126,599.0
736,joint,0.20199562469497323,1.6559312343597412,2e-06,1e-06,0.0,0.0006642924054176547,0.03149477392435074,0.024566926469560713,0.0007973486390255857,0.026889927277807146,0.021142932237125933,0.000878589075000491,0.02546663797693327,0.021836904692463577,0.0009449227145523764,0.025627239199820906,0.021685135609004647,0.36740005016326904,539.0
737,joint,0.13368059694766998,1.4423867464065552,2e-06,1e-06,0.0,0.0005496349767781794,0.02075276436517015,0.01485830100136809,0.0006874520840938203,0.016394052130635828,0.016519788186997175,0.0007706017058808357,0.015165990451350808,0.016883081232663244,0.0008322021458297968,0.015151454281294718,0.015115274640265852,0.2611411213874817,735.0
738,joint,0.26563235372304916,1.1747956275939941,2e-06,1e-06,0.0,0.0006293919977906626,0.03090762603096664,0.039592383604031056,0.0007747256313450634,0.026526654663030058,0.038096551375929266,0.0008638514264021069,0.024961361952591687,0.03859678405569866,0.0009281009552069008,0.024931643187301233,0.03882328176405281,0.24662421643733978,615.0
739,joint,0.18296285439282656,0.842765748500824,2e-06,1e-06,0.0,0.0007038770418148488,0.024513425887562335,0.025610301876440644,0.000830196171591524,0.019686009269207716,0.024185193818993866,0.0009013162271003239,0.018170948955230415,0.02402556163724512,0.0009549454407533631,0.01835008489433676,0.025030991062521935,0.24846328794956207,595.0
740,joint,0.209243459161371,1.6785283088684082,2e-06,1e-06,0.0,0.0006016766528773587,0.03185966482851654,0.023358988109976053,0.000728057260857895,0.02674433245556429,0.02519351156661287,0.000816027597466018,0.023729222011752427,0.03006071096751839,0.0008805180113995448,0.022946832526940852,0.022323920857161283,0.1864120066165924,809.0
741,joint,0.19993437360972166,1.4552642107009888,2e-06,1e-06,0.0,0.0005852234389749356,0.0277129978640005,0.019591797201428562,0.000740459632652346,0.022609250503592193,0.018593089771457016,0.0008200179217965342,0.021170423133298755,0.0329760602908209,0.0008778345509199426,0.021529378602281213,0.03272784239379689,0.2961953580379486,483.0
742,joint,0.14919351832941175,1.0490286350250244,2e-06,1e-06,0.0,0.00047153277409961447,0.028185681148897856,0.014051675476366654,0.0006340031468425877,0.022446534101618454,0.01498550793621689,0.0007391242252197117,0.020065600983798504,0.013659152609761804,0.0008148472625180148,0.02006249554688111,0.013077365991193801,0.27105000615119934,495.0
743,joint,0.1847040643915534,0.8125677704811096,2e-06,1e-06,0.0,0.0005461900364025496,0.03070541610941291,0.015140305971726775,0.0006736458199156914,0.02694246417377144,0.015957812662236392,0.0007641474294359796,0.025585070077795535,0.014271990628913045,0.0008333622754435055,0.02561088086804375,0.02767277945531532,0.3618149757385254,749.0
744,joint,0.1319719930179417,1.2123020887374878,2e-06,1e-06,0.0,0.0005865282837476116,0.018114488397259265,0.01878435051185079,0.0007089073915267363,0.014678803883725777,0.015418084629345685,0.0007896973984315991,0.013399693096289411,0.017558751424076036,0.0008542556388420053,0.013169186102459207,0.017909250513184816,0.3103804886341095,497.0
745,joint,0.09072899003513157,1.6641745567321777,2e-06,1e-06,0.0,0.0004209825965517666,0.011348298809025437,0.013443485571769997,0.0005850125126016792,0.009124261676333845,0.01242208425537683,0.0007096903136698529,0.008598078100476414,0.013053689326625317,0.0008035239152377471,0.008540569979231805,0.01167931201052852,0.259064257144928,492.0
746,joint,0.15910661779344082,1.3749052286148071,2e-06,1e-06,0.0,0.0006115543619671371,0.02263490844052285,0.023039508378133178,0.0007561796373920515,0.017454856541007757,0.021034209290519357,0.0008341448265127838,0.015435063745826483,0.01964047586079687,0.0008957741447375156,0.015034075360745192,0.021735865622758865,0.23223473131656647,505.0
747,joint,0.17665427271276712,1.2277089357376099,2e-06,1e-06,0.0,0.0005679282985511236,0.028124057920649648,0.015013194584753364,0.0007043264777166769,0.024540402926504612,0.014302157505881041,0.0007882812351454049,0.02298153337324038,0.031004317454062402,0.0008486538426950574,0.02251365687698126,0.01526577165350318,0.35803189873695374,750.0
748,joint,0.15259271441027522,0.6486401557922363,2e-06,1e-06,0.0,0.0005527484681806527,0.02366074873134494,0.019201730203349143,0.0006919676525285468,0.01885167579166591,0.019546148600056767,0.0007784208573866636,0.01681109590572305,0.015845254994928837,0.0008419199511990882,0.016306014847941697,0.019504990719724447,0.2808645963668823,765.0
749,joint,0.18301249109208584,1.7196123600006104,2e-06,1e-06,0.0,0.0006279334775172174,0.027466637548059225,0.022159641899634153,0.0007743379319435917,0.023105023603420705,0.020534994022455066,0.0008552191648050211,0.021874843165278435,0.020906474092043936,0.0009113057385548018,0.021858330175746232,0.021937747485935688,0.22671279311180115,631.0
750,joint,0.1249181549064815,0.9809812307357788,2e-06,1e-06,0.0,0.0005144137503521051,0.017030822462402284,0.01670869125518948,0.0006549345343955792,0.013380704913288355,0.015942346974043176,0.0007381557952612638,0.01248035382013768,0.01730098490952514,0.0008084019718808122,0.012314022606005892,0.01704432285623625,0.2917621433734894,563.0
751,joint,0.11915805051103234,1.0599074363708496,2e-06,1e-06,0.0,0.00048715316006564535,0.02011712407693267,0.01146324013825506,0.0006347990711219609,0.016351277707144618,0.011074895097408444,0.0007277708427864127,0.015460935304872692,0.012968789553269744,0.0007945221950649284,0.015405883255880326,0.013671657943632454,0.16269713640213013,631.0
752,joint,0.21692856098525226,0.8759002089500427,2e-06,1e-06,0.0,0.0005995868377794977,0.02564130467362702,0.03369895840296522,0.0007267758264788426,0.022038019669707865,0.023283707909286022,0.0008088229005807079,0.02079670617240481,0.033528259373269975,0.0008743154758121818,0.020566387538565323,0.034365715575404465,0.269491583108902,788.0
753,joint,0.1740127531811595,1.0605101585388184,2e-06,1e-06,0.0,0.0006043425601092167,0.025892203440889716,0.021455055568367243,0.0007300195502466522,0.021989384142216295,0.019410513690672815,0.0008084926812443882,0.02076671354006976,0.020665817777626216,0.0008667008951306343,0.02064203261397779,0.020181478932499886,0.1856256127357483,630.0
754,joint,0.18056275183334947,1.4846272468566895,2e-06,1e-06,0.0,0.0006769189458282199,0.025709234294481575,0.024111117818392813,0.0007921658834675327,0.020538599463179708,0.024159700027666986,0.0008617051717010327,0.018932796840090305,0.023363826156128198,0.0009189022457576357,0.01869349117623642,0.02180429094005376,0.272993266582489,597.0
755,joint,0.18102181609719992,1.1011229753494263,2e-06,1e-06,0.0,0.0006319604217424057,0.02414815325755626,0.024579514400102198,0.0007732178128208034,0.019314813776873052,0.024829095229506493,0.0008514735163771547,0.018185204244218767,0.024267357075586915,0.000909563917957712,0.01827520248480141,0.024256263044662774,0.1859620213508606,596.0
756,joint,0.1814661854878068,1.4110814332962036,2e-06,1e-06,0.0,0.0005670745267707389,0.031114712823182344,0.022967046999838203,0.0007203756395028904,0.023953520809300244,0.018855196598451585,0.0008051377299125306,0.02069922292139381,0.019807046570349485,0.0008606166884419508,0.020387488330015913,0.02072874701116234,0.25546592473983765,520.0
757,joint,0.15192915732041,1.0750174522399902,2e-06,1e-06,0.0,0.0005641072930302471,0.022687677177600563,0.019082464976236224,0.000698456511599943,0.01822724926751107,0.019541021960321814,0.0007779185107210651,0.015990491170668975,0.01844773773336783,0.0008400106598855928,0.015698746195994318,0.01937327644554898,0.2693525552749634,691.0
758,joint,0.19934625970199704,1.0878190994262695,2e-06,1e-06,0.0,0.0006323362613329664,0.025128966430202127,0.031946010363753885,0.0007547628265456297,0.01975421409588307,0.019830227363854647,0.0008284652212751098,0.018516784766688943,0.03152081079315394,0.0008804174576653168,0.01874502352438867,0.03080823749769479,0.25331956148147583,595.0
759,joint,0.21135530341416597,0.7502371072769165,2e-06,1e-06,0.0,0.0006935731507837772,0.031919237109832466,0.023559539346024394,0.0008254941058112308,0.026802530861459672,0.03185988496989012,0.000897477671969682,0.02441587345674634,0.02260911592748016,0.0009510491217952222,0.024172669160179794,0.022648861748166382,0.31378257274627686,786.0
760,joint,0.140265112509951,1.3685197830200195,2e-06,1e-06,0.0,0.0005477512349898461,0.02026791064417921,0.01802717597456649,0.0006860153443994932,0.017378691642079502,0.016773980867583305,0.0007729406133876182,0.016621838323771954,0.015006448986241594,0.0008420483572990634,0.016322034178301692,0.017018276790622622,0.2311297506093979,519.0
761,joint,0.16864902805536985,0.9484024047851562,2e-06,1e-06,0.0,0.0006701232450723182,0.02199461846612394,0.01763601411948912,0.0007913028675829992,0.017201888345880434,0.029847021243767813,0.0008680045284563676,0.016249811684247106,0.01585143498959951,0.000924145155295264,0.016546002181712538,0.030068662657868117,0.30348920822143555,549.0
762,joint,0.17359008640050888,0.8423348665237427,2e-06,1e-06,0.0,0.0005787745139969047,0.02676736772991717,0.0177665168303065,0.0007028309482848272,0.023201908392366022,0.01913734048139304,0.0007825614957255311,0.021879920968785882,0.020440527354367077,0.000845818969537504,0.02178595936857164,0.01970055903075263,0.19942907989025116,628.0
763,joint,0.19269166607409716,0.8319646716117859,2e-06,1e-06,0.0,0.0006214594759512693,0.026597301941365004,0.027408611262217164,0.00073125863855239,0.022172237862832844,0.025044764508493245,0.0008016798892640509,0.020382386748678982,0.024234882788732648,0.0008545238233637065,0.02026260958518833,0.023579954402521253,0.25467750430107117,748.0
764,joint,0.2349145347252488,0.6976261734962463,2e-06,1e-06,0.0,0.0006278261498664506,0.037507629254832864,0.0172646181890741,0.0007546406704932451,0.03331847884692252,0.03293470211792737,0.0008302193236886524,0.031161117658484727,0.030322765349410474,0.00088920297275763,0.03071825613733381,0.018585076788440347,0.23086507618427277,690.0
765,joint,0.11168748140335083,1.2142809629440308,2e-06,1e-06,0.0,0.0005564041239267681,0.017205835436470807,0.0129942384082824,0.0006911795135238208,0.013177540386095643,0.012435549637302756,0.0007809745875420049,0.01154468534514308,0.014714850927703083,0.0008494033754686825,0.011980870389379561,0.014755948563106358,0.2622487246990204,495.0
766,joint,0.1282989550381899,1.0399540662765503,2e-06,1e-06,0.0,0.0005214575285208412,0.020052162813954055,0.01653874258045107,0.0006584095099242404,0.014904841722454876,0.01556339644594118,0.0007411975238937885,0.013637266354635358,0.01510947587667033,0.0008014232735149562,0.014068383490666747,0.015702201635576785,0.23150932788848877,595.0
767,joint,0.2758919857442379,1.1497366428375244,2e-06,1e-06,0.0,0.0006352568598231301,0.0380306945880875,0.044262350478675216,0.0007601372781209648,0.03468046057969332,0.023242145136464387,0.0008366614274564199,0.03317877138033509,0.02302400371991098,0.0008980770799098536,0.033087657240685076,0.04325576697010547,0.20481784641742706,808.0
768,joint,0.18524530623108149,1.290226697921753,2e-06,1e-06,0.0,0.000675061448419001,0.028517932980321348,0.023399730474920943,0.0008077916791080497,0.02325264603132382,0.023067258414812386,0.00089167043188354,0.020257806812878698,0.021359032427426428,0.0009492270983173512,0.019917465251637623,0.022149686090415344,0.21127353608608246,594.0
769,joint,0.19314516987651587,0.8596038222312927,2e-06,1e-06,0.0,0.0006235378459678032,0.03262361395172775,0.0224909414537251,0.0007574553383165039,0.026503519155085087,0.021681109443306923,0.0008415866614086553,0.023526938806753606,0.019933117553591728,0.0009008334309328347,0.023004782909993082,0.020257737720385194,0.2896946966648102,746.0
770,joint,0.10709303128533065,0.7075478434562683,2e-06,1e-06,0.0,0.00043414331776148174,0.019883622211636975,0.012280918774195015,0.0006087217188905925,0.014620879461290315,0.010948233946692199,0.0007143516995711252,0.012035774911055341,0.011611383320996538,0.0007913377849035896,0.011497225612401962,0.01166643583565019,0.20465868711471558,470.0
771,joint,0.10927399527281523,0.7687586545944214,2e-06,1e-06,0.0,0.0005386286065913737,0.0166339089628309,0.014071482757572085,0.0006763596466043964,0.0125005918671377,0.01326284243259579,0.0007656257512280717,0.011531204625498503,0.013541221444029361,0.0008350203643203713,0.011288847425021231,0.013628260232508183,0.17149975895881653,485.0
772,joint,0.16353348828852177,1.0641833543777466,2e-06,1e-06,0.0,0.0006892304372740909,0.02244183700531721,0.02022106177173555,0.0008281751215690747,0.018243816448375583,0.021997644565999508,0.000906146211491432,0.016925394244026393,0.020608134334906936,0.0009617411269573495,0.01680581201799214,0.022904499899595976,0.3181103467941284,549.0
773,joint,0.23562193661928177,0.633552610874176,2e-06,1e-06,0.0,0.0006201033756951801,0.03237016627099365,0.03320301976054907,0.0007471886856365018,0.028310033347224817,0.034670412191189826,0.0008283602364826947,0.027332282799761742,0.0181772819487378,0.0008914040517993271,0.027277906658127904,0.031193776696454734,0.2179722636938095,563.0
774,joint,0.14710396877489984,0.6622272729873657,2e-06,1e-06,0.0,0.000594958386500366,0.02053533639991656,0.02278441996895708,0.000719910574844107,0.016854827059432864,0.0167330329422839,0.000793610088294372,0.015450457314727828,0.01896157654118724,0.0008519730836269446,0.015369627042673528,0.017454239132348448,0.1894453763961792,502.0
775,joint,0.16113658994436264,1.209224820137024,2e-06,1e-06,0.0,0.0005827939112350577,0.022538863646332175,0.027875531348399818,0.0007161770954553504,0.019020952575374395,0.01345000570290722,0.0008055203943513334,0.017953153554117307,0.025541938055539504,0.0008783959565334953,0.017736856534611434,0.01403639919590205,0.22301438450813293,689.0
776,joint,0.15083126351237297,1.1075327396392822,2e-06,1e-06,0.0,0.0006392567265720572,0.024638312752358615,0.017606296227313578,0.0007764950460114051,0.01993897440843284,0.01689140102826059,0.0008557292676414363,0.017536293889861554,0.016943386697676033,0.000915036624064669,0.016696685284841806,0.01739339408231899,0.2522127628326416,742.0
777,joint,0.1144180460833013,0.9490811228752136,2e-06,1e-06,0.0,0.0004949582144035958,0.018111435580067337,0.0128342148673255,0.0006552041559189092,0.01405968569451943,0.011616376752499491,0.0007408862220472656,0.013196263811551034,0.013991809217259288,0.0008066320660873316,0.013338636374101043,0.014571943902410567,0.20551404356956482,471.0
778,joint,0.21800325717777014,1.033064842224121,2e-06,1e-06,0.0,0.0007196880978881381,0.03272479516454041,0.02886614913586527,0.0008583183443988673,0.026894449605606496,0.025751632056199014,0.0009430452628294006,0.02401743538212031,0.025972509756684303,0.0009973041451303288,0.023340280167758465,0.026917648152448237,0.29284101724624634,502.0
779,joint,0.13263471703976393,0.7847428917884827,2e-06,1e-06,0.0,0.0004880450796918012,0.01928037841571495,0.016328718949807808,0.0006475381160271354,0.016106156312162057,0.015622254344634712,0.0007595891802338883,0.015013413853012025,0.015603808540618047,0.0008366905894945376,0.014800918550463393,0.017147202393971384,0.30836769938468933,743.0
780,joint,0.13897489476948977,1.2438721656799316,2e-06,1e-06,0.0,0.0005626584024867043,0.021048731461632997,0.018296369176823646,0.0006959066377021372,0.017816369014326483,0.013582592422608286,0.000776072389271576,0.01674350062967278,0.015863814449403435,0.0008404982727370225,0.016692225850420073,0.016056155727710575,0.2346074879169464,487.0
781,joint,0.16208173148334026,0.7311957478523254,2e-06,1e-06,0.0,0.0005879630043637007,0.024932315573096275,0.019842162262648344,0.0007246524473885074,0.02051562862470746,0.02062071644468233,0.0008101977946353145,0.017540390195790678,0.0185836375458166,0.0008700659382157028,0.016908560413867235,0.020145438029430807,0.21735434234142303,593.0
782,joint,0.1610789648257196,0.7691035866737366,2e-06,1e-06,0.0,0.0005597748786385637,0.026753907673992217,0.018357896129600704,0.000674299259117106,0.0217126464121975,0.01657982636243105,0.0007445453593390994,0.02000709844287485,0.016348627454135567,0.0007992975442903116,0.019803569884970784,0.018737475969828665,0.26576611399650574,741.0
783,joint,0.2200853144749999,1.1398162841796875,2e-06,1e-06,0.0,0.000652590962999966,0.03429449675604701,0.0244149036007002,0.000780923874117434,0.029467801796272397,0.02522183582186699,0.0008638638610136695,0.02631832385668531,0.025008730590343475,0.0009181358691421337,0.025900207401718944,0.02624349808320403,0.16174805164337158,806.0
784,joint,0.20038346201181412,1.4004806280136108,2e-06,1e-06,0.0,0.0007418733221129514,0.02637260698247701,0.028023145510815084,0.0008710926995263435,0.020996111212298274,0.027728044893592596,0.0009459465291001834,0.019206359051167965,0.026612837449647486,0.0010006648881244473,0.01901438890490681,0.02887038653716445,0.31856897473335266,548.0
785,joint,0.18008336890488863,1.3404567241668701,2e-06,1e-06,0.0,0.0005189925614104141,0.026143354014493525,0.019811328151263297,0.0006337080849334598,0.02414576685987413,0.021785326476674527,0.0007081393341650255,0.023304637521505356,0.02170366491191089,0.0007731289661023766,0.023259352601598948,0.01729596877703443,0.2068631947040558,548.0
786,joint,0.19018607260659337,1.154768705368042,2e-06,1e-06,0.0,0.000582677879719995,0.027112651732750237,0.024462088709697127,0.0007010698464000598,0.022085601172875613,0.024381292605539784,0.0007775531921652146,0.019792896666331217,0.02465390518773347,0.0008393444149987772,0.019568467658245936,0.025228514859918505,0.289950430393219,857.0
787,joint,0.12119055585935712,0.7654562592506409,2e-06,1e-06,0.0,0.0005792703850602265,0.01627993758302182,0.018279333249665797,0.000701754484907724,0.013533838267903775,0.017308447510004044,0.0007758438878227025,0.012377817183732986,0.013771474477835,0.0008353828088729642,0.012256529240403324,0.014490927453152835,0.23837225139141083,689.0
788,joint,0.14613199466839433,0.6655136346817017,2e-06,1e-06,0.0,0.000546171075257007,0.023689415189437568,0.017926675238413736,0.0006958817139093298,0.01879641556297429,0.016280803363770247,0.0007840501712053083,0.017212381644640118,0.015926992695312947,0.0008518293761881068,0.01707133269519545,0.016350044345017523,0.3256071209907532,783.0
789,joint,0.16939725261181593,1.2889353036880493,2e-06,1e-06,0.0,0.0005903250021219719,0.026486711925826967,0.01925193250644952,0.0007252893337863497,0.0218640043749474,0.019757644389756024,0.0008020406821742654,0.020124933507759124,0.017849142430350184,0.0008584085662732832,0.019813371007330716,0.021273444523103535,0.27211451530456543,625.0
790,joint,0.24241691548377275,0.986161470413208,2e-06,1e-06,0.0,0.0006492885077022947,0.03510159603320062,0.03858046710956842,0.0007667781683267094,0.02983814786421135,0.037163764878641814,0.0008352049990207888,0.027353791054338217,0.021598222258035094,0.0008856427084538154,0.026907265943009406,0.02273674466414377,0.26039859652519226,805.0
791,joint,0.17705948185175657,0.8525313138961792,2e-06,1e-06,0.0,0.0006649625429417938,0.022821822785772383,0.031012292194645852,0.0007828447742213029,0.0177932582446374,0.01811916963197291,0.0008549306439817883,0.016384953225497156,0.03240032575558871,0.0009103893971769139,0.016510159068275243,0.018804375955369323,0.24244695901870728,502.0
792,joint,0.1694115879945457,0.9359930753707886,2e-06,1e-06,0.0,0.0006539933965541422,0.02184970467351377,0.02369245729641989,0.0007603400299558416,0.01826931902905926,0.023260263784322888,0.0008246669749496505,0.016976329148747027,0.023320241074543446,0.0008757605610298924,0.016742264037020504,0.02218624477973208,0.17402908205986023,704.0
793,joint,0.17169625451788306,1.0046663284301758,2e-06,1e-06,0.0,0.0005998354718030896,0.027119233622215688,0.01953165396116674,0.000728371425793739,0.02288907690672204,0.019979372795205563,0.000808235170552507,0.020864552061539143,0.018817568547092378,0.0008630739248474129,0.020656097680330276,0.01883918116800487,0.3030269742012024,757.0
794,joint,0.24331609718501568,0.7732912302017212,2e-06,1e-06,0.0,0.0006940725070307963,0.03670643665827811,0.029969513416290283,0.0008136502583511174,0.03228740335907787,0.024899382842704654,0.000886529014678672,0.030440625152550638,0.026678120251744986,0.0009391614003106952,0.0300182793289423,0.028982918825931847,0.2493247091770172,854.0
795,joint,0.17579123191535473,0.8561068177223206,2e-06,1e-06,0.0,0.000620930422883248,0.02271813666447997,0.02655243524350226,0.0007412568375002593,0.018775179283693433,0.02269325137604028,0.000813416852906812,0.01772886433172971,0.02500090270768851,0.0008688975576660596,0.01760658377315849,0.02167137898504734,0.27027085423469543,502.0
796,joint,0.20320714870467782,1.4952991008758545,2e-06,1e-06,0.0,0.0005763653025496751,0.03171423650928773,0.02195770386606455,0.0007315274633583613,0.026076827256474644,0.023204480967251584,0.0008295512670883909,0.023333566641667858,0.02073866152204573,0.0008934729776228778,0.02282190215191804,0.030328857945278287,0.24918930232524872,787.0
797,joint,0.14469884242862463,1.1268879175186157,2e-06,1e-06,0.0,0.0006637000842601992,0.022316673886962235,0.01827135868370533,0.0007919876297819428,0.01734493556432426,0.018524321145378053,0.0008686116998433135,0.015600666170939803,0.016277059097774327,0.0009251070587197319,0.015416339854709804,0.017698082490824163,0.2998364567756653,594.0
798,joint,0.22205302026122808,1.169790506362915,2e-06,1e-06,0.0,0.0006220873146958183,0.035419535532128066,0.024081844720058143,0.0007559572186437435,0.030173581530107185,0.025334764795843512,0.000840211272588931,0.027920297055970877,0.023304981732508168,0.0009056886119651608,0.027381817111745477,0.025312256591860205,0.18851062655448914,594.0
799,joint,0.1628642026335001,1.4660015106201172,2e-06,1e-06,0.0,0.0006145732913864776,0.026048524130601436,0.01866153016453609,0.0007714415187365375,0.02081913553411141,0.019801792601356283,0.0008595555627834983,0.018372074118815362,0.017859406594652683,0.0009231115618604235,0.018362018454354256,0.019771039485931396,0.2056870460510254,535.0
800,joint,0.2547367410734296,1.6975007057189941,2e-06,1e-06,0.0,0.0006462128221755847,0.03987042745575309,0.03248644748236984,0.000776785374910105,0.03427664318587631,0.0250173982931301,0.0008491482367389835,0.0313712750794366,0.03315100586041808,0.0008999208366731182,0.03056972974445671,0.024821745115332305,0.2863931357860565,854.0
801,joint,0.1365437963977456,1.1022359132766724,2e-06,1e-06,0.0,0.0005954518710495904,0.019106366904452443,0.020796997821889818,0.0007188953386503272,0.014521271630655974,0.0164890147279948,0.0007936400579637848,0.013383955112658441,0.017826563213020563,0.0008530185514246114,0.013256239995826036,0.018202382954768836,0.25876760482788086,585.0
802,joint,0.1620925199240446,1.284614086151123,2e-06,1e-06,0.0,0.0006097172845329624,0.023747907020151615,0.02060909749707207,0.0007575284689664841,0.019423031772021204,0.019514663377776742,0.0008384240645682439,0.01782236940925941,0.01998955721501261,0.0008950746996561065,0.017514321662019938,0.020370826474390924,0.15952496230602264,470.0
803,joint,0.29238602239638567,1.5329310894012451,2e-06,1e-06,0.0,0.0007848965615266934,0.041542438324540854,0.02607996203005314,0.0009115873763221316,0.035424860077910125,0.03601450158748776,0.0009863569866865873,0.03212482266826555,0.03637585986871272,0.0010392132753622718,0.031466345652006567,0.04963517386931926,0.23541535437107086,786.0
804,joint,0.1717467401176691,1.0720343589782715,2e-06,1e-06,0.0,0.0005730780721933115,0.025379908736795187,0.023164505895692855,0.0007118964349501766,0.02045123087009415,0.020076872606296092,0.0007956681874929927,0.018104853603290394,0.02032060659257695,0.0008559561465517618,0.017875258054118603,0.02343690622365102,0.2126603126525879,594.0
805,joint,0.16269119456410408,0.549647331237793,2e-06,1e-06,0.0,0.0006334024074021727,0.021282841684296727,0.023470812826417387,0.0007334417532547377,0.0174561285530217,0.022173199278768152,0.0008008752556634136,0.015725537261459976,0.022469773655757308,0.0008567766853957437,0.015326714259572327,0.02176169550511986,0.21097111701965332,594.0
806,joint,0.17850313801318407,1.3537389039993286,2e-06,1e-06,0.0,0.0005914927860430907,0.026861446676775813,0.015646043757442385,0.0007077741975081153,0.02406857185997069,0.03316627867752686,0.0007807908768882044,0.02289697073865682,0.014693827135488391,0.0008395709592150524,0.02248489501653239,0.015765472839120775,0.2610071301460266,701.0
807,joint,0.19680987764149904,1.5449508428573608,2e-06,1e-06,0.0,0.0005717834901588503,0.02973893261514604,0.023361983126960695,0.0006815421002102084,0.02665300411172211,0.01954023411963135,0.0007497302649426274,0.025676427292637527,0.021091776085086167,0.0008077405436779372,0.025336028542369604,0.022600699914619327,0.25148579478263855,605.0
808,joint,0.14607646455988288,0.6613121628761292,2e-06,1e-06,0.0,0.0005447643998195417,0.021176990121603012,0.0195280613261275,0.0006665076471108478,0.017849306808784604,0.018088893266394734,0.0007520302897319198,0.016304189164657146,0.018195366312284023,0.0008158175405696966,0.015688756946474314,0.01646578242070973,0.23325209319591522,431.0
809,joint,0.1424997914582491,0.7066237926483154,2e-06,1e-06,0.0,0.0005728435025957879,0.01916227990295738,0.020301957498304546,0.0006947887086425908,0.016027025296352804,0.019030904048122466,0.0007692063227295876,0.014598097070120275,0.01926907303277403,0.0008269619866041467,0.014386345399543643,0.016860309173353016,0.22816947102546692,700.0
810,joint,0.2615849804133177,1.0312777757644653,2e-06,1e-06,0.0,0.0007453429680026602,0.032933810784015805,0.03247403528075665,0.0008590906218159944,0.029387500137090683,0.029355034814216197,0.0009292156973970123,0.02797512389952317,0.03132534201722592,0.000983841746347025,0.027884190028999,0.04673245851881802,0.20898877084255219,850.0
811,joint,0.1549364528618753,0.9370695352554321,2e-06,1e-06,0.0,0.000594216697209049,0.02128879667725414,0.02057525422424078,0.0007136584390536882,0.017613423406146467,0.019868618808686733,0.0007894473310443573,0.016218241187743843,0.019882177002727985,0.0008488913081237115,0.016324111726135015,0.020219619618728757,0.3014981150627136,534.0
812,joint,0.11100885644555092,0.89271479845047,2e-06,1e-06,0.0,0.0004734711292257998,0.01931662787683308,0.013282686762977391,0.0006253991668927483,0.014154900301946327,0.012966546404641122,0.0007177554653026164,0.011691840103594586,0.012609330413397402,0.0007869012042647228,0.011484035931061953,0.012899364402983338,0.24574637413024902,499.0
813,joint,0.19635010603815317,1.1192870140075684,2e-06,1e-06,0.0,0.0006584482616744936,0.027975393342785537,0.017756603774614632,0.000788226469012443,0.023494409397244453,0.0317220400320366,0.0008607325871707872,0.021380222693551332,0.03218771953834221,0.0009137076485785656,0.0211817339877598,0.017430868523661047,0.2907606065273285,593.0
814,joint,0.15477021969854832,0.8338472247123718,2e-06,1e-06,0.0,0.0005686791191692464,0.0231077391654253,0.017182540497742593,0.0006937097714398988,0.019411470973864198,0.018045442295260727,0.0007696580505580641,0.018217841628938913,0.01870921324007213,0.0008281116897705942,0.018073560670018196,0.01916225324384868,0.23026908934116364,738.0
815,joint,0.2382003883831203,1.3121583461761475,2e-06,1e-06,0.0,0.0006548879537149332,0.03293406160082668,0.030751299462281168,0.0007789809169480577,0.02937859616940841,0.029100032756105065,0.0008592749072704464,0.027566593722440302,0.026862015045480803,0.0009168825563392602,0.027348192175850272,0.031049572280608118,0.18843844532966614,622.0
816,joint,0.1952447653748095,1.7454395294189453,2e-06,1e-06,0.0,0.0005426160278148018,0.026824954664334655,0.03440338413929567,0.0006558830791618675,0.024593803274910897,0.01245948887662962,0.0007354220288107172,0.023683344712480903,0.013013915391638875,0.0007971836748765782,0.023568797449115664,0.03396596451057121,0.2175930291414261,486.0
817,joint,0.3739437013864517,0.9546776413917542,2e-06,1e-06,0.0,0.000776906861574389,0.04737034090794623,0.044144847546704113,0.0009012237933347933,0.0410919546848163,0.058079203590750694,0.0009695142434793524,0.0379072685027495,0.05861684831324965,0.001016753951262217,0.037326232180930674,0.04574259859509766,0.2433471381664276,602.0
818,joint,0.15557860117405653,1.0158213376998901,2e-06,1e-06,0.0,0.0005459805688587949,0.023459608550183475,0.017636777251027524,0.0006709498993586749,0.020539572811685503,0.016620273876469582,0.0007487363182008266,0.019581258529797196,0.01542427489766851,0.0008110847411444411,0.019588340364862233,0.01995174412149936,0.23695211112499237,621.0
819,joint,0.15839406149461865,0.960259199142456,2e-06,1e-06,0.0,0.0005177145758352708,0.021130485576577485,0.025355089805088937,0.0006412046641344205,0.01624341559363529,0.02541017235489562,0.0007268184563145041,0.014358067564899102,0.026890427572652698,0.0007945930337882601,0.014588696736609563,0.01173737458884716,0.25234711170196533,699.0
820,joint,0.1549533512443304,0.6522322297096252,2e-06,1e-06,0.0,0.0005523298314074054,0.02407705958466977,0.02011255209799856,0.000685412400343921,0.018295491812750697,0.020010988344438374,0.0007675854722037911,0.015982471639290452,0.019165577716194093,0.0008273015264421701,0.01547284540720284,0.019003738299943507,0.24541467428207397,486.0
821,joint,0.18146382551640272,1.2003328800201416,2e-06,1e-06,0.0,0.0006248421304917429,0.024426577845588326,0.023135792231187224,0.0007329115833272226,0.021021065302193165,0.023691035283263773,0.0008008449658518657,0.019052171788644046,0.024617889896035194,0.0008502888013026677,0.018852590990718454,0.02365781378466636,0.21999110281467438,700.0
822,joint,0.18472180608659983,1.1149719953536987,2e-06,1e-06,0.0,0.0005249307287158445,0.023226602817885578,0.035892015730496496,0.0006525346216221806,0.020083051815163344,0.014302048832178116,0.0007318757561733946,0.018693304678890854,0.035890659113647416,0.0007961149749462493,0.01814965531229973,0.01577901135897264,0.2982974350452423,416.0
823,joint,0.2121308036148548,0.8685166835784912,2e-06,1e-06,0.0,0.0006583163849427365,0.0310711256461218,0.028114605927839875,0.0007797662474331446,0.025923381617758423,0.026606367726344615,0.0008649111478007399,0.023314182937610894,0.02460067148786038,0.0009252245217794552,0.02253854990703985,0.02673369855619967,0.3000413477420807,546.0
824,joint,0.21583702811039984,1.4853243827819824,2e-06,1e-06,0.0,0.00058240388170816,0.034235365921631455,0.01969904190627858,0.0007138859036786016,0.029708953748922795,0.020819831028347835,0.0008035107457544655,0.02686496780370362,0.019027398549951613,0.0008780986245255917,0.025487753504421562,0.03701581046334468,0.2244921624660492,687.0
825,joint,0.16739307204261422,0.9434601664543152,2e-06,1e-06,0.0,0.0006094914006098406,0.021464681020006537,0.022779901541071013,0.0007272245493368246,0.017665515624685213,0.024053606641246006,0.0008065537622314878,0.016398482344811782,0.022206277295481414,0.0008627718416391872,0.01628572805202566,0.023532838647952303,0.22233760356903076,700.0
826,joint,0.13795100804418325,1.1027837991714478,2e-06,1e-06,0.0,0.00053413782370626,0.021945060638245195,0.01708090686588548,0.0006656275363638997,0.01702716576983221,0.01671805529622361,0.0007494608944398351,0.01463491065078415,0.017490701720817015,0.0008084278379101306,0.014311553386505693,0.015985000994987786,0.21764597296714783,560.0
827,joint,0.20993061363697052,2.3232638835906982,2e-06,1e-06,0.0,0.0006669240137853194,0.032234287820756435,0.02524037123657763,0.0007878983524278738,0.02588949433993548,0.02838282973971218,0.0008591947698732838,0.022891820990480483,0.025282503571361303,0.0009071456079254858,0.02254400751553476,0.024244135711342096,0.20948439836502075,700.0
828,joint,0.1543991155922413,0.866797685623169,2e-06,1e-06,0.0,0.0006421488360501826,0.023893098812550306,0.020272386958822608,0.0007736751686024945,0.01777612848673016,0.018967950774822384,0.0008586979165556841,0.015454441250767559,0.020158641156740487,0.0009202507644658908,0.015099439886398613,0.019582251203246415,0.24719494581222534,549.0
829,joint,0.2065893542021513,1.6054906845092773,2e-06,1e-06,0.0,0.0007123490358935669,0.03306036884896457,0.02446296310517937,0.0008292151906061918,0.027423013874795288,0.024196308047976345,0.0008976086865004618,0.024549676978494972,0.0221384383039549,0.000946312677115202,0.024019579170271754,0.02335351542569697,0.21345718204975128,620.0
830,joint,0.16343667497858405,0.7313008308410645,2e-06,1e-06,0.0,0.0005540219208342023,0.02599704742897302,0.01723473667516373,0.0006786874801036902,0.022600278694881126,0.015808909374754876,0.0007656675079488195,0.02140242836321704,0.01803279120940715,0.000832368663395755,0.02128341348725371,0.01824632252100855,0.2004818320274353,518.0
831,joint,0.1864300132729113,0.8866568803787231,2e-06,1e-06,0.0,0.0005252008159004617,0.028468279575463384,0.030196362029528245,0.0006590263692487497,0.02358414136688225,0.015675769973313436,0.0007365556157310493,0.020974477229174227,0.030213322897907346,0.0007929928178782575,0.0205304057453759,0.014073477126657963,0.23266728222370148,687.0
832,joint,0.19133284175768495,0.6532766819000244,2e-06,1e-06,0.0,0.0006271356505749281,0.02912552561610937,0.023789363505784422,0.0007478855986846611,0.023714205424766988,0.02564241227810271,0.0008244002528954297,0.020989311509765685,0.021554634906351566,0.0008831550730974413,0.02035905935917981,0.023075752367731184,0.2361811101436615,804.0
833,joint,0.1415542841423303,0.782866895198822,2e-06,1e-06,0.0,0.000512091373821022,0.02377922716550529,0.016675367223797366,0.0006468046449299436,0.01866038446314633,0.01549274503486231,0.0007422796988976188,0.016217026626691222,0.016357354761566967,0.000803691305918619,0.015817409905139357,0.015849903487833217,0.21037571132183075,606.0
834,joint,0.37620244827121496,1.1369143724441528,2e-06,1e-06,0.0,0.0006793238571844995,0.039947763783857226,0.0620112142059952,0.0007972232779138722,0.03600517607992515,0.04163331154268235,0.0008702848499524407,0.034454900305718184,0.060979570902418345,0.0009254770411644131,0.03424706606892869,0.06365112995263189,0.2288103997707367,621.0
835,joint,0.19121331721544266,1.0642075538635254,2e-06,1e-06,0.0,0.0006196897775225807,0.022140733897686005,0.03867247805465013,0.0007378451773547567,0.019014405319467187,0.015833424404263496,0.000815739760582801,0.018491272727260366,0.03854630174464546,0.0008775108071858995,0.018683995003812015,0.016779917292296886,0.23666836321353912,431.0
836,joint,0.21308131609112024,0.9323627948760986,2e-06,1e-06,0.0,0.0005874252055946272,0.025663733744295314,0.026857047487283126,0.0007091071602189913,0.02209609528654255,0.03372011723695323,0.0007976578635862097,0.02126253957976587,0.047019038669532165,0.0008622281748102978,0.021150925749680027,0.01235539501067251,0.18285956978797913,486.0
837,joint,0.19247975293546915,1.0515432357788086,2e-06,1e-06,0.0,0.000591196287132334,0.02660396002465859,0.023693206952884793,0.0007180298343882896,0.02271210224716924,0.02532216446707025,0.0007939243077998981,0.02111921741743572,0.02581078722141683,0.0008530378399882466,0.020800764032173902,0.023461361357476562,0.2931077480316162,855.0
838,joint,0.08294369885697961,0.773307740688324,2e-06,1e-06,0.0,0.00048508369582123123,0.012455246993340552,0.010895387444179505,0.0006231813531485386,0.00913133507128805,0.01063826130121015,0.0007122524912119843,0.007879827899159864,0.01044409626047127,0.000781844268203713,0.00788374914554879,0.011013432696927339,0.19449739158153534,500.0
839,joint,0.15950564621016383,1.0084142684936523,2e-06,1e-06,0.0,0.0006200779280334245,0.023212736763525754,0.018565961916465312,0.0007463721813110169,0.019914472504751757,0.01812327918014489,0.0008366857655346394,0.018704708316363394,0.01930977651500143,0.0009009206041810103,0.01877315857564099,0.019797499611740932,0.29209083318710327,620.0
840,joint,0.09940173430368304,1.0242860317230225,2e-06,1e-06,0.0,0.0004270352001185529,0.014853171072900295,0.011844413180369884,0.0005699777721019927,0.01096758572384715,0.013222855341155082,0.0006555596482940018,0.009742914262460545,0.01306934905005619,0.0007192795965238474,0.009869951725704595,0.013459643756505102,0.2419954389333725,481.0
841,joint,0.20554013177752495,1.0675954818725586,2e-06,1e-06,0.0,0.0005849747903994285,0.030927131418138742,0.03229483764152974,0.0007178245759860147,0.0259787644026801,0.031735447235405445,0.0007949894279590808,0.023532372870249674,0.018955425242893398,0.0008525789089617319,0.022772624652134255,0.016393158643040806,0.2166837453842163,584.0
842,joint,0.15550990216434002,0.974367082118988,2e-06,1e-06,0.0,0.0006229782375157811,0.022549263550899923,0.01915423641912639,0.0007460366687155329,0.018674992490559816,0.01846244337502867,0.0008211996901081875,0.017470109392888844,0.018106479081325233,0.000881883483089041,0.017521800938993692,0.02049848239403218,0.274118572473526,737.0
843,joint,0.14902414521202445,0.9353417158126831,2e-06,1e-06,0.0,0.000598782306042267,0.022776575875468552,0.017245262570213526,0.0007229173061205074,0.018476569035556167,0.018263812467921525,0.0007987209828570485,0.016957901243586093,0.01733040885301307,0.0008572350707254373,0.017428201099392027,0.017567759787198156,0.25096142292022705,619.0
844,joint,0.27516448497772217,0.9916701316833496,2e-06,1e-06,0.0,0.000712734654371161,0.033418388571590185,0.039988313685171306,0.0008150740395649336,0.02911120164208114,0.03772671765182167,0.0008818578135105781,0.026869212626479566,0.03965786471962929,0.0009301044483436272,0.026525127235800028,0.038527885684743524,0.2294166386127472,804.0
845,joint,0.158177905716002,0.691169023513794,2e-06,1e-06,0.0,0.0005425271665444598,0.024970681522972882,0.01774716190993786,0.0006736059076501988,0.019462227821350098,0.018871838983613998,0.0007605893770232797,0.017160898190923035,0.017478939960710704,0.0008242643161793239,0.01694161701016128,0.02274355321424082,0.2577127516269684,486.0
846,joint,0.21492419857531786,1.3345260620117188,2e-06,1e-06,0.0,0.0006240600232558791,0.031340126995928586,0.029080095468088984,0.0007460075394192245,0.026350118743721396,0.02671874110819772,0.0008192130626412109,0.0239527074736543,0.02718450117390603,0.000877837956068106,0.02281987643800676,0.02441090770298615,0.17462271451950073,607.0
847,joint,0.18260458996519446,0.6888943314552307,2e-06,1e-06,0.0,0.0006569858232978731,0.025014290469698608,0.025791681022383273,0.0007702674993197434,0.02015370043227449,0.024023196194320917,0.0008326084644068033,0.01818743537296541,0.023883726447820663,0.0008800036157481372,0.017513126513222232,0.024897566356230527,0.23761004209518433,488.0
848,joint,0.19760779105126858,0.7967333793640137,2e-06,1e-06,0.0,0.0006531165672640782,0.026172841258812696,0.0338675404782407,0.0007795420606271364,0.02149907930288464,0.034295722376555204,0.0008631951859570108,0.01963418090599589,0.020718069892609492,0.0009189644188154489,0.019152877648593858,0.019052660558372736,0.19707246124744415,484.0
849,joint,0.17279111361131072,0.6523754596710205,2e-06,1e-06,0.0,0.0005325744605215732,0.020323260338045657,0.03632308906526305,0.0006599125772481784,0.017546237882925197,0.03486758333747275,0.0007423171191476285,0.01689068356063217,0.013928631378803402,0.0008074435972957872,0.01682750362670049,0.013341873767785728,0.22985194623470306,431.0
850,joint,0.12373479641973972,1.0899053812026978,2e-06,1e-06,0.0,0.0005650984858220909,0.017537539592012763,0.017348425230011344,0.0006802612842875533,0.01438782544573769,0.014355253195390105,0.0007606431317981333,0.013144653174094856,0.014944467460736632,0.0008231405081460252,0.013095399248413742,0.016092090343590826,0.24664300680160522,593.0
851,joint,0.19618309196084738,1.2892228364944458,2e-06,1e-06,0.0,0.0005900684136577183,0.025684601510874927,0.03178697396651842,0.0007077068949001841,0.020962634618626907,0.01591497374465689,0.0007847828237572685,0.01885501985088922,0.031613846629625186,0.0008454761555185542,0.018759907339699566,0.029677097947569564,0.25726962089538574,735.0
852,joint,0.17447828338481486,1.0085387229919434,2e-06,1e-06,0.0,0.000505744750626036,0.02719746550428681,0.028152576385764405,0.0006562242342624813,0.022037453862139955,0.018945259012980387,0.0007446091112797149,0.019893799268174917,0.017477038520155475,0.0008172601374099031,0.019418745447183028,0.018632108840392902,0.23579272627830505,787.0
853,joint,0.19962397310882807,0.9981057643890381,2e-06,1e-06,0.0,0.0005400053778430447,0.026257594989147037,0.017375410243403167,0.0006879094689793419,0.02125927250017412,0.03069845261052251,0.0007727563570369966,0.019585333939176053,0.03148014657199383,0.0008355932950507849,0.01944358099717647,0.03068790811812505,0.2114081233739853,502.0
854,joint,0.27628630213439465,0.8143752813339233,2e-06,1e-06,0.0,0.0006715174495184328,0.038724593236111104,0.037114192586159334,0.0008097908939816989,0.03335190282086842,0.022790031012846157,0.0008966641253209673,0.03089869412360713,0.04696345733827911,0.0009555697761243209,0.03034849074902013,0.03276140245725401,0.19924291968345642,787.0
855,joint,0.12368860561400652,0.8966723084449768,2e-06,1e-06,0.0,0.0006030196964275092,0.019284161971881986,0.015757264976855367,0.0007219436156447046,0.01515433395979926,0.014087724615819752,0.0007976137276273221,0.013269139570184052,0.01481615100055933,0.0008556374814361334,0.013289780414197594,0.015051830851007253,0.2351667433977127,593.0
856,joint,0.16529260156676173,1.0036125183105469,2e-06,1e-06,0.0,0.0005208245347603224,0.017084362276364118,0.027782890159869567,0.0006473444300354458,0.013845701440004632,0.025476828741375357,0.0007319286960409954,0.013142702664481476,0.025764702731976286,0.0007998202709131874,0.013242036628071219,0.02625345764681697,0.24622924625873566,357.0
857,joint,0.21700207889080048,1.901113748550415,2e-06,1e-06,0.0,0.0006073449294490274,0.03521032235585153,0.026502060412894934,0.0007408635974570643,0.02708424354204908,0.027675686054863036,0.0008286589945782907,0.02193694224115461,0.02629839541623369,0.0008876860665623099,0.02087665646104142,0.028353212517686188,0.21349869668483734,803.0
858,joint,0.1936179418116808,1.3703638315200806,2e-06,1e-06,0.0,0.0006088977497711312,0.027147342276293784,0.025974882708396763,0.0007316793271456845,0.021432461391668767,0.025609003438148648,0.0008101431740215048,0.019126360828522593,0.02534988964907825,0.0008695985670783557,0.01848058236646466,0.02747709897812456,0.2475418746471405,546.0
859,joint,0.1394234076142311,0.8852810859680176,2e-06,1e-06,0.0,0.0005268816457828507,0.017767576035112143,0.017776727705495432,0.0006335046200547367,0.01478767246589996,0.01893864737940021,0.0007049667947285343,0.01377620259881951,0.020129224139964208,0.0007618750096298754,0.01366930766380392,0.019950819842051715,0.23388685286045074,447.0
860,joint,0.1320204366929829,0.9624358415603638,2e-06,1e-06,0.0,0.0004912405565846711,0.021792944287881255,0.015210395562462509,0.0006376526871463284,0.016839254240039736,0.014420156017877162,0.0007310497021535411,0.014284052711445838,0.0166311536449939,0.0008012859325390309,0.014095547696342692,0.016085706651210785,0.1987527310848236,560.0
861,joint,0.16452752612531185,0.9672783017158508,2e-06,1e-06,0.0,0.0006048891264072154,0.02334906824398786,0.01984872971661389,0.0007213597418740392,0.018491806171368808,0.02041809633374214,0.0007878821415943094,0.01655496412422508,0.02180936757940799,0.0008399153230129741,0.016684738104231656,0.024416707921773195,0.23636919260025024,486.0
862,joint,0.16696321871131659,0.9771630764007568,2e-06,1e-06,0.0,0.0007144060618884396,0.02352158253779635,0.01932641406892799,0.0008203310935641639,0.01934392558177933,0.02243496460141614,0.0008854879924911074,0.01768843742320314,0.021966170810628682,0.0009367328457301483,0.017541103559779003,0.02178366601583548,0.27765801548957825,764.0
863,joint,0.22015058295801282,1.3509440422058105,2e-06,1e-06,0.0,0.0005937131754762959,0.032099218224175274,0.02515901910373941,0.0007182604895206168,0.026883133134106174,0.024675807741004974,0.0008084278088063002,0.02417151103145443,0.03244801581604406,0.0008687726804055274,0.023515024775406346,0.02820967440493405,0.26615214347839355,848.0
864,joint,0.27266044029965997,0.5976977348327637,2e-06,1e-06,0.0,0.0006646799774898682,0.03240046527935192,0.033323568175546825,0.0007891304121585563,0.026970119157340378,0.04179457965074107,0.0008619034488219768,0.025070001400308684,0.04236192279495299,0.0009147496821242385,0.02486882300581783,0.0426405044272542,0.3160858750343323,786.0
865,joint,0.13299391977488995,1.2230437994003296,2e-06,1e-06,0.0,0.0006654281678493135,0.017366810818202794,0.01725680270465091,0.0007599223099532537,0.013969949213787913,0.019045848457608372,0.0008226069476222619,0.013001611223444343,0.019147737475577742,0.0008731344860279933,0.012839081871788949,0.017244987888261676,0.2656431496143341,498.0
866,joint,0.22394337086007,1.6667004823684692,2e-06,1e-06,0.0,0.00067068004864268,0.033192060131113976,0.021627741283737123,0.0008002801769180223,0.028454155602958053,0.026343784236814827,0.0008880648529157043,0.025698959012515843,0.036192482424667105,0.0009480995940975845,0.02475704744574614,0.024370014667510986,0.29111385345458984,786.0
867,joint,0.1307835290208459,0.8600619435310364,2e-06,1e-06,0.0,0.000509358895214973,0.018400261993519962,0.019022784777916968,0.0006222193769644946,0.014186805172357708,0.017462498683016747,0.0007015925366431475,0.01224800496129319,0.017812112404499203,0.0007654772707610391,0.012122793530579656,0.016929619945585728,0.2565843462944031,593.0
868,joint,0.14617549208924174,0.4492033123970032,2e-06,1e-06,0.0,0.0005700460096704774,0.022196178673766553,0.019831353332847357,0.000695136193826329,0.016584827098995447,0.019671247515361756,0.0007752883320790716,0.013920305005740374,0.01847192138666287,0.0008333735750056803,0.013687674887478352,0.0189381389063783,0.18873687088489532,593.0
869,joint,0.16469706874340773,1.0001317262649536,2e-06,1e-06,0.0,0.0004460258460312616,0.018141110747819766,0.009786735870875418,0.0005922621094214264,0.015562765533104539,0.03011353893089108,0.0006899017207615543,0.014623086317442358,0.029470322013366967,0.0007586499923490919,0.014474685391178355,0.030037976277526468,0.24618308246135712,480.0
870,joint,0.17766032088547945,1.0941262245178223,2e-06,1e-06,0.0,0.0005882377590751275,0.02483564242720604,0.025002053007483482,0.0006998426251811907,0.02029925223905593,0.02225364197511226,0.0007730305660516024,0.017826071474701166,0.023854407598264515,0.0008299010369228199,0.017401636578142643,0.02329660637769848,0.23383231461048126,803.0
871,joint,0.12411116063594818,1.106442928314209,2e-06,1e-06,0.0,0.0005589226202573627,0.01726900099311024,0.01717869087588042,0.0006825356394983828,0.01356248272350058,0.016663057846017182,0.0007575972194899805,0.012274322099983692,0.01553253928432241,0.000819430519186426,0.01201705727726221,0.016795523988548666,0.29958730936050415,604.0
872,joint,0.15365560143254697,1.0916870832443237,2e-06,1e-06,0.0,0.0005662213698087726,0.025521230476442724,0.018667413241928443,0.0006974188290769234,0.02003987177158706,0.01630749914329499,0.0007791444804752246,0.01757814912707545,0.016026966011850163,0.0008429993031313643,0.016950624238234013,0.019678065087646246,0.194308340549469,480.0
873,joint,0.11693003261461854,0.8181072473526001,2e-06,1e-06,0.0,0.0005605083515547449,0.014294663618784398,0.015409547078888863,0.0006876014340377878,0.012055960163706914,0.016808677144581452,0.0007752546007395722,0.011329373257467523,0.01708338112803176,0.0008418912257184274,0.011375268193660304,0.015707905520685017,0.16479970514774323,473.0
874,joint,0.19967429712414742,0.8931016325950623,2e-06,1e-06,0.0,0.0006334253175737103,0.029958129074657336,0.02319099716260098,0.0007694444429944269,0.0248107279476244,0.02450780672370456,0.0008586084659327753,0.021879560983506963,0.02634780856897123,0.0009138968234765343,0.021190083003602922,0.02461380942258984,0.295343279838562,733.0
875,joint,0.14151584543287754,0.9157423973083496,2e-06,1e-06,0.0,0.0005503089269041084,0.025831394596025348,0.026231758878566325,0.0007030244705674704,0.01840676966821775,0.011352514789905399,0.0007981092421687208,0.015537549508735538,0.012671151664108038,0.000868223825818859,0.015324473788496107,0.01324056985322386,0.30453726649284363,483.0
876,joint,0.15121793560683727,1.2220041751861572,2e-06,1e-06,0.0,0.0006119068129919469,0.019355461816303432,0.01963838905794546,0.0007170778808358591,0.0149478082312271,0.02087356202537194,0.0007826630389899947,0.01381929375929758,0.024474112666212022,0.0008364334280486219,0.013895865500671789,0.021265362214762717,0.19505514204502106,472.0
877,joint,0.2949201762676239,1.0095036029815674,2e-06,1e-06,0.0,0.0007389708553091623,0.03901205735746771,0.04522334644570947,0.0008492203924106434,0.03395152185112238,0.04255493450909853,0.0009241025836672634,0.031202886486425996,0.025481258518993855,0.0009800239422474988,0.030417763744480908,0.04358409938868135,0.3136482536792755,581.0
878,joint,0.16137037216685712,0.8345887660980225,2e-06,1e-06,0.0,0.0005827227796544321,0.020967568387277424,0.02183693612460047,0.0006994336872594431,0.01753545255633071,0.020483601139858365,0.0007801574829500169,0.01615255538490601,0.022587226965697482,0.000844057954964228,0.01593360013794154,0.02296706341439858,0.1938926875591278,532.0
879,joint,0.11658488400280476,1.4238789081573486,2e-06,1e-06,0.0,0.0004994896244170377,0.016318331472575665,0.015022681996924803,0.0006278030741668772,0.012926832656376064,0.014776623080251738,0.0007117100176401436,0.011997395165963098,0.01639746976434253,0.0007834574716980569,0.011860820261063054,0.01466227084165439,0.2663777470588684,694.0
880,joint,0.18744268454611301,0.6619803309440613,2e-06,1e-06,0.0,0.000644235682557337,0.025923212408088148,0.02586383803281933,0.0007524560787715018,0.022427521471399814,0.022098831366747618,0.0008181244120351039,0.021095683507155627,0.02216122834943235,0.0008728856846573763,0.020859856507740915,0.023924808017909527,0.31911203265190125,870.0
881,joint,0.1721403389237821,1.0334309339523315,2e-06,1e-06,0.0,0.0006120647667557932,0.026411601691506803,0.019111785455606878,0.00073641499329824,0.021899647661484778,0.015217358421068639,0.0008142073202179745,0.019763282645726576,0.0300527170766145,0.0008737948664929718,0.01939697060151957,0.01725049497326836,0.21384412050247192,459.0
882,joint,0.2675653547048569,1.3821300268173218,2e-06,1e-06,0.0,0.000741714051400777,0.02939839498139918,0.033014266402460635,0.0008503267526975833,0.023427324020303786,0.044675161596387625,0.0009242808737326413,0.02125266328221187,0.04615566413849592,0.0009780148102436215,0.02124018658651039,0.04490735859144479,0.1459764987230301,499.0
883,joint,0.22384571144357324,0.8054892420768738,2e-06,1e-06,0.0,0.0006822122122684959,0.032885941909626126,0.02581760409520939,0.0007853806455386803,0.02896563708782196,0.02635376452235505,0.000853554141940549,0.02729176194407046,0.02626034151762724,0.000904157044715248,0.026933879009447992,0.02611147693824023,0.22504904866218567,562.0
884,joint,0.1778015000745654,1.4080942869186401,2e-06,1e-06,0.0,0.0005716443993151188,0.030885153682902455,0.01833188469754532,0.0007094398097251542,0.025439629796892405,0.0181105270748958,0.0007866785817896016,0.022356234781909734,0.020878384937532246,0.0008401090526604094,0.02144458016846329,0.017447229649405926,0.21778029203414917,591.0
885,joint,0.15249371994286776,0.9965363144874573,2e-06,1e-06,0.0,0.0005918321603530785,0.01654836631496437,0.024170433083781973,0.0006971399270696566,0.013825203408487141,0.02016424312023446,0.0007665375233045779,0.013349845336051658,0.024047078506555408,0.0008294510844280012,0.013658587529789656,0.0238450045872014,0.1951780468225479,449.0
886,joint,0.24690339528024197,0.8353556990623474,2e-06,1e-06,0.0,0.0006922087777638808,0.0356707414612174,0.040555191109888256,0.0008014369304873981,0.029777711955830455,0.03022860293276608,0.0008660935054649599,0.026923980563879013,0.025019840453751385,0.0009132580016739666,0.026419355417601764,0.02903497766237706,0.2452365905046463,734.0
887,joint,0.12143988884054124,0.768947422504425,2e-06,1e-06,0.0,0.000548624399016262,0.014667638548417017,0.017990418593399227,0.0006724786435370333,0.01236414405866526,0.01824327727081254,0.0007650877014384605,0.011469768913229927,0.016256993811111897,0.0008352172371814959,0.011255239543970674,0.016371003235690296,0.26577138900756836,559.0
888,joint,0.18115577986463904,1.1298003196716309,2e-06,1e-06,0.0,0.0006252162565942854,0.028298705001361668,0.020990919205360115,0.00073934746615123,0.024039342330070212,0.01931755105033517,0.0008118231708067469,0.022114572435384616,0.02104783762479201,0.0008654987250338309,0.021905843866989017,0.02039912366308272,0.2401735782623291,591.0
889,joint,0.21998798195272684,1.0388442277908325,2e-06,1e-06,0.0,0.0006394328502210556,0.0230381615110673,0.041072971653193235,0.0007555888005299494,0.01979720630333759,0.016569775179959834,0.0008286352021968924,0.019024057284696028,0.04055395344039425,0.0008880078530637547,0.018998844898305833,0.03782134666107595,0.20238332450389862,471.0
890,joint,0.08605953119695187,0.987904965877533,2e-06,1e-06,0.0,0.00044720825098920614,0.013755039835814387,0.011379851261153817,0.0005908076091145631,0.009699503949377686,0.010800599644426256,0.0006776483060093597,0.008368622598936781,0.010339395084884018,0.0007431521371472627,0.008346253744093701,0.010911451186984777,0.2824065387248993,503.0
891,joint,0.11130650481209159,1.0069329738616943,2e-06,1e-06,0.0,0.0004971495109202806,0.013970700849313289,0.01643679611152038,0.0006375957273121458,0.011461326765129343,0.015596786834066734,0.000731533880752977,0.011055008581024595,0.012692422809777781,0.0008090011106105521,0.011124860058771446,0.016293325083097443,0.19936811923980713,473.0
892,joint,0.17371505126357079,1.1019362211227417,2e-06,1e-06,0.0,0.0006940714520169422,0.025381544372066855,0.025089796748943627,0.0008096912351902574,0.020532457041554153,0.02123614982701838,0.0008838219655444846,0.018214984913356602,0.019827794283628464,0.0009372451895615086,0.01784167264122516,0.02226582053117454,0.27247241139411926,802.0
893,joint,0.1413903278298676,1.0374423265457153,2e-06,1e-06,0.0,0.0005785519606433809,0.02467536155018024,0.015016733814263716,0.0007069083512760699,0.019203101430321112,0.015024959429865703,0.0007881694327807054,0.01732828567037359,0.015322016784921288,0.0008502492055413313,0.017508621123852208,0.01438736988347955,0.20696808397769928,607.0
894,joint,0.14626820525154471,1.1135361194610596,2e-06,1e-06,0.0,0.0005720976660086308,0.021491372492164373,0.018195247277617455,0.0006912241369718686,0.017008793191052973,0.021048195252660662,0.0007686190801905468,0.01496913842856884,0.017499412642791867,0.0008230572566390038,0.014543071738444269,0.018657973792869598,0.28816017508506775,544.0
895,joint,0.2101785335689783,1.2264751195907593,2e-06,1e-06,0.0,0.0006643618253292516,0.02699006290640682,0.022293155314400792,0.000795515748905018,0.022955268970690668,0.030486018862575293,0.0008771895154495724,0.02151660283561796,0.03075077070388943,0.0009382154530612752,0.02122480026446283,0.030686575919389725,0.3199450969696045,786.0
896,joint,0.20426329318434,1.0399922132492065,2e-06,1e-06,0.0,0.0006264311778068077,0.03263493976555765,0.022696038708090782,0.0007470067466783803,0.0280121813993901,0.021068908041343093,0.0008235251370933838,0.025711706810398027,0.019957462034653872,0.0008767620820435695,0.025175497139571235,0.025932836113497615,0.2179940789937973,486.0
897,joint,0.1979924668557942,0.9427648782730103,2e-06,1e-06,0.0,0.0005176227459742222,0.02295658423099667,0.013366177619900554,0.0006529374004458077,0.01930433529196307,0.033716013422235847,0.0007336044800467789,0.01824316882994026,0.03451569611206651,0.0007932895532576367,0.018332876439671963,0.03486015641828999,0.2257135808467865,580.0
898,joint,0.12934449594467878,1.1633156538009644,2e-06,1e-06,0.0,0.0005953054715064354,0.018681347428355366,0.01720615988597274,0.0007143437469494529,0.014125352900009602,0.018100748013239354,0.0007918607589090243,0.012139491154812276,0.016513201408088207,0.0008472699410049245,0.012261886207852513,0.01736753259319812,0.17049828171730042,481.0
899,joint,0.151077747810632,0.6678520441055298,2e-06,1e-06,0.0,0.0005083117393951397,0.024240053753601387,0.01803811825811863,0.0006604062582482584,0.018278233881574124,0.01934580592205748,0.0007552441020379774,0.01501203038787935,0.01948588027153164,0.0008262563133030199,0.014548749808454886,0.019378658442292362,0.24281324446201324,801.0
900,joint,0.21002454729750752,0.7386811971664429,2e-06,1e-06,0.0,0.0006290784913289826,0.031333264778368175,0.020056319539435208,0.0007417667584377341,0.02694367355434224,0.029529690567869693,0.0008106952664093114,0.024945472774561495,0.030140630376990885,0.0008643855981063098,0.024456286802887917,0.019573288096580654,0.1732344776391983,785.0
