order,id,scene,frame,description,crop_xyxy,display_mask_pixels,k0_point_rel,k3_point_rel,point_rel_delta,k0_depth_rel,k3_depth_rel,depth_rel_delta,gif,preview
1,ai_001_001_cam_00_frame.0000,ai_001_001,0,浴室毛巾环、窗框与相邻细长边缘,24 64 120 160,3226,0.016948962584137917,0.00625037495046854,-0.010698587633669376,0.015959471464157104,0.005270682275295258,-0.010688789188861847,items/01_ai_001_001_cam_00_frame.0000/train_rod_orbit.gif,items/01_ai_001_001_cam_00_frame.0000/train_rod_preview.png
2,ai_001_001_cam_00_frame.0014,ai_001_001,14,浴室暖气片的平行细杆,0 48 96 144,3226,0.07408896833658218,0.02676132321357727,-0.04732764512300491,0.06551489979028702,0.02478817291557789,-0.04072672687470913,items/02_ai_001_001_cam_00_frame.0014/train_rod_orbit.gif,items/02_ai_001_001_cam_00_frame.0014/train_rod_preview.png
3,ai_001_001_cam_00_frame.0028,ai_001_001,28,洗手台龙头、把手与柜体细边,0 80 96 176,3226,0.035543229430913925,0.0164304431527853,-0.019112786278128624,0.02897927351295948,0.014749724417924881,-0.0142295490950346,items/03_ai_001_001_cam_00_frame.0028/train_rod_orbit.gif,items/03_ai_001_001_cam_00_frame.0028/train_rod_preview.png
4,ai_001_001_cam_00_frame.0043,ai_001_001,43,浴室毛巾环与垂直毛巾边缘,160 96 256 192,3226,0.016854947432875633,0.00608044071123004,-0.010774506721645594,0.015374953858554363,0.005087957251816988,-0.010286996606737375,items/04_ai_001_001_cam_00_frame.0043/train_rod_orbit.gif,items/04_ai_001_001_cam_00_frame.0043/train_rod_preview.png
5,ai_001_001_cam_00_frame.0056,ai_001_001,56,浴室毛巾环与墙面细边界,0 64 96 160,3226,0.008659412153065205,0.006603199522942305,-0.0020562126301229,0.00756562314927578,0.004296726547181606,-0.0032688966020941734,items/05_ai_001_001_cam_00_frame.0056/train_rod_orbit.gif,items/05_ai_001_001_cam_00_frame.0056/train_rod_preview.png
6,ai_001_001_cam_00_frame.0071,ai_001_001,71,浴缸龙头、把手与细长金属结构,96 96 192 192,3226,0.008870095014572144,0.005333940032869577,-0.003536154981702566,0.006004877854138613,0.0047815158031880856,-0.0012233620509505272,items/06_ai_001_001_cam_00_frame.0071/train_rod_orbit.gif,items/06_ai_001_001_cam_00_frame.0071/train_rod_preview.png
7,ai_001_001_cam_00_frame.0085,ai_001_001,85,窗框、洗手台龙头与细小立物,160 64 256 160,3226,0.06163088232278824,0.018642880022525787,-0.04298800230026245,0.05647984519600868,0.013453063555061817,-0.043026781640946865,items/07_ai_001_001_cam_00_frame.0085/train_rod_orbit.gif,items/07_ai_001_001_cam_00_frame.0085/train_rod_preview.png
8,ai_001_001_cam_00_frame.0099,ai_001_001,99,窗框、龙头和洗手台细边,144 96 240 192,3226,0.10149972140789032,0.04133617877960205,-0.06016354262828827,0.06273932754993439,0.01981637068092823,-0.04292295686900616,items/08_ai_001_001_cam_00_frame.0099/train_rod_orbit.gif,items/08_ai_001_001_cam_00_frame.0099/train_rod_preview.png
9,ai_018_003_cam_00_frame.0000,ai_018_003,0,餐桌与椅子的细长支腿,32 96 128 192,3226,0.04504026845097542,0.027617471292614937,-0.01742279715836048,0.04172040522098541,0.024472150951623917,-0.017248254269361496,items/09_ai_018_003_cam_00_frame.0000/train_rod_orbit.gif,items/09_ai_018_003_cam_00_frame.0000/train_rod_preview.png
10,ai_018_003_cam_00_frame.0014,ai_018_003,14,餐桌边缘与椅子细腿,64 96 160 192,3226,0.028583485633134842,0.021708941087126732,-0.00687454454600811,0.020849887281656265,0.017723027616739273,-0.003126859664916992,items/10_ai_018_003_cam_00_frame.0014/train_rod_orbit.gif,items/10_ai_018_003_cam_00_frame.0014/train_rod_preview.png
11,ai_018_003_cam_00_frame.0028,ai_018_003,28,椅子支腿与桌面斜边,128 96 224 192,3226,0.06328856945037842,0.026858864352107048,-0.03642970509827137,0.055888593196868896,0.02330629527568817,-0.032582297921180725,items/11_ai_018_003_cam_00_frame.0028/train_rod_orbit.gif,items/11_ai_018_003_cam_00_frame.0028/train_rod_preview.png
12,ai_018_003_cam_00_frame.0042,ai_018_003,42,桌面斜边和多根椅腿,144 96 240 192,3226,0.10348658263683319,0.057004716247320175,-0.046481866389513016,0.0955732986330986,0.05298621580004692,-0.04258708283305168,items/12_ai_018_003_cam_00_frame.0042/train_rod_orbit.gif,items/12_ai_018_003_cam_00_frame.0042/train_rod_preview.png
13,ai_018_003_cam_00_frame.0057,ai_018_003,57,桌椅腿和桌面细边,64 96 160 192,3226,0.04672490805387497,0.020853344351053238,-0.02587156370282173,0.046029552817344666,0.017168041318655014,-0.02886151149868965,items/13_ai_018_003_cam_00_frame.0057/train_rod_orbit.gif,items/13_ai_018_003_cam_00_frame.0057/train_rod_preview.png
14,ai_018_003_cam_00_frame.0071,ai_018_003,71,窗格、椅背和桌面细边,160 64 256 160,3226,0.03326686471700668,0.013259672559797764,-0.02000719215720892,0.028884509578347206,0.010321426205337048,-0.01856308337301016,items/14_ai_018_003_cam_00_frame.0071/train_rod_orbit.gif,items/14_ai_018_003_cam_00_frame.0071/train_rod_preview.png
15,ai_018_003_cam_00_frame.0085,ai_018_003,85,窗格与邻近竖直框架,0 48 96 144,3226,0.0393759123980999,0.021329091861844063,-0.018046820536255836,0.03700229525566101,0.019518790766596794,-0.017483504489064217,items/15_ai_018_003_cam_00_frame.0085/train_rod_orbit.gif,items/15_ai_018_003_cam_00_frame.0085/train_rod_preview.png
16,ai_018_003_cam_00_frame.0099,ai_018_003,99,桌椅的平行细腿,64 96 160 192,3226,0.02872130461037159,0.015841655433177948,-0.012879649177193642,0.026375683024525642,0.014665606431663036,-0.011710076592862606,items/16_ai_018_003_cam_00_frame.0099/train_rod_orbit.gif,items/16_ai_018_003_cam_00_frame.0099/train_rod_preview.png
17,ai_036_002_cam_00_frame.0000,ai_036_002,0,书架格栅、桌腿和台灯细杆,32 96 128 192,3226,0.18842419981956482,0.15732549130916595,-0.031098708510398865,0.1597323715686798,0.10792877525091171,-0.0518035963177681,items/17_ai_036_002_cam_00_frame.0000/train_rod_orbit.gif,items/17_ai_036_002_cam_00_frame.0000/train_rod_preview.png
18,ai_036_002_cam_00_frame.0014,ai_036_002,14,屋顶横梁、吊灯线与窗框,48 0 144 96,3226,0.18500864505767822,0.060655735433101654,-0.12435290962457657,0.1826571524143219,0.05503188818693161,-0.1276252642273903,items/18_ai_036_002_cam_00_frame.0014/train_rod_orbit.gif,items/18_ai_036_002_cam_00_frame.0014/train_rod_preview.png
19,ai_036_002_cam_00_frame.0028,ai_036_002,28,交叉屋梁和吊灯细线,112 0 208 96,3226,0.059568118304014206,0.03258763998746872,-0.026980478316545486,0.05548952892422676,0.019265729933977127,-0.036223798990249634,items/19_ai_036_002_cam_00_frame.0028/train_rod_orbit.gif,items/19_ai_036_002_cam_00_frame.0028/train_rod_preview.png
20,ai_036_002_cam_00_frame.0042,ai_036_002,42,吊灯链条与书架格栅,80 16 176 112,3226,0.09566278010606766,0.03760362043976784,-0.05805915966629982,0.09473547339439392,0.024022873491048813,-0.07071259990334511,items/20_ai_036_002_cam_00_frame.0042/train_rod_orbit.gif,items/20_ai_036_002_cam_00_frame.0042/train_rod_preview.png
21,ai_036_002_cam_00_frame.0057,ai_036_002,57,屋梁、吊灯线和窗框,128 0 224 96,3226,0.021969709545373917,0.022305458784103394,0.00033574923872947693,0.018744196742773056,0.017215535044670105,-0.001528661698102951,items/21_ai_036_002_cam_00_frame.0057/train_rod_orbit.gif,items/21_ai_036_002_cam_00_frame.0057/train_rod_preview.png
22,ai_036_002_cam_00_frame.0071,ai_036_002,71,书架的重复竖杆和横格,48 96 144 192,3226,0.11886212974786758,0.06798899173736572,-0.05087313801050186,0.10629656165838242,0.053664688020944595,-0.05263187363743782,items/22_ai_036_002_cam_00_frame.0071/train_rod_orbit.gif,items/22_ai_036_002_cam_00_frame.0071/train_rod_preview.png
23,ai_036_002_cam_00_frame.0085,ai_036_002,85,书架密集格栅和书本细边,144 80 240 176,3226,0.04756234958767891,0.03323880583047867,-0.014323543757200241,0.04674770310521126,0.015149707905948162,-0.031597995199263096,items/23_ai_036_002_cam_00_frame.0085/train_rod_orbit.gif,items/23_ai_036_002_cam_00_frame.0085/train_rod_preview.png
24,ai_036_002_cam_00_frame.0099,ai_036_002,99,交叉屋梁、吊灯线与窗框,160 32 256 128,3226,0.047978758811950684,0.031023450195789337,-0.016955308616161346,0.04213005676865578,0.024069378152489662,-0.018060678616166115,items/24_ai_036_002_cam_00_frame.0099/train_rod_orbit.gif,items/24_ai_036_002_cam_00_frame.0099/train_rod_preview.png
