batch_id,split,pair_index,sample_ids,objective,parameter_group,parameter_numel,active_parameter_numel,active_parameter_tensors,gradient_l2,gradient_rms,gradient_l1,gradient_abs_max,gradient_nonzero_fraction
train_effective_08,train,-1,ai_001_001_cam_00_frame.0000|ai_001_001_cam_00_frame.0014|ai_001_001_cam_00_frame.0028|ai_001_001_cam_00_frame.0043|ai_001_001_cam_00_frame.0056|ai_001_001_cam_00_frame.0071|ai_001_001_cam_00_frame.0085|ai_001_001_cam_00_frame.0099,global,bottleneck,28708864,28708864,13,0.04342200759657515,8.10404595374528e-06,164.97395707195787,0.00012099652667529881,1.0
train_effective_08,train,-1,ai_001_001_cam_00_frame.0000|ai_001_001_cam_00_frame.0014|ai_001_001_cam_00_frame.0028|ai_001_001_cam_00_frame.0043|ai_001_001_cam_00_frame.0056|ai_001_001_cam_00_frame.0071|ai_001_001_cam_00_frame.0085|ai_001_001_cam_00_frame.0099,global,decoder,10970880,10970880,56,0.0653874836110972,1.974121560934487e-05,106.13934758767893,0.0017106668092310429,0.9992532959981333
train_effective_08,train,-1,ai_001_001_cam_00_frame.0000|ai_001_001_cam_00_frame.0014|ai_001_001_cam_00_frame.0028|ai_001_001_cam_00_frame.0043|ai_001_001_cam_00_frame.0056|ai_001_001_cam_00_frame.0071|ai_001_001_cam_00_frame.0085|ai_001_001_cam_00_frame.0099,global,encoder,10796800,10796800,52,0.06123774062434108,1.8636812275221076e-05,131.08933159969672,0.0007117082714103162,0.9992412566686426
train_effective_08,train,-1,ai_001_001_cam_00_frame.0000|ai_001_001_cam_00_frame.0014|ai_001_001_cam_00_frame.0028|ai_001_001_cam_00_frame.0043|ai_001_001_cam_00_frame.0056|ai_001_001_cam_00_frame.0071|ai_001_001_cam_00_frame.0085|ai_001_001_cam_00_frame.0099,global,input_fusion,262496,262496,3,0.010584089998192523,2.065818579896078e-05,3.76162173520272,0.0005406861891970038,1.0
train_effective_08,train,-1,ai_001_001_cam_00_frame.0000|ai_001_001_cam_00_frame.0014|ai_001_001_cam_00_frame.0028|ai_001_001_cam_00_frame.0043|ai_001_001_cam_00_frame.0056|ai_001_001_cam_00_frame.0071|ai_001_001_cam_00_frame.0085|ai_001_001_cam_00_frame.0099,global,output,33,33,2,1.8904110242596759,0.3290783198959342,8.956508403643966,0.6680490970611572,1.0
train_effective_08,train,-1,ai_001_001_cam_00_frame.0000|ai_001_001_cam_00_frame.0014|ai_001_001_cam_00_frame.0028|ai_001_001_cam_00_frame.0043|ai_001_001_cam_00_frame.0056|ai_001_001_cam_00_frame.0071|ai_001_001_cam_00_frame.0085|ai_001_001_cam_00_frame.0099,local,bottleneck,28708864,28708864,13,0.02752262660205522,5.13667246395167e-06,103.8199102994339,7.900546188466251e-05,0.9999999651675524
train_effective_08,train,-1,ai_001_001_cam_00_frame.0000|ai_001_001_cam_00_frame.0014|ai_001_001_cam_00_frame.0028|ai_001_001_cam_00_frame.0043|ai_001_001_cam_00_frame.0056|ai_001_001_cam_00_frame.0071|ai_001_001_cam_00_frame.0085|ai_001_001_cam_00_frame.0099,local,decoder,10970880,10970880,56,0.0466058394044778,1.4070826303860861e-05,72.14767400033077,0.0014112550998106599,0.9992532959981333
train_effective_08,train,-1,ai_001_001_cam_00_frame.0000|ai_001_001_cam_00_frame.0014|ai_001_001_cam_00_frame.0028|ai_001_001_cam_00_frame.0043|ai_001_001_cam_00_frame.0056|ai_001_001_cam_00_frame.0071|ai_001_001_cam_00_frame.0085|ai_001_001_cam_00_frame.0099,local,encoder,10796800,10796800,52,0.030741597902272134,9.355756487809523e-06,73.83248509394058,0.00020609816419892013,0.9992412566686426
train_effective_08,train,-1,ai_001_001_cam_00_frame.0000|ai_001_001_cam_00_frame.0014|ai_001_001_cam_00_frame.0028|ai_001_001_cam_00_frame.0043|ai_001_001_cam_00_frame.0056|ai_001_001_cam_00_frame.0071|ai_001_001_cam_00_frame.0085|ai_001_001_cam_00_frame.0099,local,input_fusion,262496,262496,3,0.006009536712432766,1.1729504000090024e-05,2.0203581727905213,0.00013763671449851245,1.0
train_effective_08,train,-1,ai_001_001_cam_00_frame.0000|ai_001_001_cam_00_frame.0014|ai_001_001_cam_00_frame.0028|ai_001_001_cam_00_frame.0043|ai_001_001_cam_00_frame.0056|ai_001_001_cam_00_frame.0071|ai_001_001_cam_00_frame.0085|ai_001_001_cam_00_frame.0099,local,output,33,33,2,1.6712783921652237,0.2909322249575297,8.005355264991522,0.571491539478302,1.0
train_effective_08,train,-1,ai_001_001_cam_00_frame.0000|ai_001_001_cam_00_frame.0014|ai_001_001_cam_00_frame.0028|ai_001_001_cam_00_frame.0043|ai_001_001_cam_00_frame.0056|ai_001_001_cam_00_frame.0071|ai_001_001_cam_00_frame.0085|ai_001_001_cam_00_frame.0099,edge_paper,bottleneck,28708864,28708864,13,0.0013211729489106608,2.4657649158676043e-07,4.864242437149201,5.639205483021215e-06,1.0
train_effective_08,train,-1,ai_001_001_cam_00_frame.0000|ai_001_001_cam_00_frame.0014|ai_001_001_cam_00_frame.0028|ai_001_001_cam_00_frame.0043|ai_001_001_cam_00_frame.0056|ai_001_001_cam_00_frame.0071|ai_001_001_cam_00_frame.0085|ai_001_001_cam_00_frame.0099,edge_paper,decoder,10970880,10970880,56,0.00451157238958952,1.3620943697692402e-06,4.745295567167632,0.0001639849942876026,0.9992532959981333
train_effective_08,train,-1,ai_001_001_cam_00_frame.0000|ai_001_001_cam_00_frame.0014|ai_001_001_cam_00_frame.0028|ai_001_001_cam_00_frame.0043|ai_001_001_cam_00_frame.0056|ai_001_001_cam_00_frame.0071|ai_001_001_cam_00_frame.0085|ai_001_001_cam_00_frame.0099,edge_paper,encoder,10796800,10796800,52,0.002722315412167907,8.284969493199732e-07,4.6082653779563145,5.268122913548723e-05,0.9992412566686426
train_effective_08,train,-1,ai_001_001_cam_00_frame.0000|ai_001_001_cam_00_frame.0014|ai_001_001_cam_00_frame.0028|ai_001_001_cam_00_frame.0043|ai_001_001_cam_00_frame.0056|ai_001_001_cam_00_frame.0071|ai_001_001_cam_00_frame.0085|ai_001_001_cam_00_frame.0099,edge_paper,input_fusion,262496,262496,3,0.0005164044891533137,1.0079260367370632e-06,0.14981672766974774,1.7972546629607677e-05,1.0
train_effective_08,train,-1,ai_001_001_cam_00_frame.0000|ai_001_001_cam_00_frame.0014|ai_001_001_cam_00_frame.0028|ai_001_001_cam_00_frame.0043|ai_001_001_cam_00_frame.0056|ai_001_001_cam_00_frame.0071|ai_001_001_cam_00_frame.0085|ai_001_001_cam_00_frame.0099,edge_paper,output,33,33,2,0.27019321616115066,0.04703460172446428,1.361950494134362,0.08391232043504715,1.0
train_effective_08,train,-1,ai_001_001_cam_00_frame.0000|ai_001_001_cam_00_frame.0014|ai_001_001_cam_00_frame.0028|ai_001_001_cam_00_frame.0043|ai_001_001_cam_00_frame.0056|ai_001_001_cam_00_frame.0071|ai_001_001_cam_00_frame.0085|ai_001_001_cam_00_frame.0099,combined_checkpoint,bottleneck,28708864,28708864,13,0.0664851557213873,1.2408425750690777e-05,252.7886772865006,0.000196249398868531,1.0
train_effective_08,train,-1,ai_001_001_cam_00_frame.0000|ai_001_001_cam_00_frame.0014|ai_001_001_cam_00_frame.0028|ai_001_001_cam_00_frame.0043|ai_001_001_cam_00_frame.0056|ai_001_001_cam_00_frame.0071|ai_001_001_cam_00_frame.0085|ai_001_001_cam_00_frame.0099,combined_checkpoint,decoder,10970880,10970880,56,0.11046962133569453,3.335201926474681e-05,173.45385137882505,0.003135532373562455,0.9992532959981333
train_effective_08,train,-1,ai_001_001_cam_00_frame.0000|ai_001_001_cam_00_frame.0014|ai_001_001_cam_00_frame.0028|ai_001_001_cam_00_frame.0043|ai_001_001_cam_00_frame.0056|ai_001_001_cam_00_frame.0071|ai_001_001_cam_00_frame.0085|ai_001_001_cam_00_frame.0099,combined_checkpoint,encoder,10796800,10796800,52,0.08496996149724484,2.5859367202510245e-05,190.59873194830885,0.0008153339149430394,0.9992412566686426
train_effective_08,train,-1,ai_001_001_cam_00_frame.0000|ai_001_001_cam_00_frame.0014|ai_001_001_cam_00_frame.0028|ai_001_001_cam_00_frame.0043|ai_001_001_cam_00_frame.0056|ai_001_001_cam_00_frame.0071|ai_001_001_cam_00_frame.0085|ai_001_001_cam_00_frame.0099,combined_checkpoint,input_fusion,262496,262496,3,0.015639963865559534,3.0526316336967775e-05,5.537068446168082,0.0006025019101798534,1.0
train_effective_08,train,-1,ai_001_001_cam_00_frame.0000|ai_001_001_cam_00_frame.0014|ai_001_001_cam_00_frame.0028|ai_001_001_cam_00_frame.0043|ai_001_001_cam_00_frame.0056|ai_001_001_cam_00_frame.0071|ai_001_001_cam_00_frame.0085|ai_001_001_cam_00_frame.0099,combined_checkpoint,output,33,33,2,3.7469067852624214,0.6522527502629816,17.88967754226178,1.2880313396453857,1.0
train_effective_08,train,-1,ai_001_001_cam_00_frame.0000|ai_001_001_cam_00_frame.0014|ai_001_001_cam_00_frame.0028|ai_001_001_cam_00_frame.0043|ai_001_001_cam_00_frame.0056|ai_001_001_cam_00_frame.0071|ai_001_001_cam_00_frame.0085|ai_001_001_cam_00_frame.0099,combined_paper,bottleneck,28708864,28708864,13,0.06667231223496181,1.2443355618527431e-05,253.4938547608391,0.00019708261243067682,1.0
train_effective_08,train,-1,ai_001_001_cam_00_frame.0000|ai_001_001_cam_00_frame.0014|ai_001_001_cam_00_frame.0028|ai_001_001_cam_00_frame.0043|ai_001_001_cam_00_frame.0056|ai_001_001_cam_00_frame.0071|ai_001_001_cam_00_frame.0085|ai_001_001_cam_00_frame.0099,combined_paper,decoder,10970880,10970880,56,0.1108003778150851,3.345187836029899e-05,173.92027176730508,0.003140069078654051,0.9992532959981333
train_effective_08,train,-1,ai_001_001_cam_00_frame.0000|ai_001_001_cam_00_frame.0014|ai_001_001_cam_00_frame.0028|ai_001_001_cam_00_frame.0043|ai_001_001_cam_00_frame.0056|ai_001_001_cam_00_frame.0071|ai_001_001_cam_00_frame.0085|ai_001_001_cam_00_frame.0099,combined_paper,encoder,10796800,10796800,52,0.0852075882722333,2.5931685442077463e-05,191.11541834899282,0.0008178949356079102,0.9992412566686426
train_effective_08,train,-1,ai_001_001_cam_00_frame.0000|ai_001_001_cam_00_frame.0014|ai_001_001_cam_00_frame.0028|ai_001_001_cam_00_frame.0043|ai_001_001_cam_00_frame.0056|ai_001_001_cam_00_frame.0071|ai_001_001_cam_00_frame.0085|ai_001_001_cam_00_frame.0099,combined_paper,input_fusion,262496,262496,3,0.01572789209516105,3.069793597591567e-05,5.564902512612185,0.0006053938996046782,1.0
train_effective_08,train,-1,ai_001_001_cam_00_frame.0000|ai_001_001_cam_00_frame.0014|ai_001_001_cam_00_frame.0028|ai_001_001_cam_00_frame.0043|ai_001_001_cam_00_frame.0056|ai_001_001_cam_00_frame.0071|ai_001_001_cam_00_frame.0085|ai_001_001_cam_00_frame.0099,combined_paper,output,33,33,2,3.8105930964782413,0.6633391140358966,18.211048202821985,1.308351993560791,1.0
val_effective_08,val,-1,ai_043_002_cam_00_frame.0000|ai_043_002_cam_00_frame.0014|ai_043_002_cam_00_frame.0028|ai_043_002_cam_00_frame.0042|ai_043_002_cam_00_frame.0057|ai_043_002_cam_00_frame.0071|ai_043_002_cam_00_frame.0085|ai_043_002_cam_00_frame.0099,global,bottleneck,28708864,28708864,13,0.0705714099429377,1.317106188437203e-05,256.42222379724336,0.0008389101130887866,1.0
val_effective_08,val,-1,ai_043_002_cam_00_frame.0000|ai_043_002_cam_00_frame.0014|ai_043_002_cam_00_frame.0028|ai_043_002_cam_00_frame.0042|ai_043_002_cam_00_frame.0057|ai_043_002_cam_00_frame.0071|ai_043_002_cam_00_frame.0085|ai_043_002_cam_00_frame.0099,global,decoder,10970880,10970880,56,0.09411751643411814,2.8415135159393976e-05,156.57399263445788,0.0017532457131892443,0.9992532959981333
val_effective_08,val,-1,ai_043_002_cam_00_frame.0000|ai_043_002_cam_00_frame.0014|ai_043_002_cam_00_frame.0028|ai_043_002_cam_00_frame.0042|ai_043_002_cam_00_frame.0057|ai_043_002_cam_00_frame.0071|ai_043_002_cam_00_frame.0085|ai_043_002_cam_00_frame.0099,global,encoder,10796800,10796800,52,0.15787741052356385,4.804768484969447e-05,255.60912173493585,0.002820885507389903,0.9992412566686426
val_effective_08,val,-1,ai_043_002_cam_00_frame.0000|ai_043_002_cam_00_frame.0014|ai_043_002_cam_00_frame.0028|ai_043_002_cam_00_frame.0042|ai_043_002_cam_00_frame.0057|ai_043_002_cam_00_frame.0071|ai_043_002_cam_00_frame.0085|ai_043_002_cam_00_frame.0099,global,input_fusion,262496,262496,3,0.08002173095032794,0.00015618761614920418,19.47578168112682,0.0019336388213559985,1.0
val_effective_08,val,-1,ai_043_002_cam_00_frame.0000|ai_043_002_cam_00_frame.0014|ai_043_002_cam_00_frame.0028|ai_043_002_cam_00_frame.0042|ai_043_002_cam_00_frame.0057|ai_043_002_cam_00_frame.0071|ai_043_002_cam_00_frame.0085|ai_043_002_cam_00_frame.0099,global,output,33,33,2,2.2182940139455356,0.38615542216819493,10.448521276004612,0.7977805137634277,1.0
val_effective_08,val,-1,ai_043_002_cam_00_frame.0000|ai_043_002_cam_00_frame.0014|ai_043_002_cam_00_frame.0028|ai_043_002_cam_00_frame.0042|ai_043_002_cam_00_frame.0057|ai_043_002_cam_00_frame.0071|ai_043_002_cam_00_frame.0085|ai_043_002_cam_00_frame.0099,local,bottleneck,28708864,28708864,13,0.03500159464185537,6.5325061445186e-06,133.43252633815052,0.00015916541451588273,1.0
val_effective_08,val,-1,ai_043_002_cam_00_frame.0000|ai_043_002_cam_00_frame.0014|ai_043_002_cam_00_frame.0028|ai_043_002_cam_00_frame.0042|ai_043_002_cam_00_frame.0057|ai_043_002_cam_00_frame.0071|ai_043_002_cam_00_frame.0085|ai_043_002_cam_00_frame.0099,local,decoder,10970880,10970880,56,0.06612299051732519,1.996327340414193e-05,105.78242197547326,0.0015118707669898868,0.9992532048477424
val_effective_08,val,-1,ai_043_002_cam_00_frame.0000|ai_043_002_cam_00_frame.0014|ai_043_002_cam_00_frame.0028|ai_043_002_cam_00_frame.0042|ai_043_002_cam_00_frame.0057|ai_043_002_cam_00_frame.0071|ai_043_002_cam_00_frame.0085|ai_043_002_cam_00_frame.0099,local,encoder,10796800,10796800,52,0.04757683685241721,1.4479315664282973e-05,107.08275235733664,0.0005383355892263353,0.9992412566686426
val_effective_08,val,-1,ai_043_002_cam_00_frame.0000|ai_043_002_cam_00_frame.0014|ai_043_002_cam_00_frame.0028|ai_043_002_cam_00_frame.0042|ai_043_002_cam_00_frame.0057|ai_043_002_cam_00_frame.0071|ai_043_002_cam_00_frame.0085|ai_043_002_cam_00_frame.0099,local,input_fusion,262496,262496,3,0.018778983440841678,3.6653101882425866e-05,5.590723012645398,0.0003775839286390692,1.0
val_effective_08,val,-1,ai_043_002_cam_00_frame.0000|ai_043_002_cam_00_frame.0014|ai_043_002_cam_00_frame.0028|ai_043_002_cam_00_frame.0042|ai_043_002_cam_00_frame.0057|ai_043_002_cam_00_frame.0071|ai_043_002_cam_00_frame.0085|ai_043_002_cam_00_frame.0099,local,output,33,33,2,1.9681718116874767,0.34261473549663507,9.467512661125511,0.6699209213256836,1.0
val_effective_08,val,-1,ai_043_002_cam_00_frame.0000|ai_043_002_cam_00_frame.0014|ai_043_002_cam_00_frame.0028|ai_043_002_cam_00_frame.0042|ai_043_002_cam_00_frame.0057|ai_043_002_cam_00_frame.0071|ai_043_002_cam_00_frame.0085|ai_043_002_cam_00_frame.0099,edge_paper,bottleneck,28708864,28708864,13,0.001965525483543565,3.668349236609414e-07,7.238560580217737,1.0334275430068374e-05,1.0
val_effective_08,val,-1,ai_043_002_cam_00_frame.0000|ai_043_002_cam_00_frame.0014|ai_043_002_cam_00_frame.0028|ai_043_002_cam_00_frame.0042|ai_043_002_cam_00_frame.0057|ai_043_002_cam_00_frame.0071|ai_043_002_cam_00_frame.0085|ai_043_002_cam_00_frame.0099,edge_paper,decoder,10970880,10970880,56,0.003891223763786848,1.1748041530701389e-06,4.770243566450401,8.855763007886708e-05,0.9992532959981333
val_effective_08,val,-1,ai_043_002_cam_00_frame.0000|ai_043_002_cam_00_frame.0014|ai_043_002_cam_00_frame.0028|ai_043_002_cam_00_frame.0042|ai_043_002_cam_00_frame.0057|ai_043_002_cam_00_frame.0071|ai_043_002_cam_00_frame.0085|ai_043_002_cam_00_frame.0099,edge_paper,encoder,10796800,10796800,52,0.0028057870456227097,8.539003222586684e-07,5.970645078654483,3.7132598663447425e-05,0.9992412566686426
val_effective_08,val,-1,ai_043_002_cam_00_frame.0000|ai_043_002_cam_00_frame.0014|ai_043_002_cam_00_frame.0028|ai_043_002_cam_00_frame.0042|ai_043_002_cam_00_frame.0057|ai_043_002_cam_00_frame.0071|ai_043_002_cam_00_frame.0085|ai_043_002_cam_00_frame.0099,edge_paper,input_fusion,262496,262496,3,0.0011167793836111925,2.1797467715248784e-06,0.3028991324278567,7.453240687027574e-05,1.0
val_effective_08,val,-1,ai_043_002_cam_00_frame.0000|ai_043_002_cam_00_frame.0014|ai_043_002_cam_00_frame.0028|ai_043_002_cam_00_frame.0042|ai_043_002_cam_00_frame.0057|ai_043_002_cam_00_frame.0071|ai_043_002_cam_00_frame.0085|ai_043_002_cam_00_frame.0099,edge_paper,output,33,33,2,0.22902433162723035,0.03986801880648865,1.128598743762268,0.07503855228424072,1.0
val_effective_08,val,-1,ai_043_002_cam_00_frame.0000|ai_043_002_cam_00_frame.0014|ai_043_002_cam_00_frame.0028|ai_043_002_cam_00_frame.0042|ai_043_002_cam_00_frame.0057|ai_043_002_cam_00_frame.0071|ai_043_002_cam_00_frame.0085|ai_043_002_cam_00_frame.0099,combined_checkpoint,bottleneck,28708864,28708864,13,0.09676765923124747,1.8060186542555132e-05,357.7768568531919,0.0009876906406134367,1.0
val_effective_08,val,-1,ai_043_002_cam_00_frame.0000|ai_043_002_cam_00_frame.0014|ai_043_002_cam_00_frame.0028|ai_043_002_cam_00_frame.0042|ai_043_002_cam_00_frame.0057|ai_043_002_cam_00_frame.0071|ai_043_002_cam_00_frame.0085|ai_043_002_cam_00_frame.0099,combined_checkpoint,decoder,10970880,10970880,56,0.1550989973979104,4.6826129089722746e-05,251.2225411071036,0.0032729990780353546,0.9992532959981333
val_effective_08,val,-1,ai_043_002_cam_00_frame.0000|ai_043_002_cam_00_frame.0014|ai_043_002_cam_00_frame.0028|ai_043_002_cam_00_frame.0042|ai_043_002_cam_00_frame.0057|ai_043_002_cam_00_frame.0071|ai_043_002_cam_00_frame.0085|ai_043_002_cam_00_frame.0099,combined_checkpoint,encoder,10796800,10796800,52,0.18941137812264996,5.7644587485966334e-05,333.3131593117161,0.0032600166741758585,0.9992412566686426
val_effective_08,val,-1,ai_043_002_cam_00_frame.0000|ai_043_002_cam_00_frame.0014|ai_043_002_cam_00_frame.0028|ai_043_002_cam_00_frame.0042|ai_043_002_cam_00_frame.0057|ai_043_002_cam_00_frame.0071|ai_043_002_cam_00_frame.0085|ai_043_002_cam_00_frame.0099,combined_checkpoint,input_fusion,262496,262496,3,0.09738180554811492,0.0001900712704441078,24.504596544168976,0.0022747183684259653,1.0
val_effective_08,val,-1,ai_043_002_cam_00_frame.0000|ai_043_002_cam_00_frame.0014|ai_043_002_cam_00_frame.0028|ai_043_002_cam_00_frame.0042|ai_043_002_cam_00_frame.0057|ai_043_002_cam_00_frame.0071|ai_043_002_cam_00_frame.0085|ai_043_002_cam_00_frame.0099,combined_checkpoint,output,33,33,2,4.334490521536067,0.7545379497511888,20.718208614736795,1.5170402526855469,1.0
val_effective_08,val,-1,ai_043_002_cam_00_frame.0000|ai_043_002_cam_00_frame.0014|ai_043_002_cam_00_frame.0028|ai_043_002_cam_00_frame.0042|ai_043_002_cam_00_frame.0057|ai_043_002_cam_00_frame.0071|ai_043_002_cam_00_frame.0085|ai_043_002_cam_00_frame.0099,combined_paper,bottleneck,28708864,28708864,13,0.09704786322963933,1.8112482283933288e-05,358.85096997806,0.0009896823903545737,1.0
val_effective_08,val,-1,ai_043_002_cam_00_frame.0000|ai_043_002_cam_00_frame.0014|ai_043_002_cam_00_frame.0028|ai_043_002_cam_00_frame.0042|ai_043_002_cam_00_frame.0057|ai_043_002_cam_00_frame.0071|ai_043_002_cam_00_frame.0085|ai_043_002_cam_00_frame.0099,combined_paper,decoder,10970880,10970880,56,0.15536851736734528,4.690750019522795e-05,251.68806478337845,0.003275626804679632,0.9992532959981333
val_effective_08,val,-1,ai_043_002_cam_00_frame.0000|ai_043_002_cam_00_frame.0014|ai_043_002_cam_00_frame.0028|ai_043_002_cam_00_frame.0042|ai_043_002_cam_00_frame.0057|ai_043_002_cam_00_frame.0071|ai_043_002_cam_00_frame.0085|ai_043_002_cam_00_frame.0099,combined_paper,encoder,10796800,10796800,52,0.1897136454124992,5.7736578122466414e-05,334.0349024819141,0.0032632178626954556,0.9992412566686426
val_effective_08,val,-1,ai_043_002_cam_00_frame.0000|ai_043_002_cam_00_frame.0014|ai_043_002_cam_00_frame.0028|ai_043_002_cam_00_frame.0042|ai_043_002_cam_00_frame.0057|ai_043_002_cam_00_frame.0071|ai_043_002_cam_00_frame.0085|ai_043_002_cam_00_frame.0099,combined_paper,input_fusion,262496,262496,3,0.0975635497324241,0.0001904260014722813,24.55595798666101,0.0022807661443948746,1.0
val_effective_08,val,-1,ai_043_002_cam_00_frame.0000|ai_043_002_cam_00_frame.0014|ai_043_002_cam_00_frame.0028|ai_043_002_cam_00_frame.0042|ai_043_002_cam_00_frame.0057|ai_043_002_cam_00_frame.0071|ai_043_002_cam_00_frame.0085|ai_043_002_cam_00_frame.0099,combined_paper,output,33,33,2,4.388480682018951,0.7639364303327212,20.985836163163185,1.5357998609542847,1.0
test_effective_08,test,-1,ai_046_001_cam_00_frame.0000|ai_046_001_cam_00_frame.0014|ai_046_001_cam_00_frame.0028|ai_046_001_cam_00_frame.0042|ai_046_001_cam_00_frame.0057|ai_046_001_cam_00_frame.0071|ai_046_001_cam_00_frame.0085|ai_046_001_cam_00_frame.0099,global,bottleneck,28708864,28708864,13,0.0694984748992145,1.2970815157401204e-05,259.64185687572945,0.00022419591550715268,1.0
test_effective_08,test,-1,ai_046_001_cam_00_frame.0000|ai_046_001_cam_00_frame.0014|ai_046_001_cam_00_frame.0028|ai_046_001_cam_00_frame.0042|ai_046_001_cam_00_frame.0057|ai_046_001_cam_00_frame.0071|ai_046_001_cam_00_frame.0085|ai_046_001_cam_00_frame.0099,global,decoder,10970880,10970880,56,0.07576281934787425,2.2873645984204804e-05,129.73757941999304,0.0017282182816416025,0.9992532959981333
test_effective_08,test,-1,ai_046_001_cam_00_frame.0000|ai_046_001_cam_00_frame.0014|ai_046_001_cam_00_frame.0028|ai_046_001_cam_00_frame.0042|ai_046_001_cam_00_frame.0057|ai_046_001_cam_00_frame.0071|ai_046_001_cam_00_frame.0085|ai_046_001_cam_00_frame.0099,global,encoder,10796800,10796800,52,0.11161792690572202,3.396928640872227e-05,224.87852629901107,0.001593556720763445,0.9992412566686426
test_effective_08,test,-1,ai_046_001_cam_00_frame.0000|ai_046_001_cam_00_frame.0014|ai_046_001_cam_00_frame.0028|ai_046_001_cam_00_frame.0042|ai_046_001_cam_00_frame.0057|ai_046_001_cam_00_frame.0071|ai_046_001_cam_00_frame.0085|ai_046_001_cam_00_frame.0099,global,input_fusion,262496,262496,3,0.021347540371621006,4.166644987174846e-05,7.03626660275642,0.0008320426568388939,1.0
test_effective_08,test,-1,ai_046_001_cam_00_frame.0000|ai_046_001_cam_00_frame.0014|ai_046_001_cam_00_frame.0028|ai_046_001_cam_00_frame.0042|ai_046_001_cam_00_frame.0057|ai_046_001_cam_00_frame.0071|ai_046_001_cam_00_frame.0085|ai_046_001_cam_00_frame.0099,global,output,33,33,2,2.1108386249023523,0.36744983992375,10.049433833919466,0.7464474439620972,1.0
test_effective_08,test,-1,ai_046_001_cam_00_frame.0000|ai_046_001_cam_00_frame.0014|ai_046_001_cam_00_frame.0028|ai_046_001_cam_00_frame.0042|ai_046_001_cam_00_frame.0057|ai_046_001_cam_00_frame.0071|ai_046_001_cam_00_frame.0085|ai_046_001_cam_00_frame.0099,local,bottleneck,28708864,28708864,13,0.04138630120317786,7.72411284900035e-06,155.84855106196048,0.00014562270371243358,1.0
test_effective_08,test,-1,ai_046_001_cam_00_frame.0000|ai_046_001_cam_00_frame.0014|ai_046_001_cam_00_frame.0028|ai_046_001_cam_00_frame.0042|ai_046_001_cam_00_frame.0057|ai_046_001_cam_00_frame.0071|ai_046_001_cam_00_frame.0085|ai_046_001_cam_00_frame.0099,local,decoder,10970880,10970880,56,0.054331546372498304,1.6403303997870587e-05,93.66506909117535,0.001369429170154035,0.9992532959981333
test_effective_08,test,-1,ai_046_001_cam_00_frame.0000|ai_046_001_cam_00_frame.0014|ai_046_001_cam_00_frame.0028|ai_046_001_cam_00_frame.0042|ai_046_001_cam_00_frame.0057|ai_046_001_cam_00_frame.0071|ai_046_001_cam_00_frame.0085|ai_046_001_cam_00_frame.0099,local,encoder,10796800,10796800,52,0.05049327574177654,1.5366891259642865e-05,115.13225761523873,0.0003392891667317599,0.999241164048607
test_effective_08,test,-1,ai_046_001_cam_00_frame.0000|ai_046_001_cam_00_frame.0014|ai_046_001_cam_00_frame.0028|ai_046_001_cam_00_frame.0042|ai_046_001_cam_00_frame.0057|ai_046_001_cam_00_frame.0071|ai_046_001_cam_00_frame.0085|ai_046_001_cam_00_frame.0099,local,input_fusion,262496,262496,3,0.014880130942175765,2.9043263026753104e-05,4.267202382139423,0.00040781396091915667,1.0
test_effective_08,test,-1,ai_046_001_cam_00_frame.0000|ai_046_001_cam_00_frame.0014|ai_046_001_cam_00_frame.0028|ai_046_001_cam_00_frame.0042|ai_046_001_cam_00_frame.0057|ai_046_001_cam_00_frame.0071|ai_046_001_cam_00_frame.0085|ai_046_001_cam_00_frame.0099,local,output,33,33,2,1.5261819896344857,0.2656741833173744,7.387204989790916,0.5406860113143921,1.0
test_effective_08,test,-1,ai_046_001_cam_00_frame.0000|ai_046_001_cam_00_frame.0014|ai_046_001_cam_00_frame.0028|ai_046_001_cam_00_frame.0042|ai_046_001_cam_00_frame.0057|ai_046_001_cam_00_frame.0071|ai_046_001_cam_00_frame.0085|ai_046_001_cam_00_frame.0099,edge_paper,bottleneck,28708864,28708864,13,0.0011404888589837702,2.1285460149170968e-07,4.1368161658564535,6.707834472763352e-06,0.9999999651675524
test_effective_08,test,-1,ai_046_001_cam_00_frame.0000|ai_046_001_cam_00_frame.0014|ai_046_001_cam_00_frame.0028|ai_046_001_cam_00_frame.0042|ai_046_001_cam_00_frame.0057|ai_046_001_cam_00_frame.0071|ai_046_001_cam_00_frame.0085|ai_046_001_cam_00_frame.0099,edge_paper,decoder,10970880,10970880,56,0.002629745492242144,7.939496963795729e-07,3.5636539055534846,7.017405732767656e-05,0.9992532959981333
test_effective_08,test,-1,ai_046_001_cam_00_frame.0000|ai_046_001_cam_00_frame.0014|ai_046_001_cam_00_frame.0028|ai_046_001_cam_00_frame.0042|ai_046_001_cam_00_frame.0057|ai_046_001_cam_00_frame.0071|ai_046_001_cam_00_frame.0085|ai_046_001_cam_00_frame.0099,edge_paper,encoder,10796800,10796800,52,0.0020694384873544617,6.298033893923983e-07,4.306002939822859,2.5243642085115425e-05,0.999241164048607
test_effective_08,test,-1,ai_046_001_cam_00_frame.0000|ai_046_001_cam_00_frame.0014|ai_046_001_cam_00_frame.0028|ai_046_001_cam_00_frame.0042|ai_046_001_cam_00_frame.0057|ai_046_001_cam_00_frame.0071|ai_046_001_cam_00_frame.0085|ai_046_001_cam_00_frame.0099,edge_paper,input_fusion,262496,262496,3,0.0006778532687027491,1.3230441891259097e-06,0.1919540623529059,4.1330469684908167e-05,1.0
test_effective_08,test,-1,ai_046_001_cam_00_frame.0000|ai_046_001_cam_00_frame.0014|ai_046_001_cam_00_frame.0028|ai_046_001_cam_00_frame.0042|ai_046_001_cam_00_frame.0057|ai_046_001_cam_00_frame.0071|ai_046_001_cam_00_frame.0085|ai_046_001_cam_00_frame.0099,edge_paper,output,33,33,2,0.172591690749832,0.03004435696316145,0.8416647036501672,0.055649422109127045,1.0
test_effective_08,test,-1,ai_046_001_cam_00_frame.0000|ai_046_001_cam_00_frame.0014|ai_046_001_cam_00_frame.0028|ai_046_001_cam_00_frame.0042|ai_046_001_cam_00_frame.0057|ai_046_001_cam_00_frame.0071|ai_046_001_cam_00_frame.0085|ai_046_001_cam_00_frame.0099,combined_checkpoint,bottleneck,28708864,28708864,13,0.08288914850783279,1.546997722480423e-05,312.57460618024413,0.00026303468621335924,1.0
test_effective_08,test,-1,ai_046_001_cam_00_frame.0000|ai_046_001_cam_00_frame.0014|ai_046_001_cam_00_frame.0028|ai_046_001_cam_00_frame.0042|ai_046_001_cam_00_frame.0057|ai_046_001_cam_00_frame.0071|ai_046_001_cam_00_frame.0085|ai_046_001_cam_00_frame.0099,combined_checkpoint,decoder,10970880,10970880,56,0.12350939983554676,3.728887483170419e-05,203.76761265822927,0.0031106385868042707,0.9992532959981333
test_effective_08,test,-1,ai_046_001_cam_00_frame.0000|ai_046_001_cam_00_frame.0014|ai_046_001_cam_00_frame.0028|ai_046_001_cam_00_frame.0042|ai_046_001_cam_00_frame.0057|ai_046_001_cam_00_frame.0071|ai_046_001_cam_00_frame.0085|ai_046_001_cam_00_frame.0099,combined_checkpoint,encoder,10796800,10796800,52,0.13479337010154807,4.102239417906316e-05,279.9837866642918,0.0018336568027734756,0.9992412566686426
test_effective_08,test,-1,ai_046_001_cam_00_frame.0000|ai_046_001_cam_00_frame.0014|ai_046_001_cam_00_frame.0028|ai_046_001_cam_00_frame.0042|ai_046_001_cam_00_frame.0057|ai_046_001_cam_00_frame.0071|ai_046_001_cam_00_frame.0085|ai_046_001_cam_00_frame.0099,combined_checkpoint,input_fusion,262496,262496,3,0.02240965459643681,4.373950036543389e-05,7.919031112225236,0.000981923658400774,1.0
test_effective_08,test,-1,ai_046_001_cam_00_frame.0000|ai_046_001_cam_00_frame.0014|ai_046_001_cam_00_frame.0028|ai_046_001_cam_00_frame.0042|ai_046_001_cam_00_frame.0057|ai_046_001_cam_00_frame.0071|ai_046_001_cam_00_frame.0085|ai_046_001_cam_00_frame.0099,combined_checkpoint,output,33,33,2,3.7529298419499635,0.6533012298528372,18.01205567829311,1.2975858449935913,1.0
test_effective_08,test,-1,ai_046_001_cam_00_frame.0000|ai_046_001_cam_00_frame.0014|ai_046_001_cam_00_frame.0028|ai_046_001_cam_00_frame.0042|ai_046_001_cam_00_frame.0057|ai_046_001_cam_00_frame.0071|ai_046_001_cam_00_frame.0085|ai_046_001_cam_00_frame.0099,combined_paper,bottleneck,28708864,28708864,13,0.08298250141343189,1.5487400100409607e-05,312.92276569265346,0.0002633364638313651,1.0
test_effective_08,test,-1,ai_046_001_cam_00_frame.0000|ai_046_001_cam_00_frame.0014|ai_046_001_cam_00_frame.0028|ai_046_001_cam_00_frame.0042|ai_046_001_cam_00_frame.0057|ai_046_001_cam_00_frame.0071|ai_046_001_cam_00_frame.0085|ai_046_001_cam_00_frame.0099,combined_paper,decoder,10970880,10970880,56,0.12373164811757609,3.735597408391647e-05,204.15456435008215,0.003114969003945589,0.9992532959981333
test_effective_08,test,-1,ai_046_001_cam_00_frame.0000|ai_046_001_cam_00_frame.0014|ai_046_001_cam_00_frame.0028|ai_046_001_cam_00_frame.0042|ai_046_001_cam_00_frame.0057|ai_046_001_cam_00_frame.0071|ai_046_001_cam_00_frame.0085|ai_046_001_cam_00_frame.0099,combined_paper,encoder,10796800,10796800,52,0.134954306499453,4.1071372822060516e-05,280.32699239614703,0.0018333017360419035,0.9992412566686426
test_effective_08,test,-1,ai_046_001_cam_00_frame.0000|ai_046_001_cam_00_frame.0014|ai_046_001_cam_00_frame.0028|ai_046_001_cam_00_frame.0042|ai_046_001_cam_00_frame.0057|ai_046_001_cam_00_frame.0071|ai_046_001_cam_00_frame.0085|ai_046_001_cam_00_frame.0099,combined_paper,input_fusion,262496,262496,3,0.022468231036828268,4.385383074142797e-05,7.939013330064052,0.0009863895829766989,1.0
test_effective_08,test,-1,ai_046_001_cam_00_frame.0000|ai_046_001_cam_00_frame.0014|ai_046_001_cam_00_frame.0028|ai_046_001_cam_00_frame.0042|ai_046_001_cam_00_frame.0057|ai_046_001_cam_00_frame.0071|ai_046_001_cam_00_frame.0085|ai_046_001_cam_00_frame.0099,combined_paper,output,33,33,2,3.7943014575456693,0.6605031037188379,18.215045870281756,1.3114981651306152,1.0
