sample_directory,sample_id,snapshot,step,training_stage,k,scope,point_rel,depth_rel,depth_delta_1.01,depth_delta_1.25,boundary_f1
01_ai_019_004_cam_00_frame.0000,ai_019_004_cam_00_frame.0000,initial,0,initial,0,full,0.09128591418266296,0.08456825464963913,0.1285044401884079,0.9277191162109375,0.9142928719520569
01_ai_019_004_cam_00_frame.0000,ai_019_004_cam_00_frame.0000,initial,0,initial,0,crop,0.10902052372694016,0.10676568746566772,0.1327039897441864,0.9032931923866272,0.9230778813362122
01_ai_019_004_cam_00_frame.0000,ai_019_004_cam_00_frame.0000,initial,0,initial,0,structure,0.12166777998209,0.11833105981349945,0.0836588516831398,0.902940571308136,0.7505564093589783
01_ai_019_004_cam_00_frame.0000,ai_019_004_cam_00_frame.0000,initial,0,initial,1,full,0.09128591418266296,0.08456825464963913,0.1285044401884079,0.9277191162109375,0.9142928719520569
01_ai_019_004_cam_00_frame.0000,ai_019_004_cam_00_frame.0000,initial,0,initial,1,crop,0.10902052372694016,0.10676568746566772,0.1327039897441864,0.9032931923866272,0.9230778813362122
01_ai_019_004_cam_00_frame.0000,ai_019_004_cam_00_frame.0000,initial,0,initial,1,structure,0.12166777998209,0.11833105981349945,0.0836588516831398,0.902940571308136,0.7505564093589783
01_ai_019_004_cam_00_frame.0000,ai_019_004_cam_00_frame.0000,initial,0,initial,3,full,0.09128591418266296,0.08456825464963913,0.1285044401884079,0.9277191162109375,0.9142928719520569
01_ai_019_004_cam_00_frame.0000,ai_019_004_cam_00_frame.0000,initial,0,initial,3,crop,0.10902052372694016,0.10676568746566772,0.1327039897441864,0.9032931923866272,0.9230778813362122
01_ai_019_004_cam_00_frame.0000,ai_019_004_cam_00_frame.0000,initial,0,initial,3,structure,0.12166777998209,0.11833105981349945,0.0836588516831398,0.902940571308136,0.7505564093589783
01_ai_019_004_cam_00_frame.0000,ai_019_004_cam_00_frame.0000,initial,0,initial,5,full,0.09128591418266296,0.08456825464963913,0.1285044401884079,0.9277191162109375,0.9142928719520569
01_ai_019_004_cam_00_frame.0000,ai_019_004_cam_00_frame.0000,initial,0,initial,5,crop,0.10902052372694016,0.10676568746566772,0.1327039897441864,0.9032931923866272,0.9230778813362122
01_ai_019_004_cam_00_frame.0000,ai_019_004_cam_00_frame.0000,initial,0,initial,5,structure,0.12166777998209,0.11833105981349945,0.0836588516831398,0.902940571308136,0.7505564093589783
01_ai_019_004_cam_00_frame.0000,ai_019_004_cam_00_frame.0000,stage1,2000,detached,0,full,1.0820695161819458,1.0,0.0,0.0,0.0
01_ai_019_004_cam_00_frame.0000,ai_019_004_cam_00_frame.0000,stage1,2000,detached,0,crop,1.0283266305923462,1.0,0.0,0.0,0.0
01_ai_019_004_cam_00_frame.0000,ai_019_004_cam_00_frame.0000,stage1,2000,detached,0,structure,1.0423243045806885,1.0,0.0,0.0,0.0
01_ai_019_004_cam_00_frame.0000,ai_019_004_cam_00_frame.0000,stage1,2000,detached,1,full,1.0820695161819458,1.0,0.0,0.0,0.0
01_ai_019_004_cam_00_frame.0000,ai_019_004_cam_00_frame.0000,stage1,2000,detached,1,crop,1.0283266305923462,1.0,0.0,0.0,0.0
01_ai_019_004_cam_00_frame.0000,ai_019_004_cam_00_frame.0000,stage1,2000,detached,1,structure,1.0423243045806885,1.0,0.0,0.0,0.0
01_ai_019_004_cam_00_frame.0000,ai_019_004_cam_00_frame.0000,stage1,2000,detached,3,full,1.0820695161819458,1.0,0.0,0.0,0.0
01_ai_019_004_cam_00_frame.0000,ai_019_004_cam_00_frame.0000,stage1,2000,detached,3,crop,1.0283266305923462,1.0,0.0,0.0,0.0
01_ai_019_004_cam_00_frame.0000,ai_019_004_cam_00_frame.0000,stage1,2000,detached,3,structure,1.0423243045806885,1.0,0.0,0.0,0.0
01_ai_019_004_cam_00_frame.0000,ai_019_004_cam_00_frame.0000,stage1,2000,detached,5,full,1.0820695161819458,1.0,0.0,0.0,0.0
01_ai_019_004_cam_00_frame.0000,ai_019_004_cam_00_frame.0000,stage1,2000,detached,5,crop,1.0283266305923462,1.0,0.0,0.0,0.0
01_ai_019_004_cam_00_frame.0000,ai_019_004_cam_00_frame.0000,stage1,2000,detached,5,structure,1.0423243045806885,1.0,0.0,0.0,0.0
01_ai_019_004_cam_00_frame.0000,ai_019_004_cam_00_frame.0000,final,2100,joint_best,0,full,1.0820695161819458,1.0,0.0,0.0,0.0
01_ai_019_004_cam_00_frame.0000,ai_019_004_cam_00_frame.0000,final,2100,joint_best,0,crop,1.0283266305923462,1.0,0.0,0.0,0.0
01_ai_019_004_cam_00_frame.0000,ai_019_004_cam_00_frame.0000,final,2100,joint_best,0,structure,1.0423243045806885,1.0,0.0,0.0,0.0
01_ai_019_004_cam_00_frame.0000,ai_019_004_cam_00_frame.0000,final,2100,joint_best,1,full,1.0820695161819458,1.0,0.0,0.0,0.0
01_ai_019_004_cam_00_frame.0000,ai_019_004_cam_00_frame.0000,final,2100,joint_best,1,crop,1.0283266305923462,1.0,0.0,0.0,0.0
01_ai_019_004_cam_00_frame.0000,ai_019_004_cam_00_frame.0000,final,2100,joint_best,1,structure,1.0423243045806885,1.0,0.0,0.0,0.0
01_ai_019_004_cam_00_frame.0000,ai_019_004_cam_00_frame.0000,final,2100,joint_best,3,full,1.0820695161819458,1.0,0.0,0.0,0.0
01_ai_019_004_cam_00_frame.0000,ai_019_004_cam_00_frame.0000,final,2100,joint_best,3,crop,1.0283266305923462,1.0,0.0,0.0,0.0
01_ai_019_004_cam_00_frame.0000,ai_019_004_cam_00_frame.0000,final,2100,joint_best,3,structure,1.0423243045806885,1.0,0.0,0.0,0.0
01_ai_019_004_cam_00_frame.0000,ai_019_004_cam_00_frame.0000,final,2100,joint_best,5,full,1.0820695161819458,1.0,0.0,0.0,0.0
01_ai_019_004_cam_00_frame.0000,ai_019_004_cam_00_frame.0000,final,2100,joint_best,5,crop,1.0283266305923462,1.0,0.0,0.0,0.0
01_ai_019_004_cam_00_frame.0000,ai_019_004_cam_00_frame.0000,final,2100,joint_best,5,structure,1.0423243045806885,1.0,0.0,0.0,0.0
04_ai_054_008_cam_00_frame.0000,ai_054_008_cam_00_frame.0000,initial,0,initial,0,full,0.08209394663572311,0.07726428657770157,0.26069217920303345,0.8848801255226135,0.47751644253730774
04_ai_054_008_cam_00_frame.0000,ai_054_008_cam_00_frame.0000,initial,0,initial,0,crop,0.07926885783672333,0.0761057510972023,0.17985065281391144,0.9282009601593018,0.7443040609359741
04_ai_054_008_cam_00_frame.0000,ai_054_008_cam_00_frame.0000,initial,0,initial,0,structure,0.06855541467666626,0.064018115401268,0.2093629390001297,0.9745288491249084,0.4126317501068115
04_ai_054_008_cam_00_frame.0000,ai_054_008_cam_00_frame.0000,initial,0,initial,1,full,0.08209394663572311,0.07726428657770157,0.26069217920303345,0.8848801255226135,0.47751644253730774
04_ai_054_008_cam_00_frame.0000,ai_054_008_cam_00_frame.0000,initial,0,initial,1,crop,0.07926885783672333,0.0761057510972023,0.17985065281391144,0.9282009601593018,0.7443040609359741
04_ai_054_008_cam_00_frame.0000,ai_054_008_cam_00_frame.0000,initial,0,initial,1,structure,0.06855541467666626,0.064018115401268,0.2093629390001297,0.9745288491249084,0.4126317501068115
04_ai_054_008_cam_00_frame.0000,ai_054_008_cam_00_frame.0000,initial,0,initial,3,full,0.08209394663572311,0.07726428657770157,0.26069217920303345,0.8848801255226135,0.47751644253730774
04_ai_054_008_cam_00_frame.0000,ai_054_008_cam_00_frame.0000,initial,0,initial,3,crop,0.07926885783672333,0.0761057510972023,0.17985065281391144,0.9282009601593018,0.7443040609359741
04_ai_054_008_cam_00_frame.0000,ai_054_008_cam_00_frame.0000,initial,0,initial,3,structure,0.06855541467666626,0.064018115401268,0.2093629390001297,0.9745288491249084,0.4126317501068115
04_ai_054_008_cam_00_frame.0000,ai_054_008_cam_00_frame.0000,initial,0,initial,5,full,0.08209394663572311,0.07726428657770157,0.26069217920303345,0.8848801255226135,0.47751644253730774
04_ai_054_008_cam_00_frame.0000,ai_054_008_cam_00_frame.0000,initial,0,initial,5,crop,0.07926885783672333,0.0761057510972023,0.17985065281391144,0.9282009601593018,0.7443040609359741
04_ai_054_008_cam_00_frame.0000,ai_054_008_cam_00_frame.0000,initial,0,initial,5,structure,0.06855541467666626,0.064018115401268,0.2093629390001297,0.9745288491249084,0.4126317501068115
04_ai_054_008_cam_00_frame.0000,ai_054_008_cam_00_frame.0000,stage1,2000,detached,0,full,0.017359856516122818,0.015430239960551262,0.6230738162994385,0.9930101037025452,0.8219345211982727
04_ai_054_008_cam_00_frame.0000,ai_054_008_cam_00_frame.0000,stage1,2000,detached,0,crop,0.018529826775193214,0.017133181914687157,0.47494909167289734,0.9929938912391663,0.9415526986122131
04_ai_054_008_cam_00_frame.0000,ai_054_008_cam_00_frame.0000,stage1,2000,detached,0,structure,0.01710948348045349,0.015719464048743248,0.3569217324256897,0.9984250068664551,0.7675890326499939
04_ai_054_008_cam_00_frame.0000,ai_054_008_cam_00_frame.0000,stage1,2000,detached,1,full,0.015660056844353676,0.01373787596821785,0.6384272575378418,0.994032621383667,0.859411358833313
04_ai_054_008_cam_00_frame.0000,ai_054_008_cam_00_frame.0000,stage1,2000,detached,1,crop,0.01397749874740839,0.012593170627951622,0.5767549276351929,0.9966327548027039,0.969378650188446
04_ai_054_008_cam_00_frame.0000,ai_054_008_cam_00_frame.0000,stage1,2000,detached,1,structure,0.013622342608869076,0.01230840664356947,0.4452832043170929,0.9998913407325745,0.8973360061645508
04_ai_054_008_cam_00_frame.0000,ai_054_008_cam_00_frame.0000,stage1,2000,detached,3,full,0.01259345281869173,0.01068960316479206,0.7225045561790466,0.9942514300346375,0.9035576581954956
04_ai_054_008_cam_00_frame.0000,ai_054_008_cam_00_frame.0000,stage1,2000,detached,3,crop,0.010804065503180027,0.009404934011399746,0.7084046006202698,0.9970672130584717,0.9807242155075073
04_ai_054_008_cam_00_frame.0000,ai_054_008_cam_00_frame.0000,stage1,2000,detached,3,structure,0.010639358311891556,0.009372692555189133,0.6160864233970642,0.9997827410697937,0.9819260835647583
04_ai_054_008_cam_00_frame.0000,ai_054_008_cam_00_frame.0000,stage1,2000,detached,5,full,0.012959836050868034,0.010944226756691933,0.7256332635879517,0.9948262572288513,0.9200479984283447
04_ai_054_008_cam_00_frame.0000,ai_054_008_cam_00_frame.0000,stage1,2000,detached,5,crop,0.010357278399169445,0.009008361026644707,0.756361186504364,0.9969857335090637,0.9765244126319885
04_ai_054_008_cam_00_frame.0000,ai_054_008_cam_00_frame.0000,stage1,2000,detached,5,structure,0.00966565776616335,0.008475707843899727,0.7178623676300049,0.9997284412384033,0.9824182987213135
04_ai_054_008_cam_00_frame.0000,ai_054_008_cam_00_frame.0000,final,2200,joint_best,0,full,0.017095832154154778,0.015873095020651817,0.6541061997413635,0.9929541349411011,0.8201402425765991
04_ai_054_008_cam_00_frame.0000,ai_054_008_cam_00_frame.0000,final,2200,joint_best,0,crop,0.018047140911221504,0.017443131655454636,0.4660964012145996,0.99277663230896,0.9309486746788025
04_ai_054_008_cam_00_frame.0000,ai_054_008_cam_00_frame.0000,final,2200,joint_best,0,structure,0.014283038675785065,0.013669607229530811,0.48606961965560913,0.9985879063606262,0.7540792226791382
04_ai_054_008_cam_00_frame.0000,ai_054_008_cam_00_frame.0000,final,2200,joint_best,1,full,0.015428159385919571,0.014214460738003254,0.653465211391449,0.9941394925117493,0.8630769848823547
04_ai_054_008_cam_00_frame.0000,ai_054_008_cam_00_frame.0000,final,2200,joint_best,1,crop,0.015177156776189804,0.01462771650403738,0.47511202096939087,0.9968499541282654,0.9661587476730347
04_ai_054_008_cam_00_frame.0000,ai_054_008_cam_00_frame.0000,final,2200,joint_best,1,structure,0.01135244220495224,0.010676941834390163,0.6088089942932129,0.9998913407325745,0.8953219652175903
04_ai_054_008_cam_00_frame.0000,ai_054_008_cam_00_frame.0000,final,2200,joint_best,3,full,0.01148639339953661,0.010440018959343433,0.7524533271789551,0.9965711832046509,0.9098633527755737
04_ai_054_008_cam_00_frame.0000,ai_054_008_cam_00_frame.0000,final,2200,joint_best,3,crop,0.011349333450198174,0.010862368158996105,0.6202308535575867,0.9972572922706604,0.9812938570976257
04_ai_054_008_cam_00_frame.0000,ai_054_008_cam_00_frame.0000,final,2200,joint_best,3,structure,0.007379454560577869,0.0067898789420723915,0.772551953792572,0.9998913407325745,0.9781726002693176
04_ai_054_008_cam_00_frame.0000,ai_054_008_cam_00_frame.0000,final,2200,joint_best,5,full,0.013942253775894642,0.012837422080338001,0.809156060218811,0.994419276714325,0.9263217449188232
04_ai_054_008_cam_00_frame.0000,ai_054_008_cam_00_frame.0000,final,2200,joint_best,5,crop,0.008402111940085888,0.007767730392515659,0.7976374626159668,0.9971486926078796,0.9816024899482727
04_ai_054_008_cam_00_frame.0000,ai_054_008_cam_00_frame.0000,final,2200,joint_best,5,structure,0.005080610513687134,0.004340709652751684,0.9457448124885559,0.9997284412384033,0.982771098613739
05_ai_053_018_cam_00_frame.0000,ai_053_018_cam_00_frame.0000,initial,0,initial,0,full,0.1455439031124115,0.12164153903722763,0.3094492256641388,0.8377012014389038,0.9484434723854065
05_ai_053_018_cam_00_frame.0000,ai_053_018_cam_00_frame.0000,initial,0,initial,0,crop,0.140702024102211,0.12738123536109924,0.23574258387088776,0.8553096055984497,0.9609407186508179
05_ai_053_018_cam_00_frame.0000,ai_053_018_cam_00_frame.0000,initial,0,initial,0,structure,0.1906721591949463,0.17074811458587646,0.08850181847810745,0.841879665851593,0.6123239398002625
05_ai_053_018_cam_00_frame.0000,ai_053_018_cam_00_frame.0000,initial,0,initial,1,full,0.1455439031124115,0.12164153903722763,0.3094492256641388,0.8377012014389038,0.9484434723854065
05_ai_053_018_cam_00_frame.0000,ai_053_018_cam_00_frame.0000,initial,0,initial,1,crop,0.140702024102211,0.12738123536109924,0.23574258387088776,0.8553096055984497,0.9609407186508179
05_ai_053_018_cam_00_frame.0000,ai_053_018_cam_00_frame.0000,initial,0,initial,1,structure,0.1906721591949463,0.17074811458587646,0.08850181847810745,0.841879665851593,0.6123239398002625
05_ai_053_018_cam_00_frame.0000,ai_053_018_cam_00_frame.0000,initial,0,initial,3,full,0.1455439031124115,0.12164153903722763,0.3094492256641388,0.8377012014389038,0.9484434723854065
05_ai_053_018_cam_00_frame.0000,ai_053_018_cam_00_frame.0000,initial,0,initial,3,crop,0.140702024102211,0.12738123536109924,0.23574258387088776,0.8553096055984497,0.9609407186508179
05_ai_053_018_cam_00_frame.0000,ai_053_018_cam_00_frame.0000,initial,0,initial,3,structure,0.1906721591949463,0.17074811458587646,0.08850181847810745,0.841879665851593,0.6123239398002625
05_ai_053_018_cam_00_frame.0000,ai_053_018_cam_00_frame.0000,initial,0,initial,5,full,0.1455439031124115,0.12164153903722763,0.3094492256641388,0.8377012014389038,0.9484434723854065
05_ai_053_018_cam_00_frame.0000,ai_053_018_cam_00_frame.0000,initial,0,initial,5,crop,0.140702024102211,0.12738123536109924,0.23574258387088776,0.8553096055984497,0.9609407186508179
05_ai_053_018_cam_00_frame.0000,ai_053_018_cam_00_frame.0000,initial,0,initial,5,structure,0.1906721591949463,0.17074811458587646,0.08850181847810745,0.841879665851593,0.6123239398002625
05_ai_053_018_cam_00_frame.0000,ai_053_018_cam_00_frame.0000,stage1,5000,detached,0,full,0.00562098016962409,0.004909689538180828,0.9553279280662537,0.9956152439117432,0.9789674878120422
05_ai_053_018_cam_00_frame.0000,ai_053_018_cam_00_frame.0000,stage1,5000,detached,0,crop,0.011100600473582745,0.010050653479993343,0.9019209146499634,0.9890390634536743,0.9889258146286011
05_ai_053_018_cam_00_frame.0000,ai_053_018_cam_00_frame.0000,stage1,5000,detached,0,structure,0.010552862659096718,0.009589281864464283,0.889359176158905,0.9919149279594421,0.9235005974769592
05_ai_053_018_cam_00_frame.0000,ai_053_018_cam_00_frame.0000,stage1,5000,detached,1,full,0.0039431145414710045,0.0034899499733000994,0.9787474870681763,0.9979043006896973,0.9835785031318665
05_ai_053_018_cam_00_frame.0000,ai_053_018_cam_00_frame.0000,stage1,5000,detached,1,crop,0.006880746688693762,0.006085819564759731,0.9610125422477722,0.9949536323547363,0.9942426085472107
05_ai_053_018_cam_00_frame.0000,ai_053_018_cam_00_frame.0000,stage1,5000,detached,1,structure,0.006540538277477026,0.0058156284503638744,0.9526833295822144,0.996581494808197,0.9587458968162537
05_ai_053_018_cam_00_frame.0000,ai_053_018_cam_00_frame.0000,stage1,5000,detached,3,full,0.002573729492723942,0.0022402971517294645,0.9930921792984009,0.9985960721969604,0.98712557554245
05_ai_053_018_cam_00_frame.0000,ai_053_018_cam_00_frame.0000,stage1,5000,detached,3,crop,0.003996395040303469,0.003675320651382208,0.9871127605438232,0.9979652166366577,0.9952598810195923
05_ai_053_018_cam_00_frame.0000,ai_053_018_cam_00_frame.0000,stage1,5000,detached,3,structure,0.004278641659766436,0.00382086425088346,0.9854034781455994,0.997612476348877,0.9867981672286987
05_ai_053_018_cam_00_frame.0000,ai_053_018_cam_00_frame.0000,stage1,5000,detached,5,full,0.0033924179151654243,0.002976172138005495,0.9932142496109009,0.998611330986023,0.9865193963050842
05_ai_053_018_cam_00_frame.0000,ai_053_018_cam_00_frame.0000,stage1,5000,detached,5,crop,0.00605391152203083,0.005670382175594568,0.9877638816833496,0.9980465769767761,0.9963098764419556
05_ai_053_018_cam_00_frame.0000,ai_053_018_cam_00_frame.0000,stage1,5000,detached,5,structure,0.00614102091640234,0.00560748903080821,0.9846980571746826,0.997503936290741,0.9917330145835876
05_ai_053_018_cam_00_frame.0000,ai_053_018_cam_00_frame.0000,final,7000,joint_best,0,full,0.006369015667587519,0.005781169049441814,0.954620897769928,0.9956610202789307,0.980080783367157
05_ai_053_018_cam_00_frame.0000,ai_053_018_cam_00_frame.0000,final,7000,joint_best,0,crop,0.011334633454680443,0.010397855192422867,0.8862662315368652,0.9893375039100647,0.9911125302314758
05_ai_053_018_cam_00_frame.0000,ai_053_018_cam_00_frame.0000,final,7000,joint_best,0,structure,0.010979597456753254,0.009998303838074207,0.8623908162117004,0.9920777082443237,0.9223548769950867
05_ai_053_018_cam_00_frame.0000,ai_053_018_cam_00_frame.0000,final,7000,joint_best,1,full,0.0043815625831484795,0.004052062053233385,0.9741490483283997,0.9980518221855164,0.9839587807655334
05_ai_053_018_cam_00_frame.0000,ai_053_018_cam_00_frame.0000,final,7000,joint_best,1,crop,0.0069382572546601295,0.006295477971434593,0.9460632801055908,0.9952791929244995,0.9953261613845825
05_ai_053_018_cam_00_frame.0000,ai_053_018_cam_00_frame.0000,final,7000,joint_best,1,structure,0.008063091896474361,0.007286666892468929,0.9291877150535583,0.9969613552093506,0.9638400077819824
05_ai_053_018_cam_00_frame.0000,ai_053_018_cam_00_frame.0000,final,7000,joint_best,3,full,0.002789333462715149,0.0025535880122333765,0.9935194849967957,0.998733401298523,0.9876981973648071
05_ai_053_018_cam_00_frame.0000,ai_053_018_cam_00_frame.0000,final,7000,joint_best,3,crop,0.002782692201435566,0.0024701408110558987,0.9883336424827576,0.9983721375465393,0.9978479146957397
05_ai_053_018_cam_00_frame.0000,ai_053_018_cam_00_frame.0000,final,7000,joint_best,3,structure,0.0033663343638181686,0.0029741721227765083,0.9868143200874329,0.9984264373779297,0.9935391545295715
05_ai_053_018_cam_00_frame.0000,ai_053_018_cam_00_frame.0000,final,7000,joint_best,5,full,0.002696024486795068,0.002467042300850153,0.9947708249092102,0.998728334903717,0.9873111844062805
05_ai_053_018_cam_00_frame.0000,ai_053_018_cam_00_frame.0000,final,7000,joint_best,5,crop,0.002888171235099435,0.0025603827089071274,0.9924033284187317,0.9985077977180481,0.9978480935096741
05_ai_053_018_cam_00_frame.0000,ai_053_018_cam_00_frame.0000,final,7000,joint_best,5,structure,0.0036054360680282116,0.0031874789856374264,0.9889847636222839,0.9981551170349121,0.9936418533325195
06_ai_002_003_cam_00_frame.0000,ai_002_003_cam_00_frame.0000,initial,0,initial,0,full,0.03742309659719467,0.03462597355246544,0.4956563413143158,0.9667307734489441,0.8582285046577454
06_ai_002_003_cam_00_frame.0000,ai_002_003_cam_00_frame.0000,initial,0,initial,0,crop,0.0830521509051323,0.08067122846841812,0.2174750417470932,0.881944477558136,0.8854671716690063
06_ai_002_003_cam_00_frame.0000,ai_002_003_cam_00_frame.0000,initial,0,initial,0,structure,0.08064333349466324,0.07915402948856354,0.0928819477558136,0.9293619990348816,0.6624513268470764
06_ai_002_003_cam_00_frame.0000,ai_002_003_cam_00_frame.0000,initial,0,initial,1,full,0.03742309659719467,0.03462597355246544,0.4956563413143158,0.9667307734489441,0.8582285046577454
06_ai_002_003_cam_00_frame.0000,ai_002_003_cam_00_frame.0000,initial,0,initial,1,crop,0.0830521509051323,0.08067122846841812,0.2174750417470932,0.881944477558136,0.8854671716690063
06_ai_002_003_cam_00_frame.0000,ai_002_003_cam_00_frame.0000,initial,0,initial,1,structure,0.08064333349466324,0.07915402948856354,0.0928819477558136,0.9293619990348816,0.6624513268470764
06_ai_002_003_cam_00_frame.0000,ai_002_003_cam_00_frame.0000,initial,0,initial,3,full,0.03742309659719467,0.03462597355246544,0.4956563413143158,0.9667307734489441,0.8582285046577454
06_ai_002_003_cam_00_frame.0000,ai_002_003_cam_00_frame.0000,initial,0,initial,3,crop,0.0830521509051323,0.08067122846841812,0.2174750417470932,0.881944477558136,0.8854671716690063
06_ai_002_003_cam_00_frame.0000,ai_002_003_cam_00_frame.0000,initial,0,initial,3,structure,0.08064333349466324,0.07915402948856354,0.0928819477558136,0.9293619990348816,0.6624513268470764
06_ai_002_003_cam_00_frame.0000,ai_002_003_cam_00_frame.0000,initial,0,initial,5,full,0.03742309659719467,0.03462597355246544,0.4956563413143158,0.9667307734489441,0.8582285046577454
06_ai_002_003_cam_00_frame.0000,ai_002_003_cam_00_frame.0000,initial,0,initial,5,crop,0.0830521509051323,0.08067122846841812,0.2174750417470932,0.881944477558136,0.8854671716690063
06_ai_002_003_cam_00_frame.0000,ai_002_003_cam_00_frame.0000,initial,0,initial,5,structure,0.08064333349466324,0.07915402948856354,0.0928819477558136,0.9293619990348816,0.6624513268470764
06_ai_002_003_cam_00_frame.0000,ai_002_003_cam_00_frame.0000,stage1,5000,detached,0,full,0.01262441836297512,0.011566577479243279,0.8877156972885132,0.9837138056755066,0.9546480774879456
06_ai_002_003_cam_00_frame.0000,ai_002_003_cam_00_frame.0000,stage1,5000,detached,0,crop,0.032891541719436646,0.03208056464791298,0.7080349326133728,0.9396430253982544,0.9458232522010803
06_ai_002_003_cam_00_frame.0000,ai_002_003_cam_00_frame.0000,stage1,5000,detached,0,structure,0.012993067502975464,0.012586645781993866,0.7269965410232544,0.9933268427848816,0.7940464615821838
06_ai_002_003_cam_00_frame.0000,ai_002_003_cam_00_frame.0000,stage1,5000,detached,1,full,0.007808761205524206,0.0069172619841992855,0.9397074580192566,0.9900004267692566,0.9873166084289551
06_ai_002_003_cam_00_frame.0000,ai_002_003_cam_00_frame.0000,stage1,5000,detached,1,crop,0.02090023085474968,0.02008209004998207,0.83203125,0.9593098759651184,0.9896755814552307
06_ai_002_003_cam_00_frame.0000,ai_002_003_cam_00_frame.0000,stage1,5000,detached,1,structure,0.008079237304627895,0.007549976464360952,0.8902994990348816,0.9955512285232544,0.8769628405570984
06_ai_002_003_cam_00_frame.0000,ai_002_003_cam_00_frame.0000,stage1,5000,detached,3,full,0.004677647724747658,0.0038132239133119583,0.9698486328125,0.9967600703239441,0.989801287651062
06_ai_002_003_cam_00_frame.0000,ai_002_003_cam_00_frame.0000,stage1,5000,detached,3,crop,0.011227362789213657,0.010272864252328873,0.9120008945465088,0.987657368183136,0.9903829097747803
06_ai_002_003_cam_00_frame.0000,ai_002_003_cam_00_frame.0000,stage1,5000,detached,3,structure,0.005151708610355854,0.004426834639161825,0.9839409589767456,0.9955512285232544,0.9611601829528809
06_ai_002_003_cam_00_frame.0000,ai_002_003_cam_00_frame.0000,stage1,5000,detached,5,full,0.004481370095163584,0.0036155215930193663,0.9791158437728882,0.9966787099838257,0.9888287782669067
06_ai_002_003_cam_00_frame.0000,ai_002_003_cam_00_frame.0000,stage1,5000,detached,5,crop,0.009756063111126423,0.00866979081183672,0.9412434697151184,0.988037109375,0.9875763058662415
06_ai_002_003_cam_00_frame.0000,ai_002_003_cam_00_frame.0000,stage1,5000,detached,5,structure,0.0053822994232177734,0.004646125715225935,0.9871419072151184,0.9953342080116272,0.9689077734947205
06_ai_002_003_cam_00_frame.0000,ai_002_003_cam_00_frame.0000,final,5800,joint_best,0,full,0.011584393680095673,0.010976756922900677,0.8949992060661316,0.9838155508041382,0.9531995058059692
06_ai_002_003_cam_00_frame.0000,ai_002_003_cam_00_frame.0000,final,5800,joint_best,0,crop,0.03243608772754669,0.03169207647442818,0.7167426347732544,0.93994140625,0.9496148228645325
06_ai_002_003_cam_00_frame.0000,ai_002_003_cam_00_frame.0000,final,5800,joint_best,0,structure,0.013509861193597317,0.013143442571163177,0.7298719882965088,0.9934895634651184,0.7774766683578491
06_ai_002_003_cam_00_frame.0000,ai_002_003_cam_00_frame.0000,final,5800,joint_best,1,full,0.007640529423952103,0.007093142252415419,0.9350637197494507,0.9918670654296875,0.9863178730010986
06_ai_002_003_cam_00_frame.0000,ai_002_003_cam_00_frame.0000,final,5800,joint_best,1,crop,0.019776947796344757,0.019201813265681267,0.8209364414215088,0.9668239951133728,0.990452766418457
06_ai_002_003_cam_00_frame.0000,ai_002_003_cam_00_frame.0000,final,5800,joint_best,1,structure,0.008376790210604668,0.008032925426959991,0.865234375,0.9959309697151184,0.8598929047584534
06_ai_002_003_cam_00_frame.0000,ai_002_003_cam_00_frame.0000,final,5800,joint_best,3,full,0.004916992504149675,0.004391631577163935,0.9655405879020691,0.9980010986328125,0.9884217977523804
06_ai_002_003_cam_00_frame.0000,ai_002_003_cam_00_frame.0000,final,5800,joint_best,3,crop,0.009333993308246136,0.008886590600013733,0.9064399003982544,0.9930555820465088,0.9886823296546936
06_ai_002_003_cam_00_frame.0000,ai_002_003_cam_00_frame.0000,final,5800,joint_best,3,structure,0.005525652784854174,0.005197967868298292,0.9759114384651184,0.9958767294883728,0.9484009742736816
06_ai_002_003_cam_00_frame.0000,ai_002_003_cam_00_frame.0000,final,5800,joint_best,5,full,0.00529828667640686,0.0047283777967095375,0.9562785029411316,0.9978129267692566,0.9866893887519836
06_ai_002_003_cam_00_frame.0000,ai_002_003_cam_00_frame.0000,final,5800,joint_best,5,crop,0.008680607192218304,0.008223154582083225,0.9228515625,0.9928928017616272,0.9850649237632751
06_ai_002_003_cam_00_frame.0000,ai_002_003_cam_00_frame.0000,final,5800,joint_best,5,structure,0.005706607364118099,0.005390493664890528,0.9787326455116272,0.9956597089767456,0.9550740122795105
07_ai_019_004_cam_00_frame.0099,ai_019_004_cam_00_frame.0099,initial,0,initial,0,full,0.08768990635871887,0.080174021422863,0.2464040219783783,0.9224955439567566,0.8510226011276245
07_ai_019_004_cam_00_frame.0099,ai_019_004_cam_00_frame.0099,initial,0,initial,0,crop,0.1844811588525772,0.17061595618724823,0.1024848073720932,0.8413357138633728,0.9260382056236267
07_ai_019_004_cam_00_frame.0099,ai_019_004_cam_00_frame.0099,initial,0,initial,0,structure,0.21668797731399536,0.20031823217868805,0.1139865443110466,0.8271484375,0.8040807843208313
07_ai_019_004_cam_00_frame.0099,ai_019_004_cam_00_frame.0099,initial,0,initial,1,full,0.08768990635871887,0.080174021422863,0.2464040219783783,0.9224955439567566,0.8510226011276245
07_ai_019_004_cam_00_frame.0099,ai_019_004_cam_00_frame.0099,initial,0,initial,1,crop,0.1844811588525772,0.17061595618724823,0.1024848073720932,0.8413357138633728,0.9260382056236267
07_ai_019_004_cam_00_frame.0099,ai_019_004_cam_00_frame.0099,initial,0,initial,1,structure,0.21668797731399536,0.20031823217868805,0.1139865443110466,0.8271484375,0.8040807843208313
07_ai_019_004_cam_00_frame.0099,ai_019_004_cam_00_frame.0099,initial,0,initial,3,full,0.08768990635871887,0.080174021422863,0.2464040219783783,0.9224955439567566,0.8510226011276245
07_ai_019_004_cam_00_frame.0099,ai_019_004_cam_00_frame.0099,initial,0,initial,3,crop,0.1844811588525772,0.17061595618724823,0.1024848073720932,0.8413357138633728,0.9260382056236267
07_ai_019_004_cam_00_frame.0099,ai_019_004_cam_00_frame.0099,initial,0,initial,3,structure,0.21668797731399536,0.20031823217868805,0.1139865443110466,0.8271484375,0.8040807843208313
07_ai_019_004_cam_00_frame.0099,ai_019_004_cam_00_frame.0099,initial,0,initial,5,full,0.08768990635871887,0.080174021422863,0.2464040219783783,0.9224955439567566,0.8510226011276245
07_ai_019_004_cam_00_frame.0099,ai_019_004_cam_00_frame.0099,initial,0,initial,5,crop,0.1844811588525772,0.17061595618724823,0.1024848073720932,0.8413357138633728,0.9260382056236267
07_ai_019_004_cam_00_frame.0099,ai_019_004_cam_00_frame.0099,initial,0,initial,5,structure,0.21668797731399536,0.20031823217868805,0.1139865443110466,0.8271484375,0.8040807843208313
07_ai_019_004_cam_00_frame.0099,ai_019_004_cam_00_frame.0099,stage1,2000,detached,0,full,1.0820695161819458,1.0,0.0,0.0,0.0
07_ai_019_004_cam_00_frame.0099,ai_019_004_cam_00_frame.0099,stage1,2000,detached,0,crop,1.076865315437317,1.0,0.0,0.0,0.0
07_ai_019_004_cam_00_frame.0099,ai_019_004_cam_00_frame.0099,stage1,2000,detached,0,structure,1.076602816581726,1.0,0.0,0.0,0.0
07_ai_019_004_cam_00_frame.0099,ai_019_004_cam_00_frame.0099,stage1,2000,detached,1,full,1.0820695161819458,1.0,0.0,0.0,0.0
07_ai_019_004_cam_00_frame.0099,ai_019_004_cam_00_frame.0099,stage1,2000,detached,1,crop,1.076865315437317,1.0,0.0,0.0,0.0
07_ai_019_004_cam_00_frame.0099,ai_019_004_cam_00_frame.0099,stage1,2000,detached,1,structure,1.076602816581726,1.0,0.0,0.0,0.0
07_ai_019_004_cam_00_frame.0099,ai_019_004_cam_00_frame.0099,stage1,2000,detached,3,full,1.0820695161819458,1.0,0.0,0.0,0.0
07_ai_019_004_cam_00_frame.0099,ai_019_004_cam_00_frame.0099,stage1,2000,detached,3,crop,1.076865315437317,1.0,0.0,0.0,0.0
07_ai_019_004_cam_00_frame.0099,ai_019_004_cam_00_frame.0099,stage1,2000,detached,3,structure,1.076602816581726,1.0,0.0,0.0,0.0
07_ai_019_004_cam_00_frame.0099,ai_019_004_cam_00_frame.0099,stage1,2000,detached,5,full,1.0820695161819458,1.0,0.0,0.0,0.0
07_ai_019_004_cam_00_frame.0099,ai_019_004_cam_00_frame.0099,stage1,2000,detached,5,crop,1.076865315437317,1.0,0.0,0.0,0.0
07_ai_019_004_cam_00_frame.0099,ai_019_004_cam_00_frame.0099,stage1,2000,detached,5,structure,1.076602816581726,1.0,0.0,0.0,0.0
07_ai_019_004_cam_00_frame.0099,ai_019_004_cam_00_frame.0099,final,2100,joint_best,0,full,1.0820695161819458,1.0,0.0,0.0,0.0
07_ai_019_004_cam_00_frame.0099,ai_019_004_cam_00_frame.0099,final,2100,joint_best,0,crop,1.076865315437317,1.0,0.0,0.0,0.0
07_ai_019_004_cam_00_frame.0099,ai_019_004_cam_00_frame.0099,final,2100,joint_best,0,structure,1.076602816581726,1.0,0.0,0.0,0.0
07_ai_019_004_cam_00_frame.0099,ai_019_004_cam_00_frame.0099,final,2100,joint_best,1,full,1.0820695161819458,1.0,0.0,0.0,0.0
07_ai_019_004_cam_00_frame.0099,ai_019_004_cam_00_frame.0099,final,2100,joint_best,1,crop,1.076865315437317,1.0,0.0,0.0,0.0
07_ai_019_004_cam_00_frame.0099,ai_019_004_cam_00_frame.0099,final,2100,joint_best,1,structure,1.076602816581726,1.0,0.0,0.0,0.0
07_ai_019_004_cam_00_frame.0099,ai_019_004_cam_00_frame.0099,final,2100,joint_best,3,full,1.0820695161819458,1.0,0.0,0.0,0.0
07_ai_019_004_cam_00_frame.0099,ai_019_004_cam_00_frame.0099,final,2100,joint_best,3,crop,1.076865315437317,1.0,0.0,0.0,0.0
07_ai_019_004_cam_00_frame.0099,ai_019_004_cam_00_frame.0099,final,2100,joint_best,3,structure,1.076602816581726,1.0,0.0,0.0,0.0
07_ai_019_004_cam_00_frame.0099,ai_019_004_cam_00_frame.0099,final,2100,joint_best,5,full,1.0820695161819458,1.0,0.0,0.0,0.0
07_ai_019_004_cam_00_frame.0099,ai_019_004_cam_00_frame.0099,final,2100,joint_best,5,crop,1.076865315437317,1.0,0.0,0.0,0.0
07_ai_019_004_cam_00_frame.0099,ai_019_004_cam_00_frame.0099,final,2100,joint_best,5,structure,1.076602816581726,1.0,0.0,0.0,0.0
