mode,repeat,id,split,scene,frame,iteration,highlighted,max_abs_residual,max_signed_residual,max_row,max_col,p99_abs_residual,p999_abs_residual,mean_abs_residual,pixels_exceeding_threshold,cumulative_max_abs_residual,depth_span,active_voxels
eval,0,ai_001_001_cam_00_frame.0000,train,ai_001_001,0,1,False,0.005506845191121101,-0.005506845191121101,219,465,0.005006415769457817,0.005210967734456062,0.004204653203487396,0,0.005506845191121101,194.0,196608
eval,0,ai_001_001_cam_00_frame.0000,train,ai_001_001,0,2,False,0.005585518665611744,-0.005585518665611744,337,405,0.0049984571523964405,0.005197492428123951,0.004204379394650459,0,0.01096637174487114,193.0,196608
eval,0,ai_001_001_cam_00_frame.0000,train,ai_001_001,0,3,False,0.005663759540766478,-0.005663759540766478,360,395,0.00499463826417923,0.0051947240717709064,0.0042035384103655815,0,0.016101300716400146,193.0,196608
eval,0,ai_001_001_cam_00_frame.0014,train,ai_001_001,14,1,False,0.005445759743452072,-0.005445759743452072,156,304,0.004764724522829056,0.004999510478228331,0.004007948562502861,0,0.005445759743452072,289.0,196608
eval,0,ai_001_001_cam_00_frame.0014,train,ai_001_001,14,2,False,0.005698466207832098,-0.005698466207832098,155,304,0.004758552648127079,0.004992921371012926,0.004005488008260727,0,0.010582919232547283,289.0,196608
eval,0,ai_001_001_cam_00_frame.0014,train,ai_001_001,14,3,False,0.005402732640504837,-0.005402732640504837,249,373,0.004755562637001276,0.004987300373613834,0.0040010493248701096,0,0.01577782817184925,289.0,196608
eval,0,ai_001_001_cam_00_frame.0028,train,ai_001_001,28,1,False,0.00573195843026042,-0.00573195843026042,247,192,0.004830868449062109,0.005055590532720089,0.004048705566674471,0,0.00573195843026042,203.0,196608
eval,0,ai_001_001_cam_00_frame.0028,train,ai_001_001,28,2,False,0.005476061720401049,-0.005476061720401049,253,179,0.004833884071558714,0.005065073724836111,0.0040477579459548,0,0.010777169838547707,203.0,196608
eval,0,ai_001_001_cam_00_frame.0028,train,ai_001_001,28,3,False,0.005820238962769508,-0.005820238962769508,252,184,0.0048262993805110455,0.00505524268373847,0.004046269226819277,0,0.01614464819431305,204.0,196608
eval,0,ai_001_001_cam_00_frame.0043,train,ai_001_001,43,1,False,0.005588270723819733,-0.005588270723819733,345,477,0.005065844394266605,0.005230467766523361,0.004044923931360245,0,0.005588270723819733,102.0,196608
eval,0,ai_001_001_cam_00_frame.0043,train,ai_001_001,43,2,False,0.005507610738277435,-0.005507610738277435,223,466,0.00506298802793026,0.005226413253694773,0.004045128356665373,0,0.01085346844047308,101.0,196608
eval,0,ai_001_001_cam_00_frame.0043,train,ai_001_001,43,3,False,0.0055369362235069275,-0.0055369362235069275,364,399,0.005063863005489111,0.005233027506619692,0.004047077149152756,0,0.016346188262104988,101.0,196608
eval,0,ai_001_001_cam_00_frame.0056,train,ai_001_001,56,1,False,0.005512223578989506,-0.005512223578989506,245,417,0.005095232278108597,0.005254538729786873,0.0041960254311561584,0,0.005512223578989506,127.0,196608
eval,0,ai_001_001_cam_00_frame.0056,train,ai_001_001,56,2,False,0.005415955558419228,-0.005415955558419228,328,430,0.005096773151308298,0.005256709177047014,0.004195418208837509,0,0.010794353671371937,126.0,196608
eval,0,ai_001_001_cam_00_frame.0056,train,ai_001_001,56,3,False,0.0054235816933214664,-0.0054235816933214664,379,418,0.005091402679681778,0.005239452701061964,0.004192929714918137,0,0.015963871031999588,126.0,196608
eval,0,ai_001_001_cam_00_frame.0071,train,ai_001_001,71,1,False,0.0054937973618507385,-0.0054937973618507385,93,111,0.005109827499836683,0.005235439166426659,0.0043059904128313065,0,0.0054937973618507385,259.0,196608
eval,0,ai_001_001_cam_00_frame.0071,train,ai_001_001,71,2,False,0.005468105897307396,-0.005468105897307396,132,166,0.0051337420009076595,0.005242603365331888,0.004305453971028328,0,0.010723124258220196,258.0,196608
eval,0,ai_001_001_cam_00_frame.0071,train,ai_001_001,71,3,False,0.005497342441231012,-0.005497342441231012,121,259,0.0051355985924601555,0.005248827859759331,0.004304056987166405,0,0.016123507171869278,258.0,196608
eval,0,ai_001_001_cam_00_frame.0085,train,ai_001_001,85,1,False,0.005550721660256386,-0.005550721660256386,240,353,0.004847841337323189,0.005056088790297508,0.004194741137325764,0,0.005550721660256386,181.0,196608
eval,0,ai_001_001_cam_00_frame.0085,train,ai_001_001,85,2,False,0.005591350607573986,-0.005591350607573986,257,247,0.00484969187527895,0.0050698029808700085,0.004192335065454245,0,0.010596411302685738,180.0,196608
eval,0,ai_001_001_cam_00_frame.0085,train,ai_001_001,85,3,False,0.005611398257315159,-0.005611398257315159,206,267,0.004850076045840979,0.0050635929219424725,0.004190471488982439,0,0.0156941507011652,180.0,196608
eval,0,ai_001_001_cam_00_frame.0099,train,ai_001_001,99,1,False,0.005836116150021553,-0.005836116150021553,263,62,0.004904348868876696,0.005166652612388134,0.004122973419725895,0,0.005836116150021553,316.0,196608
eval,0,ai_001_001_cam_00_frame.0099,train,ai_001_001,99,2,False,0.0058630830608308315,-0.0058630830608308315,262,62,0.004909319803118706,0.005147474817931652,0.004124457482248545,0,0.011033902876079082,315.0,196608
eval,0,ai_001_001_cam_00_frame.0099,train,ai_001_001,99,3,False,0.005819277837872505,-0.005819277837872505,320,255,0.004903856199234724,0.005157164763659239,0.004122828133404255,0,0.016244851052761078,315.0,196608
eval,0,ai_018_003_cam_00_frame.0000,train,ai_018_003,0,1,False,0.005880778655409813,-0.005880778655409813,219,212,0.004904937464743853,0.005191201344132423,0.0041320351883769035,0,0.005880778655409813,381.0,196608
eval,0,ai_018_003_cam_00_frame.0000,train,ai_018_003,0,2,False,0.005745495669543743,-0.005745495669543743,203,210,0.004896674770861864,0.005172268021851778,0.004131018649786711,0,0.011251934804022312,381.0,196608
eval,0,ai_018_003_cam_00_frame.0000,train,ai_018_003,0,3,False,0.005752362310886383,-0.005752362310886383,202,210,0.004892539232969284,0.005156167317181826,0.004128609783947468,0,0.016683652997016907,381.0,196608
eval,0,ai_018_003_cam_00_frame.0014,train,ai_018_003,14,1,False,0.005805365741252899,-0.005805365741252899,198,201,0.004893530625849962,0.005191305186599493,0.0040430473163723946,0,0.005805365741252899,475.0,196608
eval,0,ai_018_003_cam_00_frame.0014,train,ai_018_003,14,2,False,0.005736272782087326,-0.005736272782087326,201,181,0.004892897792160511,0.005164848640561104,0.00404008012264967,0,0.01143817137926817,475.0,196608
eval,0,ai_018_003_cam_00_frame.0014,train,ai_018_003,14,3,False,0.00577396247535944,-0.00577396247535944,195,67,0.004890311509370804,0.005158500745892525,0.004038064740598202,0,0.016767283901572227,475.0,196608
eval,0,ai_018_003_cam_00_frame.0028,train,ai_018_003,28,1,False,0.005803531967103481,-0.005803531967103481,153,258,0.005035415291786194,0.005215706769376993,0.003980568610131741,0,0.005803531967103481,389.0,196608
eval,0,ai_018_003_cam_00_frame.0028,train,ai_018_003,28,2,False,0.005708792246878147,-0.005708792246878147,168,229,0.005035480950027704,0.005211822688579559,0.003978833556175232,0,0.011119984090328217,390.0,196608
eval,0,ai_018_003_cam_00_frame.0028,train,ai_018_003,28,3,False,0.0056967418640851974,-0.0056967418640851974,230,364,0.005029575899243355,0.005184689071029425,0.0039755115285515785,0,0.016202880069613457,389.0,196608
eval,0,ai_018_003_cam_00_frame.0042,train,ai_018_003,42,1,False,0.0057950736954808235,-0.0057950736954808235,251,195,0.0048696864396333694,0.0050893668085336685,0.004138612654060125,0,0.0057950736954808235,412.0,196608
eval,0,ai_018_003_cam_00_frame.0042,train,ai_018_003,42,2,False,0.005590899847447872,-0.005590899847447872,273,17,0.0048641241155564785,0.005092128645628691,0.00413938332349062,0,0.01119363121688366,412.0,196608
eval,0,ai_018_003_cam_00_frame.0042,train,ai_018_003,42,3,False,0.005706414580345154,-0.005706414580345154,273,16,0.004863967653363943,0.005082561634480953,0.0041363975033164024,0,0.016711290925741196,411.0,196608
eval,0,ai_018_003_cam_00_frame.0057,train,ai_018_003,57,1,False,0.0059447744861245155,-0.0059447744861245155,131,309,0.005019279196858406,0.005233548581600189,0.004112367983907461,0,0.0059447744861245155,297.0,196608
eval,0,ai_018_003_cam_00_frame.0057,train,ai_018_003,57,2,False,0.0057349735870957375,-0.0057349735870957375,210,304,0.005040111485868692,0.005225526634603739,0.0041113076731562614,0,0.010959651321172714,296.0,196608
eval,0,ai_018_003_cam_00_frame.0057,train,ai_018_003,57,3,False,0.005676520988345146,-0.005676520988345146,189,204,0.005035104230046272,0.0052079735323786736,0.004107560031116009,0,0.01619829423725605,296.0,196608
eval,0,ai_018_003_cam_00_frame.0071,train,ai_018_003,71,1,False,0.005822645500302315,-0.005822645500302315,117,474,0.004798246081918478,0.005103325471282005,0.0039920206181705,0,0.005822645500302315,421.0,196608
eval,0,ai_018_003_cam_00_frame.0071,train,ai_018_003,71,2,False,0.005659391172230244,-0.005659391172230244,238,419,0.004800132941454649,0.005099118687212467,0.003991930279880762,0,0.010964545421302319,421.0,196608
eval,0,ai_018_003_cam_00_frame.0071,train,ai_018_003,71,3,False,0.00565564539283514,-0.00565564539283514,188,474,0.004794662352651358,0.005086201708763838,0.003990309312939644,0,0.016461854800581932,422.0,196608
eval,0,ai_018_003_cam_00_frame.0085,train,ai_018_003,85,1,False,0.005906057544052601,-0.005906057544052601,301,467,0.0050811502151191235,0.005261992570012808,0.004216501489281654,0,0.005906057544052601,411.0,196608
eval,0,ai_018_003_cam_00_frame.0085,train,ai_018_003,85,2,False,0.005861750803887844,-0.005861750803887844,301,467,0.0050820461474359035,0.005267423111945391,0.004217281937599182,0,0.011767808347940445,411.0,196608
eval,0,ai_018_003_cam_00_frame.0085,train,ai_018_003,85,3,False,0.005945582874119282,-0.005945582874119282,301,467,0.0050790379755198956,0.005240484606474638,0.004215415567159653,0,0.017713390290737152,411.0,196608
eval,0,ai_018_003_cam_00_frame.0099,train,ai_018_003,99,1,False,0.00582750141620636,-0.00582750141620636,196,174,0.004960234276950359,0.0052349925972521305,0.003958418499678373,0,0.00582750141620636,361.0,196608
eval,0,ai_018_003_cam_00_frame.0099,train,ai_018_003,99,2,False,0.005843982100486755,-0.005843982100486755,183,78,0.004970611073076725,0.005239554680883884,0.003955855965614319,0,0.011274636723101139,360.0,196608
eval,0,ai_018_003_cam_00_frame.0099,train,ai_018_003,99,3,False,0.005919147282838821,-0.005919147282838821,217,275,0.00496383523568511,0.005204662214964628,0.00395310390740633,0,0.01643277145922184,360.0,196608
eval,0,ai_036_002_cam_00_frame.0000,train,ai_036_002,0,1,False,0.0060199713334441185,-0.0060199713334441185,267,256,0.005033512599766254,0.005338625982403755,0.004255493637174368,0,0.0060199713334441185,476.0,196608
eval,0,ai_036_002_cam_00_frame.0000,train,ai_036_002,0,2,False,0.006038719788193703,-0.006038719788193703,282,190,0.005017851013690233,0.005306278821080923,0.004255448468029499,0,0.011562232859432697,475.0,196608
eval,0,ai_036_002_cam_00_frame.0000,train,ai_036_002,0,3,False,0.005865401588380337,-0.005865401588380337,287,351,0.0050123208202421665,0.005278333090245724,0.004254585597664118,0,0.017398115247488022,475.0,196608
eval,0,ai_036_002_cam_00_frame.0014,train,ai_036_002,14,1,False,0.005784651264548302,-0.005784651264548302,131,269,0.005160855129361153,0.005312749184668064,0.004371372051537037,0,0.005784651264548302,369.0,196608
eval,0,ai_036_002_cam_00_frame.0014,train,ai_036_002,14,2,False,0.0060090310871601105,-0.0060090310871601105,305,131,0.005158758722245693,0.005296827759593725,0.004370137117803097,0,0.011348797008395195,369.0,196608
eval,0,ai_036_002_cam_00_frame.0014,train,ai_036_002,14,3,False,0.005800358951091766,-0.005800358951091766,256,474,0.0051566194742918015,0.005300417076796293,0.004369417205452919,0,0.016948062926530838,369.0,196608
eval,0,ai_036_002_cam_00_frame.0028,train,ai_036_002,28,1,False,0.005734470672905445,-0.005734470672905445,356,364,0.0050859348848462105,0.00533347437158227,0.004229761194437742,0,0.005734470672905445,244.0,196608
eval,0,ai_036_002_cam_00_frame.0028,train,ai_036_002,28,2,False,0.005665403790771961,-0.005665403790771961,357,365,0.005080157425254583,0.005317328032106161,0.004230215214192867,0,0.011269241571426392,245.0,196608
eval,0,ai_036_002_cam_00_frame.0028,train,ai_036_002,28,3,False,0.005887210369110107,-0.005887210369110107,261,88,0.0050723738968372345,0.005315612070262432,0.004227601457387209,0,0.01684396341443062,244.0,196608
eval,0,ai_036_002_cam_00_frame.0042,train,ai_036_002,42,1,False,0.005796598270535469,-0.005796598270535469,221,57,0.0051023331470787525,0.005282106343656778,0.004316376522183418,0,0.005796598270535469,168.0,196608
eval,0,ai_036_002_cam_00_frame.0042,train,ai_036_002,42,2,False,0.005732467398047447,-0.005732467398047447,329,480,0.005108096171170473,0.005274326074868441,0.004319458734244108,0,0.011090632528066635,169.0,196608
eval,0,ai_036_002_cam_00_frame.0042,train,ai_036_002,42,3,False,0.005658226553350687,-0.005658226553350687,363,105,0.005106177181005478,0.005282820202410221,0.004318814724683762,0,0.016535915434360504,169.0,196608
eval,0,ai_036_002_cam_00_frame.0057,train,ai_036_002,57,1,False,0.005918276496231556,-0.005918276496231556,367,343,0.0051594930700957775,0.005314036272466183,0.004237244836986065,0,0.005918276496231556,317.0,196608
eval,0,ai_036_002_cam_00_frame.0057,train,ai_036_002,57,2,False,0.005776636302471161,-0.005776636302471161,358,336,0.005155753344297409,0.005312757100909948,0.004238712601363659,0,0.011644150130450726,317.0,196608
eval,0,ai_036_002_cam_00_frame.0057,train,ai_036_002,57,3,False,0.005667486228048801,-0.005667486228048801,230,176,0.0051522147841751575,0.0053005279041826725,0.004236378241330385,0,0.01674429327249527,317.0,196608
eval,0,ai_036_002_cam_00_frame.0071,train,ai_036_002,71,1,False,0.005661130882799625,-0.005661130882799625,294,116,0.005107480566948652,0.005269468296319246,0.004333633463829756,0,0.005661130882799625,230.0,196608
eval,0,ai_036_002_cam_00_frame.0071,train,ai_036_002,71,2,False,0.005656654015183449,-0.005656654015183449,369,334,0.0051064505241811275,0.005265586543828249,0.004337843507528305,0,0.011219918727874756,230.0,196608
eval,0,ai_036_002_cam_00_frame.0071,train,ai_036_002,71,3,False,0.0057386839762330055,-0.0057386839762330055,369,334,0.00510397320613265,0.005259259603917599,0.004339256323873997,0,0.016958601772785187,230.0,196608
eval,0,ai_036_002_cam_00_frame.0085,train,ai_036_002,85,1,False,0.005812136456370354,-0.005812136456370354,375,482,0.005197420250624418,0.005370160099118948,0.004272231366485357,0,0.005812136456370354,345.0,196608
eval,0,ai_036_002_cam_00_frame.0085,train,ai_036_002,85,2,False,0.005919503979384899,-0.005919503979384899,355,132,0.0051952325738966465,0.005361789371818304,0.0042712450958788395,0,0.011314639821648598,345.0,196608
eval,0,ai_036_002_cam_00_frame.0085,train,ai_036_002,85,3,False,0.005750901997089386,-0.005750901997089386,198,454,0.005184945184737444,0.005355815403163433,0.0042693340219557285,0,0.016909625381231308,345.0,196608
eval,0,ai_036_002_cam_00_frame.0099,train,ai_036_002,99,1,False,0.005856574513018131,-0.005856574513018131,335,412,0.0051267798990011215,0.005388629622757435,0.004194580018520355,0,0.005856574513018131,234.0,196608
eval,0,ai_036_002_cam_00_frame.0099,train,ai_036_002,99,2,False,0.005869847722351551,-0.005869847722351551,360,410,0.005118517205119133,0.005393604747951031,0.00419322494417429,0,0.011635221540927887,233.0,196608
eval,0,ai_036_002_cam_00_frame.0099,train,ai_036_002,99,3,False,0.005764593370258808,-0.005764593370258808,362,440,0.0051101562567055225,0.005372616928070784,0.0041918568313121796,0,0.016837451606988907,233.0,196608
eval,0,ai_019_007_cam_00_frame.0000,train,ai_019_007,0,1,False,0.0057693179696798325,-0.0057693179696798325,317,379,0.005087744910269976,0.005218119360506535,0.004159773234277964,0,0.0057693179696798325,300.0,196608
eval,0,ai_019_007_cam_00_frame.0000,train,ai_019_007,0,2,False,0.005693324375897646,-0.005693324375897646,317,405,0.005118881817907095,0.005223971791565418,0.004156960174441338,0,0.011179707944393158,299.0,196608
eval,0,ai_019_007_cam_00_frame.0000,train,ai_019_007,0,3,False,0.005637506488710642,-0.005637506488710642,319,265,0.005109340883791447,0.005223765503615141,0.0041555073112249374,0,0.01669473573565483,300.0,196608
eval,0,ai_024_008_cam_00_frame.0099,train,ai_024_008,99,1,False,0.0063075292855501175,-0.0063075292855501175,265,436,0.005182674154639244,0.005441214889287949,0.004273721948266029,0,0.0063075292855501175,420.0,196608
eval,0,ai_024_008_cam_00_frame.0099,train,ai_024_008,99,2,False,0.006229032762348652,-0.006229032762348652,254,275,0.005182118155062199,0.005423808470368385,0.004274440463632345,0,0.011815961450338364,420.0,196608
eval,0,ai_024_008_cam_00_frame.0099,train,ai_024_008,99,3,False,0.005867294035851955,-0.005867294035851955,271,192,0.005177920684218407,0.00541747035458684,0.004275134764611721,0,0.017428481951355934,420.0,196608
eval,0,ai_019_004_cam_00_frame.0000,train,ai_019_004,0,1,False,0.00588573981076479,-0.00588573981076479,201,289,0.005037006922066212,0.0053600952960550785,0.004161057993769646,0,0.00588573981076479,481.0,196608
eval,0,ai_019_004_cam_00_frame.0000,train,ai_019_004,0,2,False,0.006003526970744133,-0.006003526970744133,211,74,0.005034139845520258,0.005336419679224491,0.00416477769613266,0,0.011464988812804222,481.0,196608
eval,0,ai_019_004_cam_00_frame.0000,train,ai_019_004,0,3,False,0.005908074323087931,-0.005908074323087931,345,452,0.005020835902541876,0.005317059811204672,0.004163885489106178,0,0.01714857667684555,481.0,196608
eval,0,ai_019_004_cam_00_frame.0099,train,ai_019_004,99,1,False,0.005974799394607544,-0.005974799394607544,127,45,0.005116076208651066,0.00539000891149044,0.004250967875123024,0,0.005974799394607544,366.0,196608
eval,0,ai_019_004_cam_00_frame.0099,train,ai_019_004,99,2,False,0.006057145074009895,-0.006057145074009895,189,46,0.005106399767100811,0.005371816456317902,0.004253109451383352,0,0.011989201419055462,367.0,196608
eval,0,ai_019_004_cam_00_frame.0099,train,ai_019_004,99,3,False,0.006107319612056017,-0.006107319612056017,143,13,0.005099037662148476,0.005354683846235275,0.004251009784638882,0,0.017028719186782837,366.0,196608
eval,0,ai_052_008_cam_01_frame.0099,train,ai_052_008,99,1,False,0.005740325897932053,-0.005740325897932053,6,56,0.004950482398271561,0.005242491140961647,0.004002350382506847,0,0.005740325897932053,467.0,196608
eval,0,ai_052_008_cam_01_frame.0099,train,ai_052_008,99,2,False,0.00586369913071394,-0.00586369913071394,6,56,0.004947592504322529,0.0052490318194031715,0.004002114292234182,0,0.011604025028645992,468.0,196608
eval,0,ai_052_008_cam_01_frame.0099,train,ai_052_008,99,3,False,0.005888435989618301,-0.005888435989618301,36,100,0.004948312882333994,0.005219948012381792,0.004000186920166016,0,0.016796085983514786,468.0,196608
eval,0,ai_026_013_cam_00_frame.0000,train,ai_026_013,0,1,False,0.006123567000031471,-0.006123567000031471,278,339,0.005308663006871939,0.005479210522025824,0.00417807511985302,0,0.006123567000031471,366.0,196608
eval,0,ai_026_013_cam_00_frame.0000,train,ai_026_013,0,2,False,0.005938168615102768,-0.005938168615102768,312,177,0.005302056670188904,0.005462520755827427,0.004177534021437168,0,0.011593930423259735,365.0,196608
eval,0,ai_026_013_cam_00_frame.0000,train,ai_026_013,0,3,False,0.005917483940720558,-0.005917483940720558,301,187,0.005301917437463999,0.005447841249406338,0.004175588022917509,0,0.017282942309975624,365.0,196608
eval,0,ai_055_006_cam_00_frame.0000,train,ai_055_006,0,1,False,0.006019542925059795,-0.006019542925059795,137,318,0.005043503828346729,0.00533601688221097,0.004061865620315075,0,0.006019542925059795,542.0,196608
eval,0,ai_055_006_cam_00_frame.0000,train,ai_055_006,0,2,False,0.0059892041608691216,-0.0059892041608691216,171,375,0.0050352769903838634,0.0053361705504357815,0.004058255814015865,0,0.011862224899232388,541.0,196608
eval,0,ai_055_006_cam_00_frame.0000,train,ai_055_006,0,3,False,0.00601932592689991,-0.00601932592689991,179,326,0.005028478801250458,0.005315814167261124,0.004058755002915859,0,0.017270982265472412,541.0,196608
eval,0,ai_054_008_cam_00_frame.0000,train,ai_054_008,0,1,False,0.005890947766602039,-0.005890947766602039,167,316,0.0050052739679813385,0.0052535454742610455,0.004163145087659359,0,0.005890947766602039,331.0,196608
eval,0,ai_054_008_cam_00_frame.0000,train,ai_054_008,0,2,False,0.005722946487367153,-0.005722946487367153,213,327,0.005005954764783382,0.005259483586996794,0.004165554419159889,0,0.01137264259159565,331.0,196608
eval,0,ai_054_008_cam_00_frame.0000,train,ai_054_008,0,3,False,0.005785811692476273,-0.005785811692476273,171,191,0.004999999888241291,0.005256619304418564,0.004157647490501404,0,0.01666419766843319,330.0,196608
eval,0,ai_044_009_cam_00_frame.0000,train,ai_044_009,0,1,False,0.0056550647132098675,-0.0056550647132098675,271,251,0.005004372447729111,0.0051526278257369995,0.004344439134001732,0,0.0056550647132098675,237.0,196608
eval,0,ai_044_009_cam_00_frame.0000,train,ai_044_009,0,2,False,0.005717652849853039,-0.005717652849853039,223,493,0.0050040679052472115,0.0051623075269162655,0.004347057547420263,0,0.011246546171605587,237.0,196608
eval,0,ai_044_009_cam_00_frame.0000,train,ai_044_009,0,3,False,0.005741201341152191,-0.005741201341152191,231,331,0.005002457182854414,0.005163330584764481,0.0043440088629722595,0,0.016613196581602097,238.0,196608
eval,0,ai_052_010_cam_00_frame.0000,train,ai_052_010,0,1,False,0.006055671721696854,-0.006055671721696854,101,244,0.0050357370637357235,0.00533171184360981,0.004152355715632439,0,0.006055671721696854,489.0,196608
eval,0,ai_052_010_cam_00_frame.0000,train,ai_052_010,0,2,False,0.005864000879228115,-0.005864000879228115,266,176,0.0050305710174143314,0.005299463402479887,0.004152925685048103,0,0.011651519685983658,489.0,196608
eval,0,ai_052_010_cam_00_frame.0000,train,ai_052_010,0,3,False,0.005857774987816811,-0.005857774987816811,160,188,0.005029328633099794,0.005288220010697842,0.004150670953094959,0,0.017420606687664986,489.0,196608
eval,0,ai_052_004_cam_00_frame.0000,train,ai_052_004,0,1,False,0.005937597714364529,-0.005937597714364529,141,250,0.004995905328541994,0.005288431886583567,0.004118030890822411,0,0.005937597714364529,356.0,196608
eval,0,ai_052_004_cam_00_frame.0000,train,ai_052_004,0,2,False,0.005804263520985842,-0.005804263520985842,184,26,0.004986104555428028,0.005266130436211824,0.004118069540709257,0,0.011386500671505928,355.0,196608
eval,0,ai_052_004_cam_00_frame.0000,train,ai_052_004,0,3,False,0.005793031770735979,-0.005793031770735979,206,117,0.004983975552022457,0.0052805570885539055,0.004118919372558594,0,0.017174970358610153,355.0,196608
eval,0,ai_053_018_cam_00_frame.0000,train,ai_053_018,0,1,False,0.0058660563081502914,-0.0058660563081502914,243,492,0.004995761439204216,0.0052783493883907795,0.004097215831279755,0,0.0058660563081502914,437.0,196608
eval,0,ai_053_018_cam_00_frame.0000,train,ai_053_018,0,2,False,0.006000758148729801,-0.006000758148729801,242,259,0.004994070623070002,0.005238957237452269,0.004093655850738287,0,0.011607298627495766,437.0,196608
eval,0,ai_053_018_cam_00_frame.0000,train,ai_053_018,0,3,False,0.005930866114795208,-0.005930866114795208,235,333,0.004986863117665052,0.005254508927464485,0.004087135661393404,0,0.01676091179251671,436.0,196608
eval,0,ai_054_006_cam_00_frame.0000,train,ai_054_006,0,1,False,0.005812604911625385,-0.005812604911625385,207,486,0.005013774614781141,0.005233231000602245,0.004075727425515652,0,0.005812604911625385,395.0,196608
eval,0,ai_054_006_cam_00_frame.0000,train,ai_054_006,0,2,False,0.00579528883099556,-0.00579528883099556,205,451,0.005010856315493584,0.005225331522524357,0.004075160715728998,0,0.011349483393132687,395.0,196608
eval,0,ai_054_006_cam_00_frame.0000,train,ai_054_006,0,3,False,0.005844163708388805,-0.005844163708388805,161,379,0.00500507652759552,0.005217168480157852,0.004076289013028145,0,0.016413096338510513,395.0,196608
eval,0,ai_008_004_cam_00_frame.0000,train,ai_008_004,0,1,False,0.005618364550173283,-0.005618364550173283,210,314,0.004854540340602398,0.005058431066572666,0.004056048579514027,0,0.005618364550173283,219.0,196608
eval,0,ai_008_004_cam_00_frame.0000,train,ai_008_004,0,2,False,0.005546741187572479,-0.005546741187572479,210,314,0.004854016937315464,0.0050542522221803665,0.00405016727745533,0,0.011165105737745762,219.0,196608
eval,0,ai_008_004_cam_00_frame.0000,train,ai_008_004,0,3,False,0.005506747402250767,-0.005506747402250767,321,333,0.004854025784879923,0.005053941160440445,0.004050891846418381,0,0.01616121642291546,218.0,196608
eval,0,ai_027_009_cam_02_frame.0099,train,ai_027_009,99,1,False,0.005808863788843155,-0.005808863788843155,93,294,0.004978311248123646,0.005303584970533848,0.003917568363249302,0,0.005808863788843155,678.0,196608
eval,0,ai_027_009_cam_02_frame.0099,train,ai_027_009,99,2,False,0.00582366157323122,-0.00582366157323122,23,164,0.004977831616997719,0.0052680401131510735,0.003915078472346067,0,0.01131597999483347,677.0,196608
eval,0,ai_027_009_cam_02_frame.0099,train,ai_027_009,99,3,False,0.00581884291023016,-0.00581884291023016,52,172,0.004967319779098034,0.005269274115562439,0.00391398323699832,0,0.01697375811636448,678.0,196608
eval,0,ai_048_007_cam_00_frame.0001,train,ai_048_007,1,1,False,0.005867889616638422,-0.005867889616638422,101,392,0.004938610829412937,0.00524091487750411,0.004073518328368664,0,0.005867889616638422,464.0,196608
eval,0,ai_048_007_cam_00_frame.0001,train,ai_048_007,1,2,False,0.00570520106703043,-0.00570520106703043,218,387,0.004933924414217472,0.005220355931669474,0.004071877337992191,0,0.011237441562116146,464.0,196608
eval,0,ai_048_007_cam_00_frame.0001,train,ai_048_007,1,3,False,0.0057489899918437,-0.0057489899918437,71,25,0.004928804002702236,0.005196974612772465,0.004070128779858351,0,0.016713563352823257,464.0,196608
eval,0,ai_002_003_cam_00_frame.0000,train,ai_002_003,0,1,False,0.005806660279631615,-0.005806660279631615,153,353,0.004977204371243715,0.0052119093015789986,0.0040602171793580055,0,0.005806660279631615,385.0,196608
eval,0,ai_002_003_cam_00_frame.0000,train,ai_002_003,0,2,False,0.005951084196567535,-0.005951084196567535,261,221,0.004969329107552767,0.005177072249352932,0.004061381798237562,0,0.011293135583400726,384.0,196608
eval,0,ai_002_003_cam_00_frame.0000,train,ai_002_003,0,3,False,0.005862436257302761,-0.005862436257302761,132,272,0.0049702818505465984,0.005179678555577993,0.004056827165186405,0,0.01681794971227646,384.0,196608
eval,0,ai_044_006_cam_01_frame.0099,train,ai_044_006,99,1,False,0.005843642167747021,-0.005843642167747021,275,216,0.005040952004492283,0.0053525385446846485,0.004182822536677122,0,0.005843642167747021,586.0,196608
eval,0,ai_044_006_cam_01_frame.0099,train,ai_044_006,99,2,False,0.00580644141882658,-0.00580644141882658,121,203,0.005038433708250523,0.0053513082675635815,0.004177209921181202,0,0.011535649187862873,585.0,196608
eval,0,ai_044_006_cam_01_frame.0099,train,ai_044_006,99,3,False,0.005820540711283684,-0.005820540711283684,121,234,0.005030548665672541,0.00533362478017807,0.004172978922724724,0,0.017226308584213257,585.0,196608
eval,0,ai_027_005_cam_00_frame.0000,train,ai_027_005,0,1,False,0.005897075403481722,-0.005897075403481722,254,373,0.00514493603259325,0.005416414700448513,0.004249929916113615,0,0.005897075403481722,434.0,196608
eval,0,ai_027_005_cam_00_frame.0000,train,ai_027_005,0,2,False,0.005922520533204079,-0.005922520533204079,233,159,0.005141220521181822,0.005417718552052975,0.00425203749909997,0,0.011655199341475964,434.0,196608
eval,0,ai_027_005_cam_00_frame.0000,train,ai_027_005,0,3,False,0.005968797020614147,-0.005968797020614147,276,350,0.005142636597156525,0.005422438960522413,0.004245347809046507,0,0.017388872802257538,433.0,196608
eval,0,ai_034_003_cam_00_frame.0000,train,ai_034_003,0,1,False,0.005811436101794243,-0.005811436101794243,215,390,0.005044484976679087,0.005288572516292334,0.004145939834415913,0,0.005811436101794243,445.0,196608
eval,0,ai_034_003_cam_00_frame.0000,train,ai_034_003,0,2,False,0.005809989757835865,-0.005809989757835865,216,200,0.0050388784147799015,0.005270941648632288,0.004146353807300329,0,0.011318301782011986,444.0,196608
eval,0,ai_034_003_cam_00_frame.0000,train,ai_034_003,0,3,False,0.0058465274050831795,-0.0058465274050831795,216,390,0.005034747999161482,0.00525212287902832,0.004143343772739172,0,0.016691382974386215,444.0,196608
eval,0,ai_045_005_cam_03_frame.0099,train,ai_045_005,99,1,False,0.005558492615818977,-0.005558492615818977,45,477,0.005051928572356701,0.005250129383057356,0.003976539708673954,0,0.005558492615818977,724.0,196608
eval,0,ai_045_005_cam_03_frame.0099,train,ai_045_005,99,2,False,0.005771258845925331,-0.005771258845925331,29,145,0.0050467997789382935,0.00524795101955533,0.003973903134465218,0,0.011013317853212357,723.0,196608
eval,0,ai_045_005_cam_03_frame.0099,train,ai_045_005,99,3,False,0.005690265446901321,-0.005690265446901321,165,45,0.005043257027864456,0.005252947565168142,0.003972270525991917,0,0.01629382185637951,724.0,196608
eval,0,ai_009_001_cam_00_frame.0099,train,ai_009_001,99,1,False,0.00610154215246439,-0.00610154215246439,240,38,0.005124605726450682,0.0054643903858959675,0.004172912798821926,0,0.00610154215246439,492.0,196608
eval,0,ai_009_001_cam_00_frame.0099,train,ai_009_001,99,2,False,0.005985896103084087,-0.005985896103084087,155,83,0.00510953227058053,0.005454550962895155,0.0041740210726857185,0,0.011788252741098404,491.0,196608
eval,0,ai_009_001_cam_00_frame.0099,train,ai_009_001,99,3,False,0.006028170697391033,-0.006028170697391033,215,78,0.005100680980831385,0.005435936618596315,0.004174480214715004,0,0.017266999930143356,491.0,196608
eval,0,ai_055_002_cam_01_frame.0099,train,ai_055_002,99,1,False,0.005940110422670841,-0.005940110422670841,127,253,0.005038473289459944,0.005318152252584696,0.004063683561980724,0,0.005940110422670841,483.0,196608
eval,0,ai_055_002_cam_01_frame.0099,train,ai_055_002,99,2,False,0.0058065615594387054,-0.0058065615594387054,172,463,0.005029696971178055,0.005301750265061855,0.004065020941197872,0,0.01122535765171051,482.0,196608
eval,0,ai_055_002_cam_01_frame.0099,train,ai_055_002,99,3,False,0.00606871023774147,-0.00606871023774147,195,77,0.00502089224755764,0.005270673427730799,0.004063204396516085,0,0.01629815064370632,482.0,196608
eval,0,ai_044_002_cam_01_frame.0099,train,ai_044_002,99,1,False,0.005840915255248547,-0.005840915255248547,232,390,0.005030582658946514,0.005317447241395712,0.004156540613621473,0,0.005840915255248547,482.0,196608
eval,0,ai_044_002_cam_01_frame.0099,train,ai_044_002,99,2,False,0.006169064901769161,-0.006169064901769161,232,390,0.005067083984613419,0.005326629150658846,0.004156443290412426,0,0.012009980157017708,481.0,196608
eval,0,ai_044_002_cam_01_frame.0099,train,ai_044_002,99,3,False,0.00593255739659071,-0.00593255739659071,221,342,0.0050606695003807545,0.005307214800268412,0.0041537596844136715,0,0.01728726550936699,481.0,196608
eval,0,ai_043_002_cam_00_frame.0000,val,ai_043_002,0,1,False,0.005441786255687475,-0.005441786255687475,325,189,0.004915659781545401,0.005080802831798792,0.004105710424482822,0,0.005441786255687475,210.0,196608
eval,0,ai_043_002_cam_00_frame.0000,val,ai_043_002,0,2,False,0.005872840993106365,-0.005872840993106365,245,161,0.00489274924620986,0.005081682000309229,0.0041050659492611885,0,0.011136120185256004,209.0,196608
eval,0,ai_043_002_cam_00_frame.0000,val,ai_043_002,0,3,False,0.005745324306190014,-0.005745324306190014,243,161,0.004894024692475796,0.005083056166768074,0.004104349762201309,0,0.0165800079703331,209.0,196608
eval,0,ai_043_002_cam_00_frame.0014,val,ai_043_002,14,1,False,0.005626559257507324,-0.005626559257507324,202,346,0.004867366049438715,0.005052444525063038,0.004039226099848747,0,0.005626559257507324,253.0,196608
eval,0,ai_043_002_cam_00_frame.0014,val,ai_043_002,14,2,False,0.005577610805630684,-0.005577610805630684,195,356,0.004867421928793192,0.005040269810706377,0.004037839826196432,0,0.01102181151509285,253.0,196608
eval,0,ai_043_002_cam_00_frame.0014,val,ai_043_002,14,3,False,0.005871190689504147,-0.005871190689504147,267,246,0.004856561776250601,0.00502651697024703,0.004033717326819897,0,0.016460657119750977,252.0,196608
eval,0,ai_043_002_cam_00_frame.0028,val,ai_043_002,28,1,False,0.005824638530611992,-0.005824638530611992,235,192,0.0050348201766610146,0.005292336456477642,0.004287402611225843,0,0.005824638530611992,291.0,196608
eval,0,ai_043_002_cam_00_frame.0028,val,ai_043_002,28,2,False,0.0059364670887589455,-0.0059364670887589455,268,298,0.005031093023717403,0.005283755250275135,0.004287440329790115,0,0.011461530812084675,291.0,196608
eval,0,ai_043_002_cam_00_frame.0028,val,ai_043_002,28,3,False,0.0057607050985097885,-0.0057607050985097885,239,20,0.005019005388021469,0.005275987088680267,0.004287389572709799,0,0.01684814691543579,290.0,196608
eval,0,ai_043_002_cam_00_frame.0042,val,ai_043_002,42,1,False,0.005695932544767857,-0.005695932544767857,262,406,0.004839122295379639,0.00507553294301033,0.0040861014276742935,0,0.005695932544767857,212.0,196608
eval,0,ai_043_002_cam_00_frame.0042,val,ai_043_002,42,2,False,0.005708235315978527,-0.005708235315978527,217,242,0.004835272673517466,0.0050635929219424725,0.004087686538696289,0,0.011076878756284714,211.0,196608
eval,0,ai_043_002_cam_00_frame.0042,val,ai_043_002,42,3,False,0.005611983127892017,-0.005611983127892017,213,242,0.004830158781260252,0.005061856005340815,0.0040857926942408085,0,0.01610804721713066,211.0,196608
eval,0,ai_043_002_cam_00_frame.0057,val,ai_043_002,57,1,False,0.005853172391653061,-0.005853172391653061,340,27,0.005042313132435083,0.005325718317180872,0.004205907694995403,0,0.005853172391653061,471.0,196608
eval,0,ai_043_002_cam_00_frame.0057,val,ai_043_002,57,2,False,0.005833605770021677,-0.005833605770021677,331,37,0.005038147792220116,0.005304047837853432,0.004205969627946615,0,0.01147282961755991,470.0,196608
eval,0,ai_043_002_cam_00_frame.0057,val,ai_043_002,57,3,False,0.005808116868138313,-0.005808116868138313,348,61,0.005027483683079481,0.005303175188601017,0.004203801974654198,0,0.01714595966041088,470.0,196608
eval,0,ai_043_002_cam_00_frame.0071,val,ai_043_002,71,1,False,0.005851356312632561,-0.005851356312632561,198,28,0.004951275419443846,0.005195058416575193,0.0037169228307902813,0,0.005851356312632561,558.0,196608
eval,0,ai_043_002_cam_00_frame.0071,val,ai_043_002,71,2,False,0.005606689490377903,-0.005606689490377903,203,144,0.004948117770254612,0.005179031752049923,0.003715767990797758,0,0.011107996106147766,558.0,196608
eval,0,ai_043_002_cam_00_frame.0071,val,ai_043_002,71,3,False,0.005777469836175442,-0.005777469836175442,211,126,0.004948687739670277,0.005169851705431938,0.0037119053304195404,0,0.016515452414751053,557.0,196608
eval,0,ai_043_002_cam_00_frame.0085,val,ai_043_002,85,1,False,0.005633268505334854,-0.005633268505334854,190,343,0.004811637103557587,0.005107657518237829,0.004097370430827141,0,0.005633268505334854,242.0,196608
eval,0,ai_043_002_cam_00_frame.0085,val,ai_043_002,85,2,False,0.005518095567822456,-0.005518095567822456,303,337,0.004809855483472347,0.005106666125357151,0.004099007695913315,0,0.01109849289059639,242.0,196608
eval,0,ai_043_002_cam_00_frame.0085,val,ai_043_002,85,3,False,0.005604024510830641,-0.005604024510830641,368,109,0.004806215409189463,0.005094968248158693,0.004097814671695232,0,0.016222365200519562,241.0,196608
eval,0,ai_043_002_cam_00_frame.0099,val,ai_043_002,99,1,False,0.005800321698188782,-0.005800321698188782,224,314,0.005013179033994675,0.0051511432975530624,0.0041420599445700645,0,0.005800321698188782,311.0,196608
eval,0,ai_043_002_cam_00_frame.0099,val,ai_043_002,99,2,False,0.0058631692081689835,-0.0058631692081689835,193,203,0.005012080539017916,0.005154472775757313,0.004142167046666145,0,0.011427930556237698,311.0,196608
eval,0,ai_043_002_cam_00_frame.0099,val,ai_043_002,99,3,False,0.005761018954217434,-0.005761018954217434,265,189,0.005011221393942833,0.005162590183317661,0.004141818732023239,0,0.01696285605430603,310.0,196608
eval,0,ai_047_001_cam_00_frame.0000,val,ai_047_001,0,1,False,0.006126409862190485,-0.006126409862190485,192,257,0.005136948078870773,0.005405826959758997,0.004159805830568075,0,0.006126409862190485,550.0,196608
eval,0,ai_047_001_cam_00_frame.0000,val,ai_047_001,0,2,False,0.00601524394005537,-0.00601524394005537,230,267,0.005146409384906292,0.005400492809712887,0.0041591753251850605,0,0.012099377810955048,549.0,196608
eval,0,ai_047_001_cam_00_frame.0000,val,ai_047_001,0,3,False,0.005977131426334381,-0.005977131426334381,193,276,0.005141802132129669,0.0054113734513521194,0.004158028867095709,0,0.017245005816221237,549.0,196608
eval,0,ai_047_001_cam_00_frame.0014,val,ai_047_001,14,1,False,0.005948252975940704,-0.005948252975940704,223,367,0.005107618402689695,0.005334668792784214,0.003953244537115097,0,0.005948252975940704,584.0,196608
eval,0,ai_047_001_cam_00_frame.0014,val,ai_047_001,14,2,False,0.0058152806013822556,-0.0058152806013822556,151,325,0.005092868581414223,0.005308493971824646,0.003950450569391251,0,0.011503119021654129,583.0,196608
eval,0,ai_047_001_cam_00_frame.0014,val,ai_047_001,14,3,False,0.005803070031106472,-0.005803070031106472,224,367,0.0050887162797153,0.0053061735816299915,0.003946500364691019,0,0.016894953325390816,583.0,196608
eval,0,ai_047_001_cam_00_frame.0028,val,ai_047_001,28,1,False,0.005811489652842283,-0.005811489652842283,188,236,0.004970265086740255,0.005275039002299309,0.004025724716484547,0,0.005811489652842283,494.0,196608
eval,0,ai_047_001_cam_00_frame.0028,val,ai_047_001,28,2,False,0.00607927143573761,-0.00607927143573761,187,236,0.00496497331187129,0.005256214644759893,0.0040255263447761536,0,0.01142771728336811,494.0,196608
eval,0,ai_047_001_cam_00_frame.0028,val,ai_047_001,28,3,False,0.006030775606632233,-0.006030775606632233,202,237,0.004963550716638565,0.005245528649538755,0.004018187057226896,0,0.01713472232222557,493.0,196608
eval,0,ai_047_001_cam_00_frame.0042,val,ai_047_001,42,1,False,0.005748274736106396,-0.005748274736106396,174,105,0.005182521417737007,0.005300263874232769,0.004058944992721081,0,0.005748274736106396,500.0,196608
eval,0,ai_047_001_cam_00_frame.0042,val,ai_047_001,42,2,False,0.005894706584513187,-0.005894706584513187,218,416,0.005180129315704107,0.0052894530817866325,0.004060068167746067,0,0.011308121494948864,501.0,196608
eval,0,ai_047_001_cam_00_frame.0042,val,ai_047_001,42,3,False,0.005976492539048195,-0.005976492539048195,158,314,0.005177924409508705,0.005296354182064533,0.004057093057781458,0,0.016857357695698738,501.0,196608
eval,0,ai_047_001_cam_00_frame.0057,val,ai_047_001,57,1,False,0.005909823812544346,-0.005909823812544346,222,292,0.00513940816745162,0.005397186614573002,0.0041825189255177975,0,0.005909823812544346,546.0,196608
eval,0,ai_047_001_cam_00_frame.0057,val,ai_047_001,57,2,False,0.005895808804780245,-0.005895808804780245,231,148,0.00513677392154932,0.005388540215790272,0.00418188888579607,0,0.011670850217342377,546.0,196608
eval,0,ai_047_001_cam_00_frame.0057,val,ai_047_001,57,3,False,0.006078818812966347,-0.006078818812966347,259,339,0.005138801410794258,0.00540189491584897,0.00417889142408967,0,0.017169412225484848,545.0,196608
eval,0,ai_047_001_cam_00_frame.0071,val,ai_047_001,71,1,False,0.005951755680143833,-0.005951755680143833,244,356,0.005090890917927027,0.005340070463716984,0.004053743556141853,0,0.005951755680143833,477.0,196608
eval,0,ai_047_001_cam_00_frame.0071,val,ai_047_001,71,2,False,0.00596554484218359,-0.00596554484218359,157,396,0.005085735581815243,0.005327462684363127,0.00405630050227046,0,0.011463210918009281,477.0,196608
eval,0,ai_047_001_cam_00_frame.0071,val,ai_047_001,71,3,False,0.0058789923787117004,-0.0058789923787117004,244,356,0.005083381664007902,0.005334607791155577,0.004054036922752857,0,0.017150865867733955,477.0,196608
eval,0,ai_047_001_cam_00_frame.0085,val,ai_047_001,85,1,False,0.006203546188771725,-0.006203546188771725,144,381,0.004976844880729914,0.0052812122739851475,0.004017859697341919,0,0.006203546188771725,425.0,196608
eval,0,ai_047_001_cam_00_frame.0085,val,ai_047_001,85,2,False,0.005808023735880852,-0.005808023735880852,135,416,0.004967374727129936,0.005280425772070885,0.004017636179924011,0,0.011360684409737587,425.0,196608
eval,0,ai_047_001_cam_00_frame.0085,val,ai_047_001,85,3,False,0.005987704731523991,-0.005987704731523991,158,442,0.004960196558386087,0.005265981424599886,0.004014534410089254,0,0.017009597271680832,424.0,196608
eval,0,ai_047_001_cam_00_frame.0099,val,ai_047_001,99,1,False,0.005680945701897144,-0.005680945701897144,288,112,0.005021385382860899,0.005217727739363909,0.004211959429085255,0,0.005680945701897144,480.0,196608
eval,0,ai_047_001_cam_00_frame.0099,val,ai_047_001,99,2,False,0.005702014546841383,-0.005702014546841383,279,69,0.0050164624117314816,0.005208385176956654,0.004211870487779379,0,0.011070666834712029,479.0,196608
eval,0,ai_047_001_cam_00_frame.0099,val,ai_047_001,99,3,False,0.005722180008888245,-0.005722180008888245,279,69,0.005015862639993429,0.005199891980737448,0.004210005979984999,0,0.016566716134548187,479.0,196608
eval,0,ai_046_001_cam_00_frame.0000,test,ai_046_001,0,1,False,0.005820736289024353,-0.005820736289024353,200,132,0.005020637530833483,0.005319651216268539,0.0042087361216545105,0,0.005820736289024353,297.0,196608
eval,0,ai_046_001_cam_00_frame.0000,test,ai_046_001,0,2,False,0.005858174059540033,-0.005858174059540033,215,135,0.005019154399633408,0.005291745066642761,0.004211254883557558,0,0.011606395244598389,297.0,196608
eval,0,ai_046_001_cam_00_frame.0000,test,ai_046_001,0,3,False,0.005892815068364143,-0.005892815068364143,230,156,0.005009821616113186,0.005333675071597099,0.004208394326269627,0,0.016725366935133934,296.0,196608
eval,0,ai_046_001_cam_00_frame.0014,test,ai_046_001,14,1,False,0.005770450457930565,-0.005770450457930565,177,177,0.005050118546932936,0.005305139813572168,0.004164522979408503,0,0.005770450457930565,345.0,196608
eval,0,ai_046_001_cam_00_frame.0014,test,ai_046_001,14,2,False,0.005774954333901405,-0.005774954333901405,239,170,0.005038941744714975,0.005294918082654476,0.004163146018981934,0,0.011508267372846603,345.0,196608
eval,0,ai_046_001_cam_00_frame.0014,test,ai_046_001,14,3,False,0.0058763716369867325,-0.0058763716369867325,245,344,0.005032625515013933,0.005286272149533033,0.0041592721827328205,0,0.016842378303408623,344.0,196608
eval,0,ai_046_001_cam_00_frame.0028,test,ai_046_001,28,1,False,0.005521249957382679,-0.005521249957382679,372,74,0.00482495641335845,0.0051078395918011665,0.0040524243377149105,0,0.005521249957382679,315.0,196608
eval,0,ai_046_001_cam_00_frame.0028,test,ai_046_001,28,2,False,0.005765083245933056,-0.005765083245933056,156,313,0.004820008296519518,0.005094472318887711,0.00405127601698041,0,0.011183242313563824,316.0,196608
eval,0,ai_046_001_cam_00_frame.0028,test,ai_046_001,28,3,False,0.005777860525995493,-0.005777860525995493,214,324,0.00482105603441596,0.005112906452268362,0.004049243405461311,0,0.01681268960237503,316.0,196608
eval,0,ai_046_001_cam_00_frame.0042,test,ai_046_001,42,1,False,0.005831083282828331,-0.005831083282828331,241,48,0.005112177692353725,0.0052927047945559025,0.004263388924300671,0,0.005831083282828331,358.0,196608
eval,0,ai_046_001_cam_00_frame.0042,test,ai_046_001,42,2,False,0.00570261012762785,-0.00570261012762785,315,507,0.005104211624711752,0.005272225942462683,0.004264239687472582,0,0.01127222366631031,358.0,196608
eval,0,ai_046_001_cam_00_frame.0042,test,ai_046_001,42,3,False,0.005950611084699631,-0.005950611084699631,210,71,0.005099354777485132,0.005270811729133129,0.004262902773916721,0,0.016599852591753006,358.0,196608
eval,0,ai_046_001_cam_00_frame.0057,test,ai_046_001,57,1,False,0.006215389352291822,-0.006215389352291822,272,224,0.005215012934058905,0.005477270111441612,0.004152099601924419,0,0.006215389352291822,458.0,196608
eval,0,ai_046_001_cam_00_frame.0057,test,ai_046_001,57,2,False,0.006020077504217625,-0.006020077504217625,319,439,0.005211949348449707,0.0054426672868430614,0.004154452588409185,0,0.01204080879688263,458.0,196608
eval,0,ai_046_001_cam_00_frame.0057,test,ai_046_001,57,3,False,0.006061471998691559,-0.006061471998691559,319,439,0.005207185633480549,0.005428876727819443,0.004150390625,0,0.018102280795574188,457.0,196608
eval,0,ai_046_001_cam_00_frame.0071,test,ai_046_001,71,1,False,0.005928252823650837,-0.005928252823650837,231,289,0.00501706637442112,0.005239041522145271,0.004160689190030098,0,0.005928252823650837,324.0,196608
eval,0,ai_046_001_cam_00_frame.0071,test,ai_046_001,71,2,False,0.005829636938869953,-0.005829636938869953,175,219,0.005013270769268274,0.005210243631154299,0.004159826785326004,0,0.011319214478135109,324.0,196608
eval,0,ai_046_001_cam_00_frame.0071,test,ai_046_001,71,3,False,0.005841705948114395,-0.005841705948114395,300,314,0.0050122542306780815,0.005216812714934349,0.004154757596552372,0,0.01671898551285267,325.0,196608
eval,0,ai_046_001_cam_00_frame.0085,test,ai_046_001,85,1,False,0.005968298763036728,-0.005968298763036728,271,156,0.005233348812907934,0.005477341823279858,0.004170984961092472,0,0.005968298763036728,421.0,196608
eval,0,ai_046_001_cam_00_frame.0085,test,ai_046_001,85,2,False,0.0059485179372131824,-0.0059485179372131824,271,156,0.005223803222179413,0.005470883101224899,0.004173838533461094,0,0.011916816234588623,421.0,196608
eval,0,ai_046_001_cam_00_frame.0085,test,ai_046_001,85,3,False,0.005935437045991421,-0.005935437045991421,227,167,0.0052172476425766945,0.005453238729387522,0.0041725896298885345,0,0.01782706379890442,422.0,196608
eval,0,ai_046_001_cam_00_frame.0099,test,ai_046_001,99,1,False,0.005810569040477276,-0.005810569040477276,184,349,0.004917856305837631,0.00511906947940588,0.004034142009913921,0,0.005810569040477276,377.0,196608
eval,0,ai_046_001_cam_00_frame.0099,test,ai_046_001,99,2,False,0.005617665126919746,-0.005617665126919746,153,212,0.004914766177535057,0.005127893760800362,0.00403213407844305,0,0.010909223929047585,376.0,196608
eval,0,ai_046_001_cam_00_frame.0099,test,ai_046_001,99,3,False,0.0057463678531348705,-0.0057463678531348705,163,498,0.004912189207971096,0.005114259663969278,0.00403002230450511,0,0.016329515725374222,376.0,196608
eval,0,ai_050_001_cam_00_frame.0000,test,ai_050_001,0,1,False,0.005920657888054848,-0.005920657888054848,205,354,0.00495775556191802,0.005168866366147995,0.004145022481679916,0,0.005920657888054848,320.0,196608
eval,0,ai_050_001_cam_00_frame.0000,test,ai_050_001,0,2,False,0.005767417140305042,-0.005767417140305042,287,365,0.004960628226399422,0.00515930587425828,0.004143020138144493,0,0.011578322388231754,319.0,196608
eval,0,ai_050_001_cam_00_frame.0000,test,ai_050_001,0,3,False,0.00583624467253685,-0.00583624467253685,287,365,0.004957273136824369,0.005162282846868038,0.0041413684375584126,0,0.01684652641415596,319.0,196608
eval,0,ai_050_001_cam_00_frame.0014,test,ai_050_001,14,1,False,0.005717029795050621,-0.005717029795050621,255,350,0.004953413736075163,0.005144219845533371,0.004102874081581831,0,0.005717029795050621,286.0,196608
eval,0,ai_050_001_cam_00_frame.0014,test,ai_050_001,14,2,False,0.005732198245823383,-0.005732198245823383,200,427,0.0049505773931741714,0.005132950842380524,0.0041012391448020935,0,0.011007220484316349,286.0,196608
eval,0,ai_050_001_cam_00_frame.0014,test,ai_050_001,14,3,False,0.005900177173316479,-0.005900177173316479,208,130,0.00494036078453064,0.005128347780555487,0.004096198361366987,0,0.016071483492851257,285.0,196608
eval,0,ai_050_001_cam_00_frame.0028,test,ai_050_001,28,1,False,0.005912372842431068,-0.005912372842431068,244,254,0.005122553091496229,0.0053566996939480305,0.004063052590936422,0,0.005912372842431068,601.0,196608
eval,0,ai_050_001_cam_00_frame.0028,test,ai_050_001,28,2,False,0.0058003985323011875,-0.0058003985323011875,204,271,0.005110192112624645,0.005324517842382193,0.004061999265104532,0,0.011106121353805065,601.0,196608
eval,0,ai_050_001_cam_00_frame.0028,test,ai_050_001,28,3,False,0.005936065688729286,-0.005936065688729286,173,249,0.005108368583023548,0.005335926543921232,0.004055366851389408,0,0.016559727489948273,600.0,196608
eval,0,ai_050_001_cam_00_frame.0042,test,ai_050_001,42,1,False,0.00566704198718071,-0.00566704198718071,303,176,0.004914206452667713,0.00510350801050663,0.004131726920604706,0,0.00566704198718071,178.0,196608
eval,0,ai_050_001_cam_00_frame.0042,test,ai_050_001,42,2,False,0.005618218798190355,-0.005618218798190355,313,44,0.004915474448353052,0.005100082606077194,0.00412775669246912,0,0.011057058349251747,177.0,196608
eval,0,ai_050_001_cam_00_frame.0042,test,ai_050_001,42,3,False,0.0056224726140499115,-0.0056224726140499115,277,30,0.004915149882435799,0.005098376423120499,0.004124363884329796,0,0.01625952310860157,177.0,196608
eval,0,ai_050_001_cam_00_frame.0057,test,ai_050_001,57,1,False,0.005709195509552956,-0.005709195509552956,252,43,0.004929158836603165,0.005106085911393166,0.00413467176258564,0,0.005709195509552956,310.0,196608
eval,0,ai_050_001_cam_00_frame.0057,test,ai_050_001,57,2,False,0.005774262361228466,-0.005774262361228466,225,92,0.00492563471198082,0.005098567809909582,0.004135178402066231,0,0.011169402860105038,310.0,196608
eval,0,ai_050_001_cam_00_frame.0057,test,ai_050_001,57,3,False,0.005647741258144379,-0.005647741258144379,246,93,0.004920242819935083,0.005078489426523447,0.004128200933337212,0,0.016429107636213303,309.0,196608
eval,0,ai_050_001_cam_00_frame.0071,test,ai_050_001,71,1,False,0.0057918960228562355,-0.0057918960228562355,282,331,0.0048475004732608795,0.005126636940985918,0.003974474500864744,0,0.0057918960228562355,399.0,196608
eval,0,ai_050_001_cam_00_frame.0071,test,ai_050_001,71,2,False,0.005662648007273674,-0.005662648007273674,283,347,0.004844135604798794,0.005110567901283503,0.00397696066647768,0,0.011103328317403793,399.0,196608
eval,0,ai_050_001_cam_00_frame.0071,test,ai_050_001,71,3,False,0.005529009737074375,-0.005529009737074375,263,423,0.004826727788895369,0.00510945962741971,0.003968523349612951,0,0.016490785405039787,398.0,196608
eval,0,ai_050_001_cam_00_frame.0085,test,ai_050_001,85,1,False,0.0057700518518686295,-0.0057700518518686295,252,479,0.004977726843208075,0.005214033182710409,0.004224189557135105,0,0.0057700518518686295,444.0,196608
eval,0,ai_050_001_cam_00_frame.0085,test,ai_050_001,85,2,False,0.005595005117356777,-0.005595005117356777,244,511,0.004978467244654894,0.005206834524869919,0.004223627038300037,0,0.011310659348964691,444.0,196608
eval,0,ai_050_001_cam_00_frame.0085,test,ai_050_001,85,3,False,0.005704515613615513,-0.005704515613615513,252,479,0.00498360488563776,0.005211584735661745,0.004220028407871723,0,0.01701517403125763,442.0,196608
eval,0,ai_050_001_cam_00_frame.0099,test,ai_050_001,99,1,False,0.005595711059868336,-0.005595711059868336,223,223,0.0049622864462435246,0.005114233121275902,0.004071963485330343,0,0.005595711059868336,505.0,196608
eval,0,ai_050_001_cam_00_frame.0099,test,ai_050_001,99,2,False,0.0057199858129024506,-0.0057199858129024506,275,373,0.004960970487445593,0.005110034719109535,0.00407281843945384,0,0.010932981967926025,505.0,196608
eval,0,ai_050_001_cam_00_frame.0099,test,ai_050_001,99,3,False,0.00550996046513319,-0.00550996046513319,223,223,0.004955548793077469,0.0050837136805057526,0.0040658568032085896,0,0.016397329047322273,504.0,196608
eval,0,ai_052_005_cam_01_frame.0099,train,ai_052_005,99,1,False,0.006640161387622356,-0.006640161387622356,75,214,0.005466797389090061,0.005826882086694241,0.004213640466332436,0,0.006640161387622356,780.0,196608
eval,0,ai_052_005_cam_01_frame.0099,train,ai_052_005,99,2,False,0.006460479460656643,-0.006460479460656643,37,148,0.005454447586089373,0.005813503637909889,0.00421460485085845,0,0.012427746318280697,780.0,196608
eval,0,ai_052_005_cam_01_frame.0099,train,ai_052_005,99,3,False,0.006477897055447102,-0.006477897055447102,88,234,0.005480043590068817,0.005815497133880854,0.004213761072605848,0,0.018458522856235504,779.0,196608
eval,0,ai_028_001_cam_00_frame.0099,train,ai_028_001,99,1,False,0.00566515326499939,-0.00566515326499939,278,236,0.005093475338071585,0.005228498484939337,0.004144284408539534,0,0.00566515326499939,250.0,196608
eval,0,ai_028_001_cam_00_frame.0099,train,ai_028_001,99,2,False,0.005682958289980888,-0.005682958289980888,252,231,0.005092471372336149,0.005229373928159475,0.004146486520767212,0,0.011026248335838318,250.0,196608
eval,0,ai_028_001_cam_00_frame.0099,train,ai_028_001,99,3,False,0.005615123547613621,-0.005615123547613621,243,368,0.005089696496725082,0.005227271001785994,0.004146316088736057,0,0.01635780930519104,250.0,196608
eval,0,ai_036_006_cam_00_frame.0000,train,ai_036_006,0,1,False,0.005894397851079702,-0.005894397851079702,259,150,0.005025420803576708,0.00533546507358551,0.004202637355774641,0,0.005894397851079702,416.0,196608
eval,0,ai_036_006_cam_00_frame.0000,train,ai_036_006,0,2,False,0.005899190902709961,-0.005899190902709961,140,386,0.0050169937312603,0.005302653647959232,0.004203390795737505,0,0.01162804663181305,416.0,196608
eval,0,ai_036_006_cam_00_frame.0000,train,ai_036_006,0,3,False,0.005973162595182657,-0.005973162595182657,259,150,0.0050079599022865295,0.005294391885399818,0.004200042225420475,0,0.01739109680056572,415.0,196608
eval,0,ai_011_009_cam_01_frame.0099,train,ai_011_009,99,1,False,0.005778362974524498,-0.005778362974524498,315,362,0.004928979091346264,0.00518291350454092,0.003974126651883125,0,0.005778362974524498,347.0,196608
eval,0,ai_011_009_cam_01_frame.0099,train,ai_011_009,99,2,False,0.0057444702833890915,-0.0057444702833890915,283,313,0.004925834946334362,0.0051725697703659534,0.003976550418883562,0,0.011515268124639988,347.0,196608
eval,0,ai_011_009_cam_01_frame.0099,train,ai_011_009,99,3,False,0.005723608657717705,-0.005723608657717705,267,376,0.004925878252834082,0.00516146793961525,0.003972411155700684,0,0.01717904582619667,348.0,196608
eval,0,ai_024_018_cam_00_frame.0099,train,ai_024_018,99,1,False,0.005857324227690697,-0.005857324227690697,63,43,0.005048759281635284,0.00537498015910387,0.0041170623153448105,0,0.005857324227690697,456.0,196608
eval,0,ai_024_018_cam_00_frame.0099,train,ai_024_018,99,2,False,0.005802435800433159,-0.005802435800433159,219,52,0.005045060068368912,0.005369473714381456,0.00411934033036232,0,0.011564350686967373,456.0,196608
eval,0,ai_024_018_cam_00_frame.0099,train,ai_024_018,99,3,False,0.005843820050358772,-0.005843820050358772,45,87,0.005035091657191515,0.005353781394660473,0.004120126366615295,0,0.01728839799761772,456.0,196608
eval,0,ai_017_009_cam_03_frame.0099,train,ai_017_009,99,1,False,0.006167467683553696,-0.006167467683553696,376,122,0.005030986852943897,0.005369934719055891,0.004058465361595154,0,0.006167467683553696,322.0,196608
eval,0,ai_017_009_cam_03_frame.0099,train,ai_017_009,99,2,False,0.0059021636843681335,-0.0059021636843681335,95,100,0.0050207688473165035,0.00536731444299221,0.0040566399693489075,0,0.011920984834432602,322.0,196608
eval,0,ai_017_009_cam_03_frame.0099,train,ai_017_009,99,3,False,0.005835334304720163,-0.005835334304720163,216,53,0.005011985078454018,0.005338279530405998,0.0040546683594584465,0,0.017202433198690414,322.0,196608
eval,0,ai_031_009_cam_00_frame.0000,train,ai_031_009,0,1,False,0.006267576478421688,-0.006267576478421688,203,267,0.005251566879451275,0.0055628325790166855,0.004073368851095438,0,0.006267576478421688,732.0,196608
eval,0,ai_031_009_cam_00_frame.0000,train,ai_031_009,0,2,False,0.006164664402604103,-0.006164664402604103,59,217,0.0052467286586761475,0.005555456969887018,0.004070549737662077,0,0.01230747252702713,732.0,196608
eval,0,ai_031_009_cam_00_frame.0000,train,ai_031_009,0,3,False,0.00625112559646368,-0.00625112559646368,198,393,0.005238799378275871,0.005537827964872122,0.004065343644469976,0,0.017742108553647995,732.0,196608
eval,0,ai_002_002_cam_00_frame.0099,train,ai_002_002,99,1,False,0.005832718685269356,-0.005832718685269356,277,2,0.00505461823195219,0.005345074459910393,0.0042395032942295074,0,0.005832718685269356,375.0,196608
eval,0,ai_002_002_cam_00_frame.0099,train,ai_002_002,99,2,False,0.00588584877550602,-0.00588584877550602,193,91,0.00504740746691823,0.00532132713124156,0.004241622984409332,0,0.011570052243769169,375.0,196608
eval,0,ai_002_002_cam_00_frame.0099,train,ai_002_002,99,3,False,0.0058116973377764225,-0.0058116973377764225,309,17,0.0050411950796842575,0.005312454886734486,0.004241065122187138,0,0.01711113378405571,375.0,196608
eval,0,ai_027_003_cam_00_frame.0000,train,ai_027_003,0,1,False,0.006240870337933302,-0.006240870337933302,133,147,0.0049419398419559,0.005292857997119427,0.004117568489164114,0,0.006240870337933302,421.0,196608
eval,0,ai_027_003_cam_00_frame.0000,train,ai_027_003,0,2,False,0.006138436496257782,-0.006138436496257782,132,137,0.0049391333013772964,0.0052564265206456184,0.004118076991289854,0,0.011700622737407684,420.0,196608
eval,0,ai_027_003_cam_00_frame.0000,train,ai_027_003,0,3,False,0.005878947675228119,-0.005878947675228119,134,150,0.00493479473516345,0.0052648368291556835,0.004115726333111525,0,0.017072251066565514,420.0,196608
eval,0,ai_055_004_cam_00_frame.0099,train,ai_055_004,99,1,False,0.00574334803968668,-0.00574334803968668,251,125,0.004986674524843693,0.005196430720388889,0.004229889251291752,0,0.00574334803968668,260.0,196608
eval,0,ai_055_004_cam_00_frame.0099,train,ai_055_004,99,2,False,0.005905223079025745,-0.005905223079025745,251,125,0.004989100154489279,0.005197078455239534,0.004231129307299852,0,0.011648571118712425,259.0,196608
eval,0,ai_055_004_cam_00_frame.0099,train,ai_055_004,99,3,False,0.005553117953240871,-0.005553117953240871,213,147,0.004987314343452454,0.005190185736864805,0.004229807294905186,0,0.01632796972990036,259.0,196608
eval,0,ai_039_006_cam_00_frame.0000,train,ai_039_006,0,1,False,0.005831385962665081,-0.005831385962665081,229,257,0.00496450113132596,0.005208655726164579,0.004099872894585133,0,0.005831385962665081,369.0,196608
eval,0,ai_039_006_cam_00_frame.0000,train,ai_039_006,0,2,False,0.005651726387441158,-0.005651726387441158,230,269,0.004961502738296986,0.005184676963835955,0.004098697565495968,0,0.01126677356660366,369.0,196608
eval,0,ai_039_006_cam_00_frame.0000,train,ai_039_006,0,3,False,0.00590852927416563,-0.00590852927416563,229,226,0.004953609313815832,0.005171138793230057,0.004098490811884403,0,0.016937559470534325,368.0,196608
eval,0,ai_005_006_cam_00_frame.0099,train,ai_005_006,99,1,False,0.005681209731847048,-0.005681209731847048,243,324,0.005000225268304348,0.005250349175184965,0.004209342412650585,0,0.005681209731847048,355.0,196608
eval,0,ai_005_006_cam_00_frame.0099,train,ai_005_006,99,2,False,0.005869708023965359,-0.005869708023965359,245,449,0.004996487405151129,0.005242328159511089,0.004205250646919012,0,0.011369390413165092,354.0,196608
eval,0,ai_005_006_cam_00_frame.0099,train,ai_005_006,99,3,False,0.005808748304843903,-0.005808748304843903,245,449,0.00498985918238759,0.005220671184360981,0.004203171469271183,0,0.017097167670726776,354.0,196608
eval,0,ai_041_001_cam_00_frame.0000,train,ai_041_001,0,1,False,0.005620898678898811,-0.005620898678898811,204,244,0.0049847871996462345,0.005139699671417475,0.004116947762668133,0,0.005620898678898811,226.0,196608
eval,0,ai_041_001_cam_00_frame.0000,train,ai_041_001,0,2,False,0.005777314305305481,-0.005777314305305481,117,64,0.004977982956916094,0.005133028607815504,0.004118138458579779,0,0.010813754051923752,226.0,196608
eval,0,ai_041_001_cam_00_frame.0000,train,ai_041_001,0,3,False,0.0056565627455711365,-0.0056565627455711365,291,240,0.004977860487997532,0.005128433462232351,0.004117079544812441,0,0.01574956625699997,227.0,196608
eval,0,ai_015_005_cam_00_frame.0000,train,ai_015_005,0,1,False,0.005980571731925011,-0.005980571731925011,246,254,0.0049894582480192184,0.005268173757940531,0.004125954117625952,0,0.005980571731925011,688.0,196608
eval,0,ai_015_005_cam_00_frame.0000,train,ai_015_005,0,2,False,0.005972722545266151,-0.005972722545266151,259,319,0.0049865879118442535,0.005245490465313196,0.0041247643530368805,0,0.011588986963033676,688.0,196608
eval,0,ai_015_005_cam_00_frame.0000,train,ai_015_005,0,3,False,0.005964841693639755,-0.005964841693639755,259,319,0.004983730614185333,0.005234267562627792,0.00412227725610137,0,0.017501801252365112,687.0,196608
eval,0,ai_009_003_cam_00_frame.0000,train,ai_009_003,0,1,False,0.006033436395227909,-0.006033436395227909,220,190,0.005019908770918846,0.0053331200033426285,0.004159441217780113,0,0.006033436395227909,551.0,196608
eval,0,ai_009_003_cam_00_frame.0000,train,ai_009_003,0,2,False,0.005955120548605919,-0.005955120548605919,219,438,0.005020400509238243,0.005305367521941662,0.004156010691076517,0,0.01196229737251997,550.0,196608
eval,0,ai_009_003_cam_00_frame.0000,train,ai_009_003,0,3,False,0.005843373015522957,-0.005843373015522957,216,209,0.005012365989387035,0.005303430836647749,0.004153793212026358,0,0.017507564276456833,550.0,196608
eval,0,ai_003_005_cam_00_frame.0000,train,ai_003_005,0,1,False,0.005881099961698055,-0.005881099961698055,147,329,0.005231028888374567,0.005444535054266453,0.0042881290428340435,0,0.005881099961698055,889.0,196608
eval,0,ai_003_005_cam_00_frame.0000,train,ai_003_005,0,2,False,0.005885796621441841,-0.005885796621441841,193,413,0.005222121719270945,0.005428483244031668,0.004287632182240486,0,0.011518770828843117,889.0,196608
eval,0,ai_003_005_cam_00_frame.0000,train,ai_003_005,0,3,False,0.005941915325820446,-0.005941915325820446,181,224,0.0052110664546489716,0.005427447147667408,0.0042841690592467785,0,0.017030766233801842,888.0,196608
eval,0,ai_044_007_cam_01_frame.0099,train,ai_044_007,99,1,False,0.005971747450530529,-0.005971747450530529,185,273,0.005191529635339975,0.005485199391841888,0.004245301708579063,0,0.005971747450530529,577.0,196608
eval,0,ai_044_007_cam_01_frame.0099,train,ai_044_007,99,2,False,0.005955929402261972,-0.005955929402261972,189,255,0.00518907280638814,0.00547410873696208,0.00424423860386014,0,0.011661790311336517,576.0,196608
eval,0,ai_044_007_cam_01_frame.0099,train,ai_044_007,99,3,False,0.006031341850757599,-0.006031341850757599,189,253,0.005187338218092918,0.005486552603542805,0.004241707734763622,0,0.017296545207500458,576.0,196608
eval,0,ai_053_020_cam_00_frame.0000,train,ai_053_020,0,1,False,0.0057134563103318214,-0.0057134563103318214,163,273,0.0049536628648638725,0.005182704888284206,0.004057571291923523,0,0.0057134563103318214,246.0,196608
eval,0,ai_053_020_cam_00_frame.0000,train,ai_053_020,0,2,False,0.005864320322871208,-0.005864320322871208,187,204,0.004950681701302528,0.005155783612281084,0.004053208976984024,0,0.01090334914624691,246.0,196608
eval,0,ai_053_020_cam_00_frame.0000,train,ai_053_020,0,3,False,0.005569836124777794,-0.005569836124777794,218,288,0.004948489833623171,0.00513644702732563,0.004045826382935047,0,0.016167528927326202,245.0,196608
eval,0,ai_033_010_cam_00_frame.0000,train,ai_033_010,0,1,False,0.005998500622808933,-0.005998500622808933,174,79,0.005071716383099556,0.0054723056964576244,0.004258383065462112,0,0.005998500622808933,511.0,196608
eval,0,ai_033_010_cam_00_frame.0000,train,ai_033_010,0,2,False,0.006189183332026005,-0.006189183332026005,131,220,0.005055296700447798,0.005439998582005501,0.004257902968674898,0,0.012028834782540798,510.0,196608
eval,0,ai_033_010_cam_00_frame.0000,train,ai_033_010,0,3,False,0.0060735782608389854,-0.0060735782608389854,131,220,0.0050454409793019295,0.005435690749436617,0.004258027300238609,0,0.018102413043379784,510.0,196608
eval,0,ai_013_004_cam_00_frame.0000,train,ai_013_004,0,1,False,0.005879000760614872,-0.005879000760614872,277,284,0.005037127062678337,0.00522669218480587,0.004162163473665714,0,0.005879000760614872,278.0,196608
eval,0,ai_013_004_cam_00_frame.0000,train,ai_013_004,0,2,False,0.005794643424451351,-0.005794643424451351,262,284,0.005035648122429848,0.00522997509688139,0.004163549747318029,0,0.011249158531427383,278.0,196608
eval,0,ai_013_004_cam_00_frame.0000,train,ai_013_004,0,3,False,0.005742165260016918,-0.005742165260016918,251,140,0.005028103943914175,0.0052160960622131824,0.004160404205322266,0,0.01640656217932701,277.0,196608
eval,0,ai_030_009_cam_00_frame.0000,train,ai_030_009,0,1,False,0.005760744214057922,-0.005760744214057922,231,106,0.0049358271062374115,0.005169732961803675,0.004038901533931494,0,0.005760744214057922,316.0,196608
eval,0,ai_030_009_cam_00_frame.0000,train,ai_030_009,0,2,False,0.005740126129239798,-0.005740126129239798,243,72,0.004931027069687843,0.005160109139978886,0.004035951104015112,0,0.011273415759205818,315.0,196608
eval,0,ai_030_009_cam_00_frame.0000,train,ai_030_009,0,3,False,0.005908510647714138,-0.005908510647714138,209,158,0.004926142282783985,0.005109422840178013,0.004035338759422302,0,0.016259703785181046,315.0,196608
eval,0,ai_036_008_cam_00_frame.0000,train,ai_036_008,0,1,False,0.005841698497533798,-0.005841698497533798,240,231,0.004977213218808174,0.005282318685203791,0.004172418266534805,0,0.005841698497533798,420.0,196608
eval,0,ai_036_008_cam_00_frame.0000,train,ai_036_008,0,2,False,0.0060259755700826645,-0.0060259755700826645,239,232,0.004976499825716019,0.0052566565573215485,0.0041717346757650375,0,0.011731667444109917,420.0,196608
eval,0,ai_036_008_cam_00_frame.0000,train,ai_036_008,0,3,False,0.005863078869879246,-0.005863078869879246,240,232,0.004971873480826616,0.005240848287940025,0.004168165847659111,0,0.01741459034383297,420.0,196608
eval,0,ai_008_010_cam_00_frame.0000,train,ai_008_010,0,1,False,0.005756615195423365,-0.005756615195423365,230,243,0.004970117472112179,0.005231430754065514,0.004115284886211157,0,0.005756615195423365,357.0,196608
eval,0,ai_008_010_cam_00_frame.0000,train,ai_008_010,0,2,False,0.005709960125386715,-0.005709960125386715,176,141,0.0049645924009382725,0.005215468350797892,0.004113205708563328,0,0.011386807076632977,356.0,196608
eval,0,ai_008_010_cam_00_frame.0000,train,ai_008_010,0,3,False,0.005863332189619541,-0.005863332189619541,265,116,0.004960987251251936,0.005202928092330694,0.0041136001236736774,0,0.016477329656481743,356.0,196608
eval,0,ai_026_019_cam_00_frame.0000,train,ai_026_019,0,1,False,0.00595965888351202,-0.00595965888351202,317,272,0.0053315358236432076,0.005521416198462248,0.004209783859550953,0,0.00595965888351202,385.0,196608
eval,0,ai_026_019_cam_00_frame.0000,train,ai_026_019,0,2,False,0.006125178653746843,-0.006125178653746843,291,272,0.0053284806199371815,0.005502501502633095,0.00421014241874218,0,0.011923067271709442,385.0,196608
eval,0,ai_026_019_cam_00_frame.0000,train,ai_026_019,0,3,False,0.006237910129129887,-0.006237910129129887,377,273,0.005321746692061424,0.0055079953745007515,0.004208942409604788,0,0.017737507820129395,384.0,196608
eval,0,ai_038_002_cam_00_frame.0099,train,ai_038_002,99,1,False,0.006173092871904373,-0.006173092871904373,326,340,0.005435817409306765,0.005693628918379545,0.004190762527287006,0,0.006173092871904373,527.0,196608
eval,0,ai_038_002_cam_00_frame.0099,train,ai_038_002,99,2,False,0.006127756088972092,-0.006127756088972092,276,326,0.005422131158411503,0.00567313889041543,0.004190119914710522,0,0.012230769731104374,527.0,196608
eval,0,ai_038_002_cam_00_frame.0099,train,ai_038_002,99,3,False,0.00633389875292778,-0.00633389875292778,275,330,0.005411182995885611,0.005661187693476677,0.004186665639281273,0,0.01838410086929798,526.0,196608
eval,0,ai_012_010_cam_00_frame.0099,train,ai_012_010,99,1,False,0.005737880244851112,-0.005737880244851112,196,88,0.004982145968824625,0.005229932256042957,0.004097883589565754,0,0.005737880244851112,362.0,196608
eval,0,ai_012_010_cam_00_frame.0099,train,ai_012_010,99,2,False,0.0057244570925831795,-0.0057244570925831795,198,206,0.004969778470695019,0.005223782267421484,0.004098688252270222,0,0.011156205087900162,361.0,196608
eval,0,ai_012_010_cam_00_frame.0099,train,ai_012_010,99,3,False,0.00580933503806591,-0.00580933503806591,191,154,0.004966253414750099,0.005217480007559061,0.004096353426575661,0,0.01640840619802475,361.0,196608
eval,0,ai_029_005_cam_00_frame.0000,train,ai_029_005,0,1,False,0.005960589274764061,-0.005960589274764061,208,405,0.005015227012336254,0.005294462200254202,0.004153288900852203,0,0.005960589274764061,465.0,196608
eval,0,ai_029_005_cam_00_frame.0000,train,ai_029_005,0,2,False,0.005833989940583706,-0.005833989940583706,192,443,0.005006338004022837,0.005258970893919468,0.004153336398303509,0,0.011554645374417305,464.0,196608
eval,0,ai_029_005_cam_00_frame.0000,train,ai_029_005,0,3,False,0.005923937074840069,-0.005923937074840069,196,454,0.005004360806196928,0.0052635762840509415,0.004152496345341206,0,0.01738015189766884,465.0,196608
eval,0,ai_051_002_cam_00_frame.0000,train,ai_051_002,0,1,False,0.005864913575351238,-0.005864913575351238,213,407,0.005044388584792614,0.00527582922950387,0.004163078032433987,0,0.005864913575351238,372.0,196608
eval,0,ai_051_002_cam_00_frame.0000,train,ai_051_002,0,2,False,0.0056982506066560745,-0.0056982506066560745,227,263,0.005045711062848568,0.005281099583953619,0.004162406548857689,0,0.01113853044807911,372.0,196608
eval,0,ai_051_002_cam_00_frame.0000,train,ai_051_002,0,3,False,0.005775541067123413,-0.005775541067123413,195,476,0.005022572353482246,0.005259474273771048,0.004157849587500095,0,0.01667238585650921,371.0,196608
eval,0,ai_048_004_cam_00_frame.0000,train,ai_048_004,0,1,False,0.006144328974187374,-0.006144328974187374,181,230,0.005017033312469721,0.00537811778485775,0.004108372610062361,0,0.006144328974187374,470.0,196608
eval,0,ai_048_004_cam_00_frame.0000,train,ai_048_004,0,2,False,0.005895992740988731,-0.005895992740988731,204,153,0.005010352935642004,0.0053324452601373196,0.004107310436666012,0,0.01180423516780138,470.0,196608
eval,0,ai_048_004_cam_00_frame.0000,train,ai_048_004,0,3,False,0.005794689059257507,-0.005794689059257507,204,153,0.005011355504393578,0.0053434851579368114,0.00409959489479661,0,0.017598923295736313,469.0,196608
eval,0,ai_013_001_cam_00_frame.0000,train,ai_013_001,0,1,False,0.006017465144395828,-0.006017465144395828,287,214,0.005097762681543827,0.005369969643652439,0.004057693760842085,0,0.006017465144395828,483.0,196608
eval,0,ai_013_001_cam_00_frame.0000,train,ai_013_001,0,2,False,0.005879288539290428,-0.005879288539290428,178,257,0.0050893318839371204,0.005363362841308117,0.00405347254127264,0,0.011358784511685371,482.0,196608
eval,0,ai_013_001_cam_00_frame.0000,train,ai_013_001,0,3,False,0.0059449439868330956,-0.0059449439868330956,176,257,0.005084455944597721,0.00536957336589694,0.004049601033329964,0,0.016985533758997917,482.0,196608
eval,0,ai_018_007_cam_00_frame.0000,train,ai_018_007,0,1,False,0.0056540751829743385,-0.0056540751829743385,231,346,0.0049095177091658115,0.005159707274287939,0.004115934483706951,0,0.0056540751829743385,247.0,196608
eval,0,ai_018_007_cam_00_frame.0000,train,ai_018_007,0,2,False,0.005746212787926197,-0.005746212787926197,212,193,0.004914050921797752,0.00513850012794137,0.004117801319807768,0,0.011097894981503487,246.0,196608
eval,0,ai_018_007_cam_00_frame.0000,train,ai_018_007,0,3,False,0.005631227977573872,-0.005631227977573872,197,329,0.004914508201181889,0.005131436977535486,0.004113932605832815,0,0.01615729182958603,246.0,196608
eval,0,ai_016_006_cam_00_frame.0099,train,ai_016_006,99,1,False,0.005811040289700031,-0.005811040289700031,159,193,0.004967162851244211,0.005149921867996454,0.003977610729634762,0,0.005811040289700031,373.0,196608
eval,0,ai_016_006_cam_00_frame.0099,train,ai_016_006,99,2,False,0.005691095255315304,-0.005691095255315304,160,193,0.004965316504240036,0.0051487525925040245,0.003976000007241964,0,0.011098096147179604,373.0,196608
eval,0,ai_016_006_cam_00_frame.0099,train,ai_016_006,99,3,False,0.005929379723966122,-0.005929379723966122,111,56,0.004961458500474691,0.005145316477864981,0.0039716847240924835,0,0.0165054053068161,372.0,196608
eval,0,ai_032_002_cam_00_frame.0099,train,ai_032_002,99,1,False,0.00575955118983984,-0.00575955118983984,125,419,0.005004477221518755,0.005263293627649546,0.004107723943889141,0,0.00575955118983984,391.0,196608
eval,0,ai_032_002_cam_00_frame.0099,train,ai_032_002,99,2,False,0.005822126753628254,-0.005822126753628254,201,482,0.005004978273063898,0.005255043972283602,0.004107198677957058,0,0.011271516792476177,391.0,196608
eval,0,ai_032_002_cam_00_frame.0099,train,ai_032_002,99,3,False,0.005885034799575806,-0.005885034799575806,200,481,0.005007318686693907,0.005237376317381859,0.004106602165848017,0,0.01668664999306202,391.0,196608
eval,0,ai_042_002_cam_00_frame.0000,train,ai_042_002,0,1,False,0.0057151541113853455,-0.0057151541113853455,292,487,0.004964181687682867,0.005248710047453642,0.004151803441345692,0,0.0057151541113853455,357.0,196608
eval,0,ai_042_002_cam_00_frame.0000,train,ai_042_002,0,2,False,0.005766483023762703,-0.005766483023762703,243,286,0.0049589150585234165,0.005212150514125824,0.004150751978158951,0,0.011435912922024727,356.0,196608
eval,0,ai_042_002_cam_00_frame.0000,train,ai_042_002,0,3,False,0.0059872837737202644,-0.0059872837737202644,151,53,0.004954981617629528,0.005194826517254114,0.004148760810494423,0,0.016583817079663277,356.0,196608
eval,0,ai_034_001_cam_00_frame.0000,train,ai_034_001,0,1,False,0.005686073563992977,-0.005686073563992977,224,302,0.0049216789193451405,0.005136195104569197,0.004081960301846266,0,0.005686073563992977,291.0,196608
eval,0,ai_034_001_cam_00_frame.0000,train,ai_034_001,0,2,False,0.005643428303301334,-0.005643428303301334,206,422,0.0049137151800096035,0.0051248883828520775,0.004080568440258503,0,0.011237019672989845,291.0,196608
eval,0,ai_034_001_cam_00_frame.0000,train,ai_034_001,0,3,False,0.005649399012327194,-0.005649399012327194,179,320,0.004912573378533125,0.005121006164699793,0.00407916447147727,0,0.016118641942739487,291.0,196608
eval,0,ai_045_004_cam_01_frame.0099,train,ai_045_004,99,1,False,0.005779511295258999,-0.005779511295258999,75,321,0.0050783283077180386,0.0054131727665662766,0.004021272994577885,0,0.005779511295258999,568.0,196608
eval,0,ai_045_004_cam_01_frame.0099,train,ai_045_004,99,2,False,0.006206002086400986,-0.006206002086400986,68,337,0.00507538765668869,0.00540349492803216,0.004018263891339302,0,0.011897561140358448,568.0,196608
eval,0,ai_045_004_cam_01_frame.0099,train,ai_045_004,99,3,False,0.006034038960933685,-0.006034038960933685,78,326,0.0050567337311804295,0.0053911288268864155,0.0040161339566111565,0,0.017791053280234337,567.0,196608
eval,0,ai_035_009_cam_00_frame.0000,train,ai_035_009,0,1,False,0.0058786263689398766,-0.0058786263689398766,127,167,0.005012778099626303,0.005261589772999287,0.004274596925824881,0,0.0058786263689398766,406.0,196608
eval,0,ai_035_009_cam_00_frame.0000,train,ai_035_009,0,2,False,0.005746311508119106,-0.005746311508119106,202,139,0.005010093562304974,0.00523780845105648,0.004274770617485046,0,0.011377612128853798,406.0,196608
eval,0,ai_035_009_cam_00_frame.0000,train,ai_035_009,0,3,False,0.005652846768498421,-0.005652846768498421,220,196,0.005006903782486916,0.005231290590018034,0.004272949881851673,0,0.01686852239072323,405.0,196608
eval,0,ai_019_001_cam_00_frame.0000,train,ai_019_001,0,1,False,0.005904436111450195,-0.005904436111450195,271,55,0.005011620000004768,0.005240822676569223,0.004199236631393433,0,0.005904436111450195,254.0,196608
eval,0,ai_019_001_cam_00_frame.0000,train,ai_019_001,0,2,False,0.005909298080950975,-0.005909298080950975,243,184,0.005016287788748741,0.0052558002062141895,0.004199502989649773,0,0.01146324910223484,254.0,196608
eval,0,ai_019_001_cam_00_frame.0000,train,ai_019_001,0,3,False,0.0059897336177527905,-0.0059897336177527905,242,219,0.005013446789234877,0.005248503293842077,0.004195472225546837,0,0.01695522479712963,254.0,196608
eval,0,ai_004_008_cam_00_frame.0000,train,ai_004_008,0,1,False,0.005646117962896824,-0.005646117962896824,312,322,0.004767680075019598,0.005004174076020718,0.0040422892197966576,0,0.005646117962896824,339.0,196608
eval,0,ai_004_008_cam_00_frame.0000,train,ai_004_008,0,2,False,0.005458352621644735,-0.005458352621644735,319,129,0.004765103105455637,0.004999123979359865,0.004042142070829868,0,0.011076019145548344,339.0,196608
eval,0,ai_004_008_cam_00_frame.0000,train,ai_004_008,0,3,False,0.00570880901068449,-0.00570880901068449,323,30,0.004760827869176865,0.0049699097871780396,0.004043658263981342,0,0.016320284456014633,339.0,196608
eval,0,ai_039_007_cam_00_frame.0099,train,ai_039_007,99,1,False,0.005761932581663132,-0.005761932581663132,64,323,0.004922973923385143,0.005098298192024231,0.004006647039204836,0,0.005761932581663132,348.0,196608
eval,0,ai_039_007_cam_00_frame.0099,train,ai_039_007,99,2,False,0.005719072185456753,-0.005719072185456753,281,81,0.004925042390823364,0.005098401103168726,0.004005642607808113,0,0.011157863773405552,347.0,196608
eval,0,ai_039_007_cam_00_frame.0099,train,ai_039_007,99,3,False,0.005625625140964985,-0.005625625140964985,110,53,0.004923934582620859,0.005088028032332659,0.004004905000329018,0,0.01638919487595558,347.0,196608
eval,0,ai_006_003_cam_00_frame.0000,train,ai_006_003,0,1,False,0.005716118961572647,-0.005716118961572647,273,99,0.0049050357192754745,0.00511202635243535,0.0041111065074801445,0,0.005716118961572647,309.0,196608
eval,0,ai_006_003_cam_00_frame.0000,train,ai_006_003,0,2,False,0.00570007273927331,-0.00570007273927331,261,95,0.004903332330286503,0.005097030662000179,0.00411159498617053,0,0.011081939563155174,309.0,196608
eval,0,ai_006_003_cam_00_frame.0000,train,ai_006_003,0,3,False,0.005611369386315346,-0.005611369386315346,268,169,0.004899224732071161,0.005102535709738731,0.004108313471078873,0,0.016357287764549255,308.0,196608
eval,0,ai_010_009_cam_00_frame.0000,train,ai_010_009,0,1,False,0.006015347316861153,-0.006015347316861153,230,295,0.005102153867483139,0.005430159624665976,0.0041855573654174805,0,0.006015347316861153,424.0,196608
eval,0,ai_010_009_cam_00_frame.0000,train,ai_010_009,0,2,False,0.00602884404361248,-0.00602884404361248,212,275,0.005122889764606953,0.005429248325526714,0.004179559648036957,0,0.01194173377007246,424.0,196608
eval,0,ai_010_009_cam_00_frame.0000,train,ai_010_009,0,3,False,0.006024694070219994,-0.006024694070219994,204,265,0.005117704626172781,0.005432948470115662,0.0041793109849095345,0,0.017445925623178482,424.0,196608
eval,0,ai_001_002_cam_00_frame.0000,train,ai_001_002,0,1,False,0.005709771066904068,-0.005709771066904068,254,71,0.00482157664373517,0.005091020837426186,0.003993567544966936,0,0.005709771066904068,364.0,196608
eval,0,ai_001_002_cam_00_frame.0000,train,ai_001_002,0,2,False,0.0055486299097537994,-0.0055486299097537994,375,51,0.004824420437216759,0.005089049227535725,0.003990069031715393,0,0.010766850784420967,363.0,196608
eval,0,ai_001_002_cam_00_frame.0000,train,ai_001_002,0,3,False,0.005415647756308317,-0.005415647756308317,69,259,0.004817343316972256,0.005075816065073013,0.003987572621554136,0,0.015858646482229233,363.0,196608
eval,0,ai_038_006_cam_00_frame.0000,train,ai_038_006,0,1,False,0.006647755391895771,-0.006647755391895771,200,182,0.005284414626657963,0.005715744104236364,0.004159846343100071,0,0.006647755391895771,792.0,196608
eval,0,ai_038_006_cam_00_frame.0000,train,ai_038_006,0,2,False,0.006352313794195652,-0.006352313794195652,233,118,0.005273362621665001,0.005710372235625982,0.004159113857895136,0,0.012574048712849617,791.0,196608
eval,0,ai_038_006_cam_00_frame.0000,train,ai_038_006,0,3,False,0.0062728445045650005,-0.0062728445045650005,233,55,0.00526250246912241,0.005685978103429079,0.00415498111397028,0,0.018846893683075905,791.0,196608
eval,0,ai_032_005_cam_00_frame.0000,train,ai_032_005,0,1,False,0.005860156379640102,-0.005860156379640102,139,363,0.004943533334881067,0.005146751645952463,0.004271154757589102,0,0.005860156379640102,306.0,196608
eval,0,ai_032_005_cam_00_frame.0000,train,ai_032_005,0,2,False,0.0056046294048428535,-0.0056046294048428535,242,112,0.004943154286593199,0.005149414762854576,0.004270858131349087,0,0.0109379468485713,306.0,196608
eval,0,ai_032_005_cam_00_frame.0000,train,ai_032_005,0,3,False,0.005546340718865395,-0.005546340718865395,218,229,0.004946825560182333,0.0051395585760474205,0.004268796648830175,0,0.016313856467604637,306.0,196608
eval,0,ai_022_002_cam_00_frame.0000,train,ai_022_002,0,1,False,0.006087952759116888,-0.006087952759116888,236,339,0.004926627967506647,0.005184029694646597,0.004176297225058079,0,0.006087952759116888,465.0,196608
eval,0,ai_022_002_cam_00_frame.0000,train,ai_022_002,0,2,False,0.005919979885220528,-0.005919979885220528,236,339,0.004917766898870468,0.0051719387993216515,0.004174958914518356,0,0.012007933109998703,464.0,196608
eval,0,ai_022_002_cam_00_frame.0000,train,ai_022_002,0,3,False,0.005944413132965565,-0.005944413132965565,236,339,0.004913936834782362,0.005171597935259342,0.004174766130745411,0,0.017952345311641693,464.0,196608
eval,0,ai_023_008_cam_00_frame.0000,train,ai_023_008,0,1,False,0.0060845594853162766,-0.0060845594853162766,274,243,0.005273713264614344,0.005552668124437332,0.00409445445984602,0,0.0060845594853162766,443.0,196608
eval,0,ai_023_008_cam_00_frame.0000,train,ai_023_008,0,2,False,0.006194747053086758,-0.006194747053086758,353,242,0.005251599941402674,0.005544552579522133,0.00408993661403656,0,0.011823519133031368,442.0,196608
eval,0,ai_023_008_cam_00_frame.0000,train,ai_023_008,0,3,False,0.006013561971485615,-0.006013561971485615,353,242,0.0052519808523356915,0.005530898924916983,0.004089926369488239,0,0.017837081104516983,441.0,196608
eval,0,ai_002_008_cam_00_frame.0099,train,ai_002_008,99,1,False,0.006010221317410469,-0.006010221317410469,202,491,0.005100516136735678,0.005325357895344496,0.004143846686929464,0,0.006010221317410469,463.0,196608
eval,0,ai_002_008_cam_00_frame.0099,train,ai_002_008,99,2,False,0.006062479689717293,-0.006062479689717293,202,491,0.005101416725665331,0.005341642536222935,0.0041449652053415775,0,0.012072701007127762,463.0,196608
eval,0,ai_002_008_cam_00_frame.0099,train,ai_002_008,99,3,False,0.005880109965801239,-0.005880109965801239,202,491,0.0050997044891119,0.00533226877450943,0.004143303260207176,0,0.017952810972929,463.0,196608
eval,0,ai_055_005_cam_01_frame.0099,train,ai_055_005,99,1,False,0.005839330144226551,-0.005839330144226551,171,421,0.004941894672811031,0.0052003879100084305,0.0040484946221113205,0,0.005839330144226551,610.0,196608
eval,0,ai_055_005_cam_01_frame.0099,train,ai_055_005,99,2,False,0.005737091414630413,-0.005737091414630413,167,478,0.00494149886071682,0.005180682521313429,0.004050103481858969,0,0.011301187798380852,610.0,196608
eval,0,ai_055_005_cam_01_frame.0099,train,ai_055_005,99,3,False,0.00568772666156292,-0.00568772666156292,18,263,0.00494510680437088,0.005178313702344894,0.004048666916787624,0,0.016454383730888367,609.0,196608
eval,0,ai_028_002_cam_00_frame.0000,train,ai_028_002,0,1,False,0.005983266979455948,-0.005983266979455948,141,77,0.004894796293228865,0.005220324266701937,0.004174516070634127,0,0.005983266979455948,450.0,196608
eval,0,ai_028_002_cam_00_frame.0000,train,ai_028_002,0,2,False,0.005922912620007992,-0.005922912620007992,168,110,0.0048922388814389706,0.005213040858507156,0.0041745733469724655,0,0.011540446430444717,450.0,196608
eval,0,ai_028_002_cam_00_frame.0000,train,ai_028_002,0,3,False,0.005931321531534195,-0.005931321531534195,167,110,0.0048932344652712345,0.0052104066126048565,0.0041677989065647125,0,0.017056869342923164,449.0,196608
eval,0,ai_044_008_cam_01_frame.0099,train,ai_044_008,99,1,False,0.006124416831880808,-0.006124416831880808,305,252,0.00522720767185092,0.005487058311700821,0.004203455522656441,0,0.006124416831880808,585.0,196608
eval,0,ai_044_008_cam_01_frame.0099,train,ai_044_008,99,2,False,0.00615032110363245,-0.00615032110363245,305,251,0.005218295846134424,0.005454914644360542,0.00420164130628109,0,0.01213562861084938,586.0,196608
eval,0,ai_044_008_cam_01_frame.0099,train,ai_044_008,99,3,False,0.006144952028989792,-0.006144952028989792,305,251,0.005213618744164705,0.005454324651509523,0.0041981106624007225,0,0.018280580639839172,586.0,196608
eval,0,ai_033_008_cam_00_frame.0000,train,ai_033_008,0,1,False,0.006085549481213093,-0.006085549481213093,171,259,0.005030144937336445,0.005307525862008333,0.0041154599748551846,0,0.006085549481213093,542.0,196608
eval,0,ai_033_008_cam_00_frame.0000,train,ai_033_008,0,2,False,0.005946643650531769,-0.005946643650531769,200,256,0.00503791868686676,0.005290732719004154,0.004112579859793186,0,0.011557349003851414,541.0,196608
eval,0,ai_033_008_cam_00_frame.0000,train,ai_033_008,0,3,False,0.005777720361948013,-0.005777720361948013,100,274,0.005032762885093689,0.005276787094771862,0.004110874142497778,0,0.01679098606109619,541.0,196608
