step,stage,loss,grad_norm,lr_ssr,lr_heads,lr_backbone,base/k1/edge,base/k1/global,base/k1/local,refined/k1/edge,refined/k1/global,refined/k1/local,refined/k2/edge,refined/k2/global,refined/k2/local,refined/k3/edge,refined/k3/global,refined/k3/local,ssr_max_abs_log_depth_residual,ssr_max_abs_raw_log_depth_residual,ssr_max_bound_saturation_fraction,ssr_max_depth_span
801,joint,0.16033056750893593,1.1407339572906494,2e-06,5e-07,0.0,0.0007702850271016359,0.02198883396340534,0.02499893185449764,0.000865422382048564,0.018046442710328847,0.020530788111500442,0.0009335183713119477,0.015478630899451673,0.019013165263459086,0.0009951343163265847,0.014805470767896622,0.02190394018543884,0.09913008660078049,0.2716657519340515,0.0006917318096384406,836.0
802,joint,0.14402834326028824,0.7689264416694641,2e-06,5e-07,0.0,0.0007159870910982136,0.022644268872682005,0.0163598355720751,0.0008007793949218467,0.020248403365258127,0.01666469720657915,0.000866163354658056,0.019096074771368876,0.012694798002485186,0.0009234232056769542,0.019179292663466185,0.013834620476700366,0.09930840879678726,0.28318074345588684,0.0028839111328125,423.0
803,joint,0.18005759082734585,1.5409588813781738,2e-06,5e-07,0.0,0.0008624132533441298,0.02653704641852528,0.022091284627094865,0.000924624917388428,0.023228142701555043,0.02101783809484914,0.0009803352513699792,0.020983309776056558,0.022739118547178805,0.0010367097129346803,0.020247297652531415,0.019409473112318665,0.09567645937204361,0.19061939418315887,2.0345052689663135e-05,659.0
804,joint,0.17925835866481066,0.9055598378181458,2e-06,5e-07,0.0,0.0008151130459737033,0.02583876153221354,0.019887053000275046,0.000887977184902411,0.022025740356184542,0.018746424466371536,0.0009504949484835379,0.019891344447387382,0.032228113734163344,0.0010083541710628197,0.019631791627034545,0.017347185988910496,0.09933265298604965,0.28497079014778137,0.0004984537954442203,664.0
805,joint,0.1295927008613944,0.9251323938369751,2e-06,5e-07,0.0,0.0007721679976384621,0.01666749472497031,0.01721021707635373,0.0008361839209101163,0.013825248635839671,0.0184448899817653,0.0008907591982278973,0.012316935928538442,0.015483504510484636,0.0009445355826755986,0.012142436229623854,0.02005832688882947,0.0985872820019722,0.2472856193780899,0.0003204345703125,660.0
806,joint,0.13618646748363972,0.6613194942474365,2e-06,5e-07,0.0,0.000647841934551252,0.02051632056827657,0.019076205790042877,0.0007451360506820492,0.017027963447617367,0.01683242793660611,0.0008170742221409455,0.014737950448761694,0.015342119470005855,0.000881738647876773,0.014063484471989796,0.015498206426855177,0.09989523142576218,0.37768909335136414,0.0019938151817768812,708.0
807,joint,0.19261292554438114,1.4545420408248901,2e-06,5e-07,0.0,0.0008612023884779774,0.027601264999248087,0.025671361945569515,0.0009286337663070299,0.024179344240110368,0.022586154052987695,0.000988650463114027,0.021961973514407873,0.022256082971580327,0.0010475709350430407,0.02106362284393981,0.02346706611569971,0.09905678778886795,0.2676025629043579,0.0005289713735692203,572.0
808,joint,0.12409469438716769,1.2113622426986694,2e-06,5e-07,0.0,0.0007791194620949682,0.01530030625872314,0.018417273880913854,0.000869096187670948,0.012751673813909292,0.017919661884661764,0.0009382135249325074,0.011728279176168144,0.016192943847272545,0.0009973110354621895,0.0120429492671974,0.01615786791080609,0.09812963008880615,0.2331392616033554,0.0001983642578125,443.0
809,joint,0.14688978716731071,1.015332818031311,2e-06,5e-07,0.0,0.000857590239320416,0.02049856528174132,0.017445814912207425,0.0009246411573258229,0.017366648418828845,0.02082374633755535,0.0009744207782205194,0.01550890866201371,0.018506944878026843,0.0010215677539235912,0.01471427344949916,0.018246669322252274,0.09931587427854538,0.2837253212928772,0.0040944418869912624,709.0
810,joint,0.18712459737434983,1.229101300239563,2e-06,5e-07,0.0,0.0007530376205977518,0.03151801333297044,0.019323543994687498,0.0008366811598534696,0.026956532907206565,0.020319917937740684,0.0009062084136530757,0.023837149317841977,0.017996798094827682,0.000967508865869604,0.02284636173862964,0.020862846518866718,0.09839583933353424,0.24088312685489655,0.0003916422720067203,587.0
811,joint,0.20494634471833706,0.8684407472610474,2e-06,5e-07,0.0,0.0009264467225875705,0.028810799936763942,0.02021158568095416,0.0010113027674378827,0.02431368676479906,0.03195849101757631,0.0010765830229502171,0.021483907010406256,0.02041781786829233,0.0011305820662528276,0.020759929553605616,0.03284521377645433,0.09829232096672058,0.23773038387298584,0.0003509521484375,710.0
812,joint,0.2619570028036833,1.847213864326477,2e-06,5e-07,0.0,0.0010106775589520112,0.037735651596449316,0.03359176579397172,0.001080782400094904,0.032893046736717224,0.03367746830917895,0.001134986690885853,0.02944814320653677,0.03230162081308663,0.001178068239823915,0.027509075473062694,0.030395722249522805,0.09815078973770142,0.23371346294879913,0.007761637680232525,856.0
813,joint,0.16882728599011898,1.1838068962097168,2e-06,5e-07,0.0,0.0008470073880744167,0.02369991526938975,0.020410540339071304,0.0009331879846286029,0.020003140321932733,0.016619474510662258,0.0010038539621746168,0.017961100791580975,0.03175811714027077,0.0010667402020771988,0.01804345566779375,0.016480750986374915,0.09978239238262177,0.34111401438713074,0.0066680908203125,576.0
814,joint,0.2028570482507348,1.123836874961853,2e-06,5e-07,0.0,0.00089384015154792,0.02867356955539435,0.024934861692599952,0.0009757270818226971,0.02492235682439059,0.02547066193073988,0.0010401420877315104,0.022666322300210595,0.02335906238295138,0.0010939818748738617,0.022259195218794048,0.026567329303361475,0.09876000881195068,0.253849595785141,0.0026346843224018812,860.0
815,joint,0.18653790187090635,0.7122087478637695,2e-06,5e-07,0.0,0.0009437529079150409,0.02669776137918234,0.02490552607923746,0.0010160356905544177,0.022544050822034478,0.02104090352077037,0.001078250956197735,0.02014877152396366,0.022491754731163383,0.0011354052548995242,0.019984270096756518,0.024551421403884888,0.09797988086938858,0.22925040125846863,0.0074818930588662624,661.0
816,joint,0.13323702290654182,0.9385895729064941,2e-06,5e-07,0.0,0.0007824898566468619,0.021188017213717103,0.01779924484435469,0.0008690205140737817,0.01743995794095099,0.016681979526765645,0.0009390491322847083,0.015250367810949683,0.012420394457876682,0.0009993628336815163,0.015308797359466553,0.013558342936448753,0.09926190227270126,0.27991506457328796,0.0043182373046875,487.0
817,joint,0.20282238721847534,0.8005737066268921,2e-06,5e-07,0.0,0.0008030535318539478,0.026473892154172063,0.036175891873426735,0.0008678312442498282,0.022518045792821795,0.03307883336674422,0.0009304943305323832,0.020124476635828614,0.020326828001998365,0.0009824313165154308,0.019960558332968503,0.020580057869665325,0.09866555035114288,0.250154972076416,0.0003306071157567203,713.0
818,joint,0.14355417527258396,1.0672272443771362,2e-06,5e-07,0.0,0.000816283452877542,0.021463947428856045,0.01813289785059169,0.0008985758540802635,0.0175246566941496,0.017357859236653894,0.0009553483032505028,0.015352469956269488,0.017061897146049887,0.0010058761108666658,0.014828700077487156,0.018155663274228573,0.09808830916881561,0.23203620314598083,0.005442301742732525,783.0
819,joint,0.16763784736394882,1.240344762802124,2e-06,5e-07,0.0,0.0007899948905105703,0.027545498684048653,0.016417567851021886,0.000880298342963215,0.024118536384776235,0.01729000185150653,0.0009537846999592148,0.021850934834219515,0.01829300180543214,0.0010167949803872034,0.021785018616355956,0.01669641293119639,0.09986533969640732,0.36513110995292664,0.006968180648982525,469.0
820,joint,0.12438089866191149,1.196022629737854,2e-06,5e-07,0.0,0.0007631576772837434,0.017528887488879263,0.01739666296634823,0.0008474094647681341,0.013982775097247213,0.016526880557648838,0.0009104298223974183,0.011995947454124689,0.015105799247976393,0.0009694138352642767,0.012031263671815395,0.016322270268574357,0.09898741543292999,0.26403677463531494,0.0012461345177143812,661.0
821,joint,0.1383971688337624,0.7795186042785645,2e-06,5e-07,0.0,0.000823225451313192,0.018105024879332632,0.019012145785382017,0.0009071630993275903,0.01502267987234518,0.018575586611405015,0.0009690876031527296,0.01325585892482195,0.019214985048165545,0.001027082122163847,0.012993106880458072,0.01849121885607019,0.09950143843889236,0.2995924651622772,0.0045827231369912624,462.0
822,joint,0.1813880056142807,0.8881473541259766,2e-06,5e-07,0.0,0.0007907753606559709,0.023988907283637673,0.027055929822381586,0.0008773880326771177,0.020186288456898183,0.024772961216513067,0.0009387741156388074,0.017938464414328337,0.022215291450265795,0.0009913663016050123,0.017934856412466615,0.023697003489360213,0.09814747422933578,0.23362313210964203,0.0006256103515625,871.0
823,joint,0.22437499836087227,0.8447926640510559,2e-06,5e-07,0.0,0.0008308655887958594,0.027423786814324558,0.03814137040171772,0.0009081986063392833,0.023318498337175697,0.016837051254697144,0.00097824268596014,0.02078291168436408,0.03696487611159682,0.001042692136252299,0.020936587068717927,0.03620991692878306,0.0986575186252594,0.24985314905643463,0.0016733806114643812,714.0
824,joint,0.22122300323098898,0.7790712714195251,2e-06,5e-07,0.0,0.000918121550057549,0.03184249019250274,0.03470080008264631,0.0010037055253633298,0.027771867986302823,0.03398902830667794,0.0010653120334609412,0.025201856158673763,0.01948174776043743,0.0011159241184941493,0.02428354969015345,0.019848602707497776,0.09840990602970123,0.24132701754570007,0.0018971761455759406,783.0
825,joint,0.11614436842501163,0.6970404386520386,2e-06,5e-07,0.0,0.0007146846837713383,0.017295786063186824,0.016183102852664888,0.0007912612345535308,0.013441213872283697,0.013755411840975285,0.0008620800581411459,0.01155243586981669,0.014118752849753946,0.0009267069544875994,0.011354985064826906,0.015147949452511966,0.09911499172449112,0.27080202102661133,0.00015767416334711015,462.0
826,joint,0.14336302690207958,0.9818884134292603,2e-06,5e-07,0.0,0.000809880999440793,0.01810886850580573,0.02161860541673377,0.0008916106089600362,0.014631863159593195,0.020854701346252114,0.0009485760238021612,0.012788715481292456,0.018853443150874227,0.0009967006262741052,0.012482547550462186,0.02037750877207145,0.09945699572563171,0.29531192779541016,0.0005035400390625,667.0
827,joint,0.10611516563221812,1.5661391019821167,2e-06,5e-07,0.0,0.0007529333233833313,0.016032254410674796,0.014191862632287666,0.0008395894692512229,0.012807633058400825,0.013172312290407717,0.0009058756404556334,0.010917594569036737,0.012340292450971901,0.0009664000608609058,0.010596125765005127,0.012592292740009725,0.09882093966007233,0.2563842535018921,0.000335693359375,659.0
828,joint,0.13027546554803848,0.6921793818473816,2e-06,5e-07,0.0,0.0007373169100901578,0.019091246649622917,0.017203001654706895,0.0008320776323671453,0.015754642081446946,0.01634434680454433,0.0008983411462395452,0.01402632478857413,0.015255773032549769,0.0009602337377145886,0.014158771431539208,0.015013390453532338,0.09866645187139511,0.2501890957355499,0.00038655599928461015,659.0
829,joint,0.19698400981724262,0.9027292132377625,2e-06,5e-07,0.0,0.0008523815558874048,0.027271664352156222,0.028428090794477612,0.0009339373209513724,0.02337134291883558,0.025428423541598022,0.0009984028001781553,0.02078218327369541,0.025277903769165277,0.0010564640542725101,0.020332555985078216,0.02225065982202068,0.09924482554197311,0.27876710891723633,0.0027618408203125,877.0
830,joint,0.12745438888669014,0.8581175208091736,2e-06,5e-07,0.0,0.0007062164913804736,0.018509112880565226,0.017869556846562773,0.0008089698967523873,0.014919931651093066,0.015768107783515006,0.0008783546072663739,0.012945812253747135,0.015216425730613992,0.0009402664072695188,0.012624613620573655,0.016267022234387696,0.09927041828632355,0.28049731254577637,0.0027669272385537624,561.0
831,joint,0.3065643443260342,1.2230162620544434,2e-06,5e-07,0.0,0.0009765732065716293,0.039805743435863405,0.04140503529924899,0.0010625403010635637,0.036107756255660206,0.0338118348736316,0.0011295518779661506,0.033540021468070336,0.02969010779634118,0.00119267371337628,0.03318066173233092,0.05466184683609754,0.09696691483259201,0.20867270231246948,0.000244140625,786.0
832,joint,0.09989544888958335,0.7865033745765686,2e-06,5e-07,0.0,0.0006791920677642338,0.015727418125607073,0.012925850111059844,0.0007900331111159176,0.011992843268672004,0.012347948097158223,0.0008704347783350386,0.00976959713443648,0.012131796480389312,0.0009504461268079467,0.009971981984563172,0.011737908353097737,0.0988084003329277,0.2558524012565613,0.0010172526817768812,659.0
833,joint,0.13645875710062683,0.49649572372436523,2e-06,5e-07,0.0,0.0007727348274784163,0.01833450695266947,0.017564566485816613,0.0008631474265712313,0.01563654310302809,0.019353954296093434,0.0009248477217624895,0.014184952786308713,0.01564466202398762,0.0009808524046093225,0.014127313304925337,0.018070676072966307,0.09992936998605728,0.3974141776561737,0.0023345947265625,582.0
834,joint,0.19144358485937119,1.19151771068573,2e-06,5e-07,0.0,0.0008933326316764578,0.022805013111792505,0.03820430883206427,0.0009955580462701619,0.01958765450399369,0.015951759298332036,0.0010683292348403484,0.018230038753245026,0.015562426124233752,0.0011334438750054687,0.01855883450480178,0.038452881621196866,0.09890583157539368,0.2601417303085327,0.00029500326490961015,535.0
835,joint,0.13757035043090582,1.03253173828125,2e-06,5e-07,0.0,0.0007903663135948591,0.01962618390098214,0.01682057126890868,0.0008779168056207709,0.0162980651948601,0.015046230400912464,0.000942972706980072,0.014421868312638253,0.017745652934536338,0.0009966609213734046,0.013860030041541904,0.020143830915912986,0.09959305077791214,0.3097670376300812,0.0033620200119912624,492.0
836,joint,0.11580612370744348,1.121408224105835,2e-06,5e-07,0.0,0.0007218792925414164,0.015669472864829004,0.015559653344098479,0.0007899342344899196,0.012679085397394374,0.013997545815072954,0.0008401983795920387,0.01135963256820105,0.016229891625698656,0.0008861985770636238,0.011504559020977467,0.015568071394227445,0.09878882020711899,0.2550325095653534,0.0042724609375,783.0
837,joint,0.09222218208014965,1.128035306930542,2e-06,5e-07,0.0,0.00074620056693675,0.013409061008132994,0.012755547591950744,0.0008420792328251991,0.01015181010006927,0.011052867455873638,0.0009079290175577626,0.00867310186731629,0.011072916386183351,0.0009666494734119624,0.008973238989710808,0.01267077907687053,0.09937702864408493,0.2884220480918884,0.0012105306377634406,579.0
838,joint,0.12681913375854492,0.7212899327278137,2e-06,5e-07,0.0,0.000798971377662383,0.018868398503400385,0.01605170057155192,0.0008805026591289788,0.01478337834123522,0.016869449871592224,0.000950924055359792,0.012173506547696888,0.015127935796044767,0.0010105479741469026,0.012120492057874799,0.01718332595191896,0.0993543490767479,0.28662848472595215,0.0029246013145893812,494.0
839,joint,0.16091128485277295,1.045612096786499,2e-06,5e-07,0.0,0.0006913944089319557,0.022064155113184825,0.014949777687434107,0.0007859106553951278,0.018615064880577847,0.016509799956111237,0.000857906365126837,0.016616148583125323,0.025416534423129633,0.0009245668770745397,0.01668170979246497,0.026798313250765204,0.09949752688407898,0.29920050501823425,0.004302978515625,508.0
840,joint,0.10670404694974422,0.9676902890205383,2e-06,5e-07,0.0,0.0006524371674458962,0.016282202588627115,0.011788472707848996,0.0007570539710286539,0.01358998951036483,0.011450450983829796,0.0008282944327220321,0.012282922107260674,0.01091833965620026,0.0008974220399977639,0.012403442262439057,0.014853022381430492,0.09987403452396393,0.36847057938575745,0.0070343017578125,783.0
841,joint,0.18333496106788516,1.1191786527633667,2e-06,5e-07,0.0,0.0008713164570508525,0.024070243816822767,0.02368468709755689,0.0009528213922749273,0.020386596850585192,0.027027857810026035,0.0010176016221521422,0.01784466289973352,0.02230154536664486,0.0010773300673463382,0.01719108026009053,0.026909219741355628,0.09846318513154984,0.24304458498954773,0.0003763834829442203,878.0
842,joint,0.1297467309050262,2.07173490524292,2e-06,5e-07,0.0,0.0007131607599148992,0.021619600185658783,0.017188319005072117,0.0008087629976216704,0.017126336315413937,0.013702750904485583,0.0008823845346341841,0.014172061899444088,0.013635736191645265,0.0009416884349775501,0.013176943000871688,0.015778981905896217,0.09975340962409973,0.33485540747642517,0.004404704086482525,496.0
843,joint,0.20015649450942874,1.3964524269104004,2e-06,5e-07,0.0,0.0007452715908584651,0.027180129545740783,0.01766125235008076,0.0008307087628054433,0.023996422649361193,0.035588211845606565,0.0008938102546380833,0.021989144734106958,0.013931438617873937,0.0009517448852420785,0.020917051297146827,0.03547130641527474,0.09981613606214523,0.3495483100414276,0.00738525390625,581.0
844,joint,0.12474092561751604,0.8524717688560486,2e-06,5e-07,0.0,0.0007614793430548161,0.01784758988651447,0.015490147401578724,0.0008541873539797962,0.014700695290230215,0.01566425515920855,0.0009201496868627146,0.012942546716658399,0.01569846397615038,0.0009820242848945782,0.012863188283517957,0.016016200883314013,0.09876687079668045,0.2541288435459137,0.0006306966533884406,577.0
845,joint,0.11578960111364722,0.832085132598877,2e-06,5e-07,0.0,0.0007923503872007132,0.01572594654862769,0.016461740131489933,0.0008802740412647836,0.012679109757300466,0.014889515412505716,0.0009418368208571337,0.010998153738910332,0.014779959397856146,0.0010036342864623293,0.010920339991571382,0.015716739813797176,0.09971091151237488,0.326894611120224,0.0071309409104287624,528.0
846,joint,0.12347704544663429,1.008597493171692,2e-06,5e-07,0.0,0.0007123980176402256,0.018516719457693398,0.017553683486767113,0.0007909063569968566,0.014389258343726397,0.015412748616654426,0.0008647136928630061,0.011540686711668968,0.014770136505831033,0.000934389179747086,0.011096547183115035,0.016894859145395458,0.09913282096385956,0.2718239426612854,0.0030924479942768812,562.0
847,joint,0.15267279744148254,0.8796101808547974,2e-06,5e-07,0.0,0.0007505616049456876,0.02112399140605703,0.021661742706783116,0.0008399316247960087,0.018128334544599056,0.018605637946166098,0.0009063299148692749,0.016123170091304928,0.018023685086518526,0.0009653019806137308,0.015439588518347591,0.020104518567677587,0.09972397983074188,0.3292103707790375,0.006907145492732525,880.0
848,joint,0.15508403070271015,0.9846280813217163,2e-06,5e-07,0.0,0.0008229933664551936,0.022532841889187694,0.019637074787169695,0.0009082549513550475,0.019389729131944478,0.01898671197704971,0.0009716987042338587,0.01761691115098074,0.015914715128019452,0.0010304643801646307,0.017195242922753096,0.020077394670806825,0.09804432839155197,0.2308877557516098,0.001953125,461.0
849,joint,0.15683509223163128,1.365484356880188,2e-06,5e-07,0.0,0.0007998164837772492,0.022279440599959344,0.018538494361564517,0.0008700273392605595,0.019264777074567974,0.018773088173475116,0.0009265214539482258,0.017328561167232692,0.01905436482047662,0.000979059492237866,0.01674758136505261,0.021273360936902463,0.09764664620161057,0.22153185307979584,0.0002899169921875,713.0
850,joint,0.21834775898605585,1.0631355047225952,2e-06,5e-07,0.0,0.0008578706328989938,0.02803590032272041,0.01973099570022896,0.0009291290552937426,0.024846450425684452,0.01789323304546997,0.0009900926379486918,0.023350952484179288,0.03889658424304798,0.0010494038215256296,0.02350960811600089,0.03825754328863695,0.09813582897186279,0.23330682516098022,0.00015767416334711015,588.0
851,joint,0.0979730668477714,0.5650003552436829,2e-06,5e-07,0.0,0.0007249938425957225,0.014767070417292416,0.013834050158038735,0.0008201509044738486,0.010817066999152303,0.012916522799059749,0.0008961549028754234,0.008590593264671043,0.012380969536025077,0.0009608083419152535,0.008526813035132363,0.012737873708829284,0.09972616285085678,0.3296085000038147,0.0032755534630268812,494.0
852,joint,0.1646813191473484,0.555001437664032,2e-06,5e-07,0.0,0.0009150643163593486,0.024195645877625793,0.01967253105249256,0.0009806369816942606,0.02082440588856116,0.020675393228884786,0.0010368635921622626,0.018958597618620843,0.017203597468324006,0.0010918668922386132,0.01872319058747962,0.020403532194904983,0.09902762621641159,0.26607275009155273,0.00128173828125,488.0
853,joint,0.16335337329655886,0.47925981879234314,2e-06,5e-07,0.0,0.0009053466783370823,0.02196345548145473,0.02246134460438043,0.000971232853771653,0.018131510354578495,0.02242200169712305,0.001033584150718525,0.01605512958485633,0.02051530871540308,0.001084213326976169,0.016169679001905024,0.021640561055392027,0.09827297180891037,0.23716221749782562,0.00014241537428461015,508.0
854,joint,0.17604016046971083,1.7084623575210571,2e-06,5e-07,0.0,0.0007588758890051395,0.02391784288920462,0.031849568942561746,0.0008381565421586856,0.0199391630012542,0.03054272331064567,0.000905350738321431,0.0172250535688363,0.015115220798179507,0.0009652376829762943,0.016410466050729156,0.01757249649381265,0.09816553443670273,0.2341175377368927,0.0012766520958393812,438.0
855,joint,0.1444337754510343,1.184111475944519,2e-06,5e-07,0.0,0.0007210997282527387,0.024578863580245525,0.017233768827281892,0.0008334283702424727,0.019999684387585148,0.01569246535655111,0.0009144589130301028,0.01732061940128915,0.01443093831767328,0.0009835409582592547,0.01692228694446385,0.014802617544773966,0.09822752326726913,0.2358519732952118,0.0007476806640625,778.0
856,joint,0.14155097398906946,0.7703978419303894,2e-06,5e-07,0.0,0.0008111923889373429,0.019260660279542208,0.018692749144975096,0.0008936971862567589,0.01576406043022871,0.019184575940016657,0.0009626792016206309,0.013522626948542893,0.020083750074263662,0.0010241097334073856,0.013015159056521952,0.018335715343710035,0.09978452324867249,0.34160682559013367,0.0071156821213662624,469.0
857,joint,0.167136387899518,0.7377371191978455,2e-06,5e-07,0.0,0.0008963179352576844,0.024448463460430503,0.02258278662338853,0.000972787405771669,0.020747281494550407,0.01905874558724463,0.0010343652975279838,0.018668998265638947,0.019317760248668492,0.0010930803036899306,0.018488364992663264,0.019827437005005777,0.09902705997228622,0.2660437822341919,0.0010121663799509406,588.0
858,joint,0.16975768562406301,0.8856164813041687,2e-06,5e-07,0.0,0.0008459062155452557,0.023150240653194487,0.02188362169545144,0.0009306169813498855,0.019045049441047013,0.02300713991280645,0.000999141760985367,0.01641838194336742,0.02336765208747238,0.0010568877478362992,0.015948069107253104,0.023104981402866542,0.09849634021520615,0.2441435158252716,0.0015716552734375,874.0
859,joint,0.17464729235507548,0.8443862199783325,2e-06,5e-07,0.0,0.0007791671087034047,0.022551024885615334,0.024652006453834474,0.0008784769379417412,0.01897551558795385,0.023669411952141672,0.0009509373921900988,0.016641464811982587,0.023220951145049185,0.0010167699365410954,0.01635309652192518,0.024958470254205167,0.09801734238862991,0.2301958054304123,0.0009562174673192203,874.0
860,joint,0.11087794392369688,0.9224045872688293,2e-06,5e-07,0.0,0.000643534520349931,0.019504225754644722,0.011628723557805642,0.0007569742301711813,0.016379873122787103,0.010504869918804616,0.0008401509985560551,0.014151325216516852,0.010269078833516687,0.0009190205673803575,0.014086933835642412,0.011193231854122132,0.09834901243448257,0.23943275213241577,0.0007171630859375,480.0
861,joint,0.1476522395387292,0.8927497863769531,2e-06,5e-07,0.0,0.0007510857831221074,0.025267444143537432,0.017216803214978427,0.0008586150215705857,0.020961832051398233,0.014943741727620363,0.0009449600693187676,0.017779704969143495,0.015614073316100985,0.0010176920259254985,0.016892285086214542,0.01540400239173323,0.09996582567691803,0.4337133765220642,0.0020294189453125,785.0
862,joint,0.2614322444424033,0.8365797996520996,2e-06,5e-07,0.0,0.0010198323361692019,0.03346349799539894,0.037667263532057405,0.0010795991256600246,0.02900904684793204,0.04340289859101176,0.0011305245134280995,0.0261383744655177,0.040583446505479515,0.0011775310777011327,0.025792843895033002,0.02096739353146404,0.09898824989795685,0.26407814025878906,0.0026753745041787624,660.0
863,joint,0.171299422159791,0.42103683948516846,2e-06,5e-07,0.0,0.0008659795203129761,0.023954799573402852,0.02394777740119025,0.0009552316696499474,0.02048998250393197,0.021123394719325006,0.0010200492324656807,0.018318863672902808,0.020868382969638333,0.0010777679563034326,0.018161069630878046,0.020516119606327266,0.09984273463487625,0.35736727714538574,0.0069325766526162624,877.0
864,joint,0.1720470292493701,1.1203981637954712,2e-06,5e-07,0.0,0.0008330715209012851,0.025222601951099932,0.017049435060471296,0.000921283288334962,0.0216060132952407,0.01546679314924404,0.0009932173779816367,0.019280979002360255,0.014246069360524416,0.0010585293275653385,0.018914740241598338,0.03645430179312825,0.09982194751501083,0.35115525126457214,0.006983439438045025,572.0
865,joint,0.15483472496271133,1.0708277225494385,2e-06,5e-07,0.0,0.0008459488162770867,0.020197268459014595,0.023723905556835234,0.0009229307106579654,0.016417659353464842,0.020778488949872553,0.0009865053507382981,0.013994971755892038,0.020383839611895382,0.0010415782744530588,0.013599061872810125,0.021942567895166576,0.09968236833810806,0.3221791088581085,0.0030110678635537624,778.0
866,joint,0.14685154566541314,1.0539610385894775,2e-06,5e-07,0.0,0.000831716155516915,0.021494130021892488,0.019339789636433125,0.0009251701994799078,0.018484251719200984,0.01671115224598907,0.0009933942492352799,0.016411840944783762,0.018578503833850846,0.0010600566674838774,0.015484835545066744,0.016536706767510623,0.0998673290014267,0.3658747971057892,0.006998698227107525,572.0
867,joint,0.234177720034495,0.7087804079055786,2e-06,5e-07,0.0,0.0008559096204407979,0.02553096995688975,0.0241475161164999,0.0009420481219422072,0.02272421304951422,0.022250988171435893,0.001008659935905598,0.021168990846490487,0.046559140930185094,0.0010674447767087258,0.021358300669817254,0.04656354361213744,0.0997927114367485,0.34354713559150696,0.004007975570857525,876.0
868,joint,0.19948941469192505,0.8940237760543823,2e-06,5e-07,0.0,0.0009470843942835927,0.02960500807967037,0.0244892539922148,0.0010094561876030639,0.026204998837783933,0.023030083626508713,0.0010646294831531122,0.024084914184641093,0.022220324375666678,0.001118811036576517,0.02376398438354954,0.021950863883830607,0.09853554517030716,0.24547415971755981,0.0011138916015625,778.0
869,joint,0.2373913824558258,3.259478807449341,2e-06,5e-07,0.0,0.0008202332355722319,0.03877267020288855,0.026202804234344512,0.000902181192941498,0.034166812140028924,0.02501327160280198,0.0009691040759207681,0.030767896852921695,0.025566876167431474,0.001021960109937936,0.028728443488944322,0.024459123145788908,0.0998351201415062,0.35500189661979675,0.0033416748046875,778.0
870,joint,0.15657128510065377,0.9113439321517944,2e-06,5e-07,0.0,0.0007876880117692053,0.019585075322538614,0.024261167855001986,0.00087290647206828,0.0164791556308046,0.021529478312004358,0.0009349215688416734,0.014417240774491802,0.020278083422454074,0.000997492839815095,0.014165406726533547,0.022262666665483266,0.09931866079568863,0.2839299738407135,0.004608154296875,778.0
871,joint,0.17583031952381134,0.6884493827819824,2e-06,5e-07,0.0,0.0008528084290446714,0.024645336030516773,0.02416848175926134,0.0009200386120937765,0.021902627137023956,0.01958868425572291,0.0009760643952176906,0.02026227372698486,0.020372267405036837,0.0010307633347110823,0.020210987713653594,0.020899985916912556,0.09882721304893494,0.2566525936126709,0.0009969075908884406,587.0
872,joint,0.1626897919923067,0.601504921913147,2e-06,5e-07,0.0,0.0008355716418009251,0.020834149298025295,0.025706268614158034,0.0009212677032337524,0.01747071259887889,0.021735662332503125,0.0009866164182312787,0.015503107642871328,0.020902110147289932,0.0010419203754281625,0.01546865189447999,0.02128375493339263,0.09997153282165527,0.44285696744918823,0.0036722819786518812,871.0
873,joint,0.09075315576046705,0.7982269525527954,2e-06,5e-07,0.0,0.0006574852632184047,0.013309818576090038,0.012915780360344797,0.0007303238526219502,0.010205981903709471,0.011671236017718911,0.0007885700033511966,0.008485006750561297,0.011540379491634667,0.0008391597439185716,0.008192064880859107,0.011417349858675152,0.09963168948888779,0.31476452946662903,0.00384521484375,468.0
874,joint,0.1165760604199022,0.45082783699035645,2e-06,5e-07,0.0,0.0006729254200763535,0.016489986708620563,0.01598982111318037,0.0007736399420537055,0.013352146255783737,0.014960747939767316,0.0008469740569125861,0.011200565262697637,0.014383561298018321,0.0009222908993251622,0.011035334609914571,0.015948067943099886,0.09951813519001007,0.3012995719909668,0.0018666585674509406,561.0
875,joint,0.0933292917907238,0.8427181839942932,2e-06,5e-07,0.0,0.0006743011836078949,0.012689572526142001,0.012328533746767789,0.0007665763550903648,0.010132361698197201,0.011565248714759946,0.0008298051689052954,0.008746479958062991,0.012894928164314479,0.0008862671456881799,0.008842135110171512,0.012973080738447607,0.09989623725414276,0.37816962599754333,0.006922404281795025,485.0
876,joint,0.0913790191989392,1.146120309829712,2e-06,5e-07,0.0,0.0006767624327039812,0.012520375312305987,0.01437646584236063,0.0007812814510543831,0.009475025435676798,0.010990482434863225,0.0008603614187450148,0.008132136601489037,0.012897566426545382,0.0009304776540375315,0.00870910650701262,0.01102898019598797,0.0997837707400322,0.34143131971359253,0.0027669272385537624,659.0
877,joint,0.11057980637997389,0.8888369202613831,2e-06,5e-07,0.0,0.0006880352484586183,0.016392442310461774,0.015291748248273507,0.0007703898081672378,0.0130633115186356,0.01442895137006417,0.0008465686478302814,0.011226766131585464,0.01347333038575016,0.0009132107516052201,0.011283261846983805,0.012201787088997662,0.09980734437704086,0.34720924496650696,0.0027669272385537624,582.0
878,joint,0.12256497656926513,0.6325961947441101,2e-06,5e-07,0.0,0.0007426963784382679,0.015932539419736713,0.01937584741972387,0.0008152900481945835,0.01265607331879437,0.016267688770312816,0.0008800203577266075,0.010781306598801166,0.0165448680636473,0.0009386473902850412,0.010648665658663958,0.016981333261355758,0.09941648691892624,0.2917039096355438,0.0026041667442768812,662.0
879,joint,0.21487763430923223,0.8767173886299133,2e-06,5e-07,0.0,0.0008855319902068004,0.03353116021025926,0.017208764096722007,0.0009568994428263977,0.029973790515214205,0.019540070206858218,0.0010204023128608242,0.027738553704693913,0.01858841918874532,0.0010794543923111632,0.027291024453006685,0.03706356044858694,0.09872942417860031,0.25262370705604553,0.001983642578125,586.0
880,joint,0.13000559341162443,1.5424232482910156,2e-06,5e-07,0.0,0.0008185259066522121,0.017164263874292374,0.019069444155320525,0.0009065686244866811,0.01387010415783152,0.016740164399379864,0.0009696306442492642,0.012095543323084712,0.01677530986489728,0.0010318221829948016,0.011942449025809765,0.018621766474097967,0.09951504319906235,0.3009791374206543,0.0012715657940134406,572.0
881,joint,0.17165262787602842,0.9790838956832886,2e-06,5e-07,0.0,0.0007806919857102912,0.022254767740378156,0.024362007505260408,0.0008584428796893917,0.018738006678177044,0.024614358990220353,0.000917469005798921,0.016354427323676646,0.02405959862517193,0.0009719015943119302,0.015781153517309576,0.021959806326776743,0.09998172521591187,0.46501514315605164,0.0042775473557412624,778.0
882,joint,0.17595597147010267,0.9325372576713562,2e-06,5e-07,0.0,0.0007774790574330837,0.02620202346588485,0.020978771790396422,0.0008890990502550267,0.023513879161328077,0.01765778483240865,0.0009605961022316478,0.021985045532346703,0.01955831635859795,0.0010240063129458576,0.02200763692962937,0.020401335234055296,0.09995179623365402,0.4165211319923401,0.00384521484375,868.0
883,joint,0.12387931626290083,0.7518467903137207,2e-06,5e-07,0.0,0.0007408690835291054,0.017960192286409438,0.017417231341823936,0.0008442106263828464,0.013702933880267665,0.016937502019573003,0.0009160217523458414,0.011148284858791158,0.016795550764072686,0.0009818105318117887,0.010918842861428857,0.01551586773712188,0.09927507489919662,0.28081876039505005,0.0022379558067768812,778.0
884,joint,0.1527351732365787,0.6923243999481201,2e-06,5e-07,0.0,0.0007701038302911911,0.022296862211078405,0.022154078353196383,0.0008631038726889528,0.017667317879386246,0.02047346334438771,0.0009398351758136414,0.014586049132049084,0.01883157016709447,0.0010068979172501713,0.014053774706553668,0.019092116504907608,0.09955376386642456,0.3051496744155884,0.0050811767578125,869.0
885,joint,0.10956949624232948,0.677244246006012,2e-06,5e-07,0.0,0.0005965765922155697,0.014621468289988115,0.016309112077578902,0.0007112947932910174,0.01169774984009564,0.012989245646167547,0.0007909400956123136,0.01035725486872252,0.015382248413516209,0.0008626602066215128,0.01051832502707839,0.014732618408743292,0.09997180104255676,0.4433320462703705,0.004007975570857525,460.0
886,joint,0.12057683896273375,1.123777985572815,2e-06,5e-07,0.0,0.0007979208385222591,0.017736117471940815,0.016761410050094128,0.0008718114113435149,0.014393707737326622,0.014993544842582196,0.0009312086331192404,0.012569748854730278,0.013743986317422241,0.0009893079695757478,0.012256180925760418,0.014531894295942038,0.09954752027988434,0.3044525980949402,0.0025126140099018812,479.0
887,joint,0.1071739224717021,0.8430355787277222,2e-06,5e-07,0.0,0.000732115742721362,0.013878110505174845,0.016418043116573244,0.0008254333297372796,0.010680236126063392,0.013486097566783428,0.0008942914282670245,0.009322886704467237,0.015102903358638287,0.0009573191200615838,0.009428145829588175,0.015448341786395758,0.09980907291173935,0.34766173362731934,0.0038553874474018812,460.0
888,joint,0.13607231620699167,2.0181353092193604,2e-06,5e-07,0.0,0.0007033370529825334,0.02541570202447474,0.01424004859291017,0.0008080794868874364,0.02124815050046891,0.013210362289100885,0.000877470534760505,0.01842704601585865,0.01087111234664917,0.0009397643952979706,0.017784335825126618,0.011546904512215406,0.09991415590047836,0.3876560628414154,0.007227580063045025,494.0
889,joint,0.11121675418689847,0.6847363114356995,2e-06,5e-07,0.0,0.0006918931685504504,0.016728782356949523,0.014269691426306963,0.000770827587984968,0.013320675847353414,0.014442084619076923,0.0008369416609639302,0.011292856477666646,0.013473776052705944,0.0008977220713859424,0.010750044457381591,0.013741462083999068,0.0999869778752327,0.4819587171077728,0.00958251953125,468.0
890,joint,0.17684512748382986,0.9463446140289307,2e-06,5e-07,0.0,0.0007175518949225079,0.019760118128033355,0.011618512304266915,0.0008196970156859607,0.016924484603805467,0.03125641422229819,0.0008984758314909413,0.015500384135521017,0.030794345104368404,0.0009710638987598941,0.015910490474198014,0.03167358270729892,0.09997120499610901,0.44228124618530273,0.0028127036057412624,484.0
891,joint,0.14076720224693418,1.0454870462417603,2e-06,5e-07,0.0,0.0006680947772110812,0.020860336167970672,0.020855403679888695,0.0007639437317266129,0.0176619655394461,0.014660010550869629,0.0008353237935807556,0.01545542421808932,0.016733325959648937,0.0008986833126982674,0.014795603085076436,0.01657908852212131,0.09991981834173203,0.3910660445690155,0.0033518474083393812,572.0
892,joint,0.2055721851065755,0.7401977181434631,2e-06,5e-07,0.0,0.000934002899157349,0.02464138134382665,0.020040009985677898,0.0009930847809300758,0.02110103447921574,0.0167403545929119,0.0010451053822180256,0.019399429264012724,0.03980149677954614,0.001093707607651595,0.019627952307928354,0.0401546242646873,0.09984295815229416,0.3574364483356476,0.001312255859375,784.0
893,joint,0.11497200839221478,1.3354347944259644,2e-06,5e-07,0.0,0.0007573263428639621,0.018310135114006698,0.014452190895099193,0.0008599396387580782,0.014698044542456046,0.014644872630015016,0.0009298140867031179,0.012111157731851563,0.012878187146270648,0.0009884418323053978,0.011318141710944474,0.013023758074268699,0.09897807985544205,0.26357540488243103,0.00046284994459711015,576.0
894,joint,0.10899779852479696,0.5207117199897766,2e-06,5e-07,0.0,0.0008410696245846339,0.01478030561702326,0.01580504750018008,0.0009108736558118835,0.011413669271860272,0.01537515822565183,0.0009674686807557009,0.009667868842370808,0.014509215718135238,0.0010182296318816952,0.009640173258958384,0.014068719727220014,0.0998968854546547,0.3784853518009186,0.0048116049729287624,487.0
895,joint,0.13752595148980618,1.1279120445251465,2e-06,5e-07,0.0,0.0007993790459295269,0.02074351004557684,0.017234821687452495,0.0008674662458361126,0.016987424751278013,0.01736690622055903,0.0009270295049645938,0.014861056639347225,0.016565654834266752,0.0009799748368095607,0.014409390336368233,0.015783338574692607,0.09954602271318436,0.3042873740196228,0.01170857809484005,784.0
896,joint,0.1693937391974032,1.2190884351730347,2e-06,5e-07,0.0,0.0007669948390685022,0.025625690177548677,0.023067433678079396,0.0008573665545554832,0.02087690742337145,0.019503905321471393,0.0009261299055651762,0.017492372018750757,0.02178736511268653,0.000988157989922911,0.015980699565261602,0.021520714682992548,0.09835439920425415,0.23959743976593018,0.011377970688045025,778.0
897,joint,0.18407765310257673,1.0581789016723633,2e-06,5e-07,0.0,0.0008844507538015023,0.02791323186829686,0.020066971075721085,0.000952508686168585,0.023696227348409593,0.018597443937323987,0.0010149106528842822,0.02097575506195426,0.016239996068179607,0.0010704997112043202,0.020548435393720865,0.03211722674313933,0.09957043826580048,0.3070572018623352,0.0030721030198037624,577.0
898,joint,0.14097803458571434,1.1349143981933594,2e-06,5e-07,0.0,0.0007471050266758539,0.0193168839905411,0.021441544231493026,0.0008248411177191883,0.015214714338071644,0.020147227158304304,0.0008823275493341498,0.012669479299802333,0.01889473374467343,0.0009309609231422655,0.01206079451367259,0.01784742414020002,0.09930349886417389,0.28282564878463745,0.004572550766170025,486.0
899,joint,0.08539122343063354,1.0331103801727295,2e-06,5e-07,0.0,0.0006217694826773368,0.013279667007736862,0.01053538906853646,0.0007305455801542848,0.010515912668779492,0.009729697601869702,0.000804337250883691,0.009039719792781398,0.010089588060509413,0.000867213289893698,0.009029171633301303,0.010148210800252855,0.09980882704257965,0.3475954532623291,0.0071868896484375,785.0
900,joint,0.19549606181681156,1.1362438201904297,2e-06,5e-07,0.0,0.0009904451362672262,0.029992311843670905,0.025524109252728522,0.0010573139079497196,0.02573040477000177,0.01991035253740847,0.0011165584437549114,0.022855419665575027,0.02431529387831688,0.001170500079751946,0.02202348510036245,0.02080986648797989,0.0998234674334526,0.3515852391719818,0.0012868245830759406,660.0
901,joint,0.17107274755835533,0.6619694232940674,2e-06,5e-07,0.0,0.0007949059581733309,0.025774751120479777,0.03490929081453942,0.0008951803465606645,0.02219713488011621,0.015312206873204559,0.0009646459511714056,0.02030682378972415,0.015021978470031172,0.0010279695852659643,0.020179649989586323,0.013688209524843842,0.09996312111616135,0.42990806698799133,0.012293498031795025,461.0
902,joint,0.16137748304754496,0.7997177839279175,2e-06,5e-07,0.0,0.0009127093871938996,0.022527586203068495,0.01928045554086566,0.000984474601864349,0.0182762990007177,0.022435574850533158,0.001045503799105063,0.015645757841411978,0.02358691586414352,0.0010983665415551513,0.015313321317080408,0.02027051930781454,0.09976144134998322,0.3365119695663452,0.0012766520958393812,577.0
903,joint,0.18581163324415684,1.303152084350586,2e-06,5e-07,0.0,0.000918047437153291,0.0256430875742808,0.026970946928486228,0.0009955941059160978,0.021561854286119342,0.023710632580332458,0.0010481874851393513,0.01900383143220097,0.024365898687392473,0.0010955186662613414,0.018069987767376006,0.022428048658184707,0.09932295233011246,0.2842468321323395,0.0027008056640625,469.0
904,joint,0.16855540592223406,1.737916111946106,2e-06,5e-07,0.0,0.0007807230795151554,0.02925884339492768,0.018339879461564124,0.0008513957218383439,0.02397944498807192,0.01789914653636515,0.000910139329789672,0.02016090613324195,0.01815868099220097,0.0009608021209714934,0.018828852800652385,0.018426587455905974,0.09916050732135773,0.2734532654285431,0.0048268637619912624,468.0
905,joint,0.1274653892032802,1.1975619792938232,2e-06,5e-07,0.0,0.0007834934367565438,0.02025911898817867,0.016328845464158803,0.0008613397149019875,0.016523104888619855,0.013749639998422936,0.0009289893569075502,0.014429958682740107,0.014403825160115957,0.0009895859184325673,0.014204975654138252,0.014002510346472263,0.09992177039384842,0.39229899644851685,0.004511515609920025,547.0
906,joint,0.12948977388441563,0.8398122191429138,2e-06,5e-07,0.0,0.0008295725092466455,0.019066479697357863,0.016735309502109885,0.0009140191832557321,0.015719185466878116,0.015335946984123439,0.0009762244808371179,0.013820898660924286,0.016275924281217158,0.0010330193690606393,0.013559360813815147,0.015223834780044854,0.0982135757803917,0.23545648157596588,0.0004119873046875,517.0
907,joint,0.15096693625673652,1.2330659627914429,2e-06,5e-07,0.0,0.0007475462334696203,0.02320838440209627,0.019096822070423514,0.0008225004858104512,0.019385832827538252,0.018115180486347526,0.0008802136871963739,0.017238832835573703,0.01571582688484341,0.0009332915433333255,0.016523339261766523,0.018299167160876095,0.09915736317634583,0.2732658088207245,0.00992329977452755,665.0
908,joint,0.14246199885383248,1.245402216911316,2e-06,5e-07,0.0,0.0006958078738534823,0.025834458647295833,0.015131580468732864,0.0007959567155921832,0.02161092049209401,0.01225660799536854,0.0008770108834141865,0.018564934900496155,0.014188289118465036,0.0009509213923593052,0.017487874603830278,0.014067635114770383,0.0995834469795227,0.30859899520874023,0.002532958984375,711.0
909,joint,0.199511902872473,1.456044316291809,2e-06,5e-07,0.0,0.0009403394979017321,0.028316591633483768,0.029389495204668492,0.0010079200292238966,0.023867056355811656,0.0273493294371292,0.001066644545062445,0.02082575624808669,0.02363055309979245,0.001120887347497046,0.019791588943917304,0.022205741493962705,0.09899639338254929,0.26448434591293335,0.0003814697265625,572.0
910,joint,0.189199379645288,0.5732235908508301,2e-06,5e-07,0.0,0.001017135949950898,0.02637849992606789,0.02078296453692019,0.0010847780213225633,0.022355518769472837,0.018695868959184736,0.0011367570696165785,0.020226747379638255,0.018290180596522987,0.0011852670359076,0.020188027119729668,0.037857639603316784,0.09991099685430527,0.3858494758605957,0.0016530355205759406,787.0
911,joint,0.20088005135767162,0.751197874546051,2e-06,5e-07,0.0,0.0007525176333729178,0.030387704784516245,0.022695722203934565,0.0008413677060161717,0.026624407822964713,0.021873503777896985,0.0009065134509000927,0.024217306432547048,0.02363509454880841,0.0009656994880060665,0.02349991860683076,0.024480301042785868,0.09989264607429504,0.37646999955177307,0.002899169921875,779.0
912,joint,0.11351786740124226,0.588384747505188,2e-06,5e-07,0.0,0.0007030867418507114,0.018275333277415484,0.014944442722480744,0.0008053806013776921,0.014538503251969814,0.013217635918408632,0.0008767949184402823,0.012457387725589797,0.012994090066058561,0.0009427115001017228,0.012204331840621307,0.011558168334886432,0.09986089169979095,0.36350566148757935,0.0072174072265625,711.0
913,joint,0.21552675403654575,1.2032721042633057,2e-06,5e-07,0.0,0.000848625204525888,0.03355449577793479,0.025618759565986693,0.0009142665585386567,0.02853167778812349,0.024368279497139156,0.0009747528602019884,0.02505826810374856,0.02535531565081328,0.0010282652801834047,0.023913798097055405,0.02536025270819664,0.09892363846302032,0.2609666883945465,0.01147969625890255,528.0
914,joint,0.22664754558354616,0.8860094547271729,2e-06,5e-07,0.0,0.0008641028252895921,0.03050085512222722,0.02692604879848659,0.0009486066846875474,0.026955216366332024,0.02292477065930143,0.0010134852200280875,0.024613442190457135,0.03415198065340519,0.0010796081842272542,0.02425249497173354,0.03241693560266867,0.09992220997810364,0.39258378744125366,0.007166544906795025,789.0
915,joint,0.1718413159251213,1.1708821058273315,2e-06,5e-07,0.0,0.0009369919353048317,0.026188270305283368,0.02149394084699452,0.0010232335116597824,0.021687388187274337,0.019673575763590634,0.001089601224521175,0.018646742508281022,0.02144580928143114,0.0011470255412859842,0.01782082673162222,0.02068790909834206,0.09911514073610306,0.2708105444908142,0.0020802817307412624,587.0
916,joint,0.13233882351778448,1.0030624866485596,2e-06,5e-07,0.0,0.0007371846659225412,0.016760294791311026,0.01927172369323671,0.000811390855233185,0.014014978311024606,0.017481688293628395,0.0008672730255057104,0.0127225554024335,0.018292858672793955,0.0009222537264577113,0.012841352174291387,0.01761526957852766,0.09993400424718857,0.4008023738861084,0.0043182373046875,787.0
917,joint,0.21162485657259822,1.0559194087982178,2e-06,5e-07,0.0,0.0008189195286831819,0.029916598403360695,0.033269500418100506,0.0009012682421598583,0.026384374621557072,0.020257487834896892,0.0009677662601461634,0.024108958255965263,0.01805512694409117,0.0010273074512952007,0.02360268504708074,0.03231486934237182,0.09992113709449768,0.39189887046813965,0.004648844711482525,587.0
918,joint,0.11609010165557265,1.2131801843643188,2e-06,5e-07,0.0,0.0006686045708192978,0.019204517418984324,0.013253231736598536,0.0007706281139689963,0.016205036750761792,0.011500764201628044,0.0008451990797766484,0.014742016544914804,0.012076104001607746,0.0009172032077913173,0.015002511587226763,0.010904282913543284,0.09980587661266327,0.34682971239089966,0.0010223388671875,710.0
919,joint,0.12616645637899637,0.8940719962120056,2e-06,5e-07,0.0,0.0008024263042898383,0.015877874509897083,0.02042401969083585,0.0008773197841946967,0.012209053616970778,0.01847330603050068,0.0009324058846686967,0.010494695394299924,0.017214741645148024,0.0009854624295257963,0.010766678431537002,0.017108474858105183,0.09951009601354599,0.3004698157310486,0.0034027099609375,527.0
920,joint,0.1345667103305459,1.4970743656158447,2e-06,5e-07,0.0,0.0008030171593418345,0.020393733168020844,0.0180139213334769,0.0008874749619280919,0.016494346666149795,0.016823123674839735,0.0009497445862507448,0.01438761007739231,0.01426085690036416,0.0010108325877808966,0.014428142516408116,0.016113905352540314,0.09883182495832443,0.2568510174751282,0.0005544027080759406,659.0
921,joint,0.22653212631121278,1.9548205137252808,2e-06,5e-07,0.0,0.0006773863133275881,0.04185628952109255,0.018258004129165784,0.0007793309960106853,0.038675590039929375,0.018465544213540852,0.0008506505764671601,0.03659860006882809,0.015078779601026326,0.0009222442531608976,0.036472597683314234,0.017897116777021438,0.09998013079166412,0.46083876490592957,0.0050404868088662624,778.0
922,joint,0.1045956457965076,0.6239771842956543,2e-06,5e-07,0.0,0.000761769919336075,0.014608583820518106,0.0151208954048343,0.000860914122313261,0.011133705731481314,0.014179502846673131,0.0009232060256181285,0.009599866985809058,0.01262660522479564,0.0009818856487981975,0.010116255842149258,0.01368245529010892,0.0991554781794548,0.2731531262397766,0.0011850993614643812,460.0
923,joint,0.0995149677619338,0.7162981033325195,2e-06,5e-07,0.0,0.0007154531267588027,0.015543961781077087,0.012904234463348985,0.0008093211581581272,0.011805350863141939,0.011937739443965256,0.0008841980743454769,0.009497767896391451,0.013146592886187136,0.0009519635932520032,0.009789454430574551,0.011528929084306583,0.09992953389883041,0.39753034710884094,0.0028076171875,658.0
924,joint,0.17431656550616026,1.0993261337280273,2e-06,5e-07,0.0,0.0008806345358607359,0.02552458766149357,0.02474639337742701,0.0009606243183952756,0.02196849323809147,0.023114946263376623,0.0010254269145661965,0.019871077209245414,0.017686191364191473,0.001083772316633258,0.01958019786980003,0.01787421596236527,0.09939811378717422,0.29014959931373596,0.0009256998891942203,576.0
925,joint,0.12610538257285953,0.7047353982925415,2e-06,5e-07,0.0,0.0007422230228257831,0.016613737971056253,0.01945226767566055,0.0008363537563127466,0.013237063569249585,0.01667405030457303,0.0009051860906765796,0.01124939601868391,0.01593810602207668,0.0009700137161416933,0.011074781243223697,0.01841220329515636,0.09936412423849106,0.2873938977718353,0.0010223388671875,445.0
926,joint,0.21778523549437523,0.5754364728927612,2e-06,5e-07,0.0,0.0008840945520205423,0.0336042246199213,0.026294431008864194,0.0009719615773065016,0.0302269640378654,0.020788571826415136,0.001031173211231362,0.02868572948500514,0.022356549452524632,0.0010867063028854318,0.028903440543217584,0.022951389895752072,0.09943439811468124,0.29326778650283813,0.0006764730205759406,877.0
927,joint,0.21971272095106542,0.7354586720466614,2e-06,5e-07,0.0,0.0007445590090355836,0.031777845695614815,0.01636984004289843,0.0008490267719025724,0.028251388983335346,0.034955658891703933,0.0009244899192708544,0.026066195699968375,0.01462207266013138,0.0009933880864991806,0.02624604300945066,0.037912219180725515,0.099981889128685,0.4654701054096222,0.0048675537109375,526.0
928,joint,0.11629506596364081,0.7753441333770752,2e-06,5e-07,0.0,0.0006777766175218858,0.015446923760464415,0.017280142608797178,0.0007734032114967704,0.011787416588049382,0.016280884097795933,0.0008409855290665291,0.010004039068007842,0.015500280045671389,0.0009058402574737556,0.010319211462046951,0.01647816289914772,0.09998103231191635,0.4631519317626953,0.0032958984375,546.0
929,joint,0.18460640870034695,1.7625190019607544,2e-06,5e-07,0.0,0.0009073114561033435,0.02720256510656327,0.024415379855781794,0.000971680972725153,0.02299718651920557,0.020792674564290792,0.0010259993432555348,0.020042619900777936,0.022566893661860377,0.0010742364465841092,0.018630363570991904,0.023979499645065516,0.09952594339847565,0.3021184504032135,0.0003611246938817203,560.0
930,joint,0.2094486467540264,1.1731348037719727,2e-06,5e-07,0.0,0.0008383147614949849,0.027877742890268564,0.03758099232800305,0.0009205038222717121,0.02405265055131167,0.020657219167333096,0.0009789482719497755,0.021805444557685405,0.017087153799366206,0.0010360209416830912,0.021459784591570497,0.035153869073837996,0.09970498830080032,0.3258788585662842,0.0023752849083393812,560.0
931,joint,0.10611185058951378,0.8509792685508728,2e-06,5e-07,0.0,0.0006565597395820078,0.016906445962376893,0.012399745872244239,0.0007624657519045286,0.013479984918376431,0.012157314718933776,0.0008364935711142607,0.011954172630794346,0.012287882069358602,0.0009072896427824162,0.012093986122636124,0.011669511906802654,0.0995243713259697,0.3019523322582245,0.0033315024338662624,657.0
932,joint,0.16437760461121798,1.6124818325042725,2e-06,5e-07,0.0,0.000786448046710575,0.026943421398755163,0.018324449949432164,0.0008949784387368709,0.022758403094485402,0.0175162902160082,0.0009663895471021533,0.019719233765499666,0.018742296553682536,0.0010288404737366363,0.018104330694768578,0.018592526437714696,0.0985298678278923,0.2452794909477234,0.0003306071157567203,454.0
933,joint,0.1656004716642201,0.8775746822357178,2e-06,5e-07,0.0,0.0007075922039803118,0.02197197376517579,0.03938741033198312,0.0007995010309969075,0.019174215442035347,0.0159876405086834,0.0008703325365786441,0.017763853422366083,0.013445660326397046,0.0009341689801658504,0.017766144941560924,0.016791976522654295,0.09985455125570297,0.361274778842926,0.0046437582932412624,560.0
934,joint,0.16723854513838887,1.6696621179580688,2e-06,5e-07,0.0,0.0007251479983096942,0.027554855041671544,0.018080316483974457,0.0008211650856537744,0.02378448602394201,0.017446588346501812,0.0008922504493966699,0.02117361582349986,0.0182063682586886,0.0009507072245469317,0.01974826330842916,0.017854783247457817,0.09998414665460587,0.4721275568008423,0.0044097900390625,467.0
935,joint,0.18065745662897825,1.1051102876663208,2e-06,5e-07,0.0,0.0010725118918344378,0.024005544953979552,0.024431779514998198,0.001135857826739084,0.019608002388849854,0.026614494738169014,0.0011858626239700243,0.016778335673734546,0.02413964201696217,0.0012275460176169872,0.016092084464617074,0.024365792400203645,0.09964528679847717,0.316649466753006,0.0035603842698037624,467.0
936,joint,0.20211045164614916,0.6030280590057373,2e-06,5e-07,0.0,0.0008847910357872024,0.024106440600007772,0.026850625872612,0.0009452159210923128,0.02103612304199487,0.027102839201688766,0.0009923196776071563,0.019329241709783673,0.029579385765828192,0.0010357433347962797,0.019333243602886796,0.03091447352198884,0.09984224289655685,0.357210248708725,0.0014190673828125,875.0
937,joint,0.18852348625659943,0.8224091529846191,2e-06,5e-07,0.0,0.0009317275689681992,0.02264611783903092,0.030580384889617562,0.0009947142825694755,0.018843722704332322,0.026229176321066916,0.0010495278256712481,0.016849839419592172,0.026068990991916507,0.0010994507611030713,0.016731240844819695,0.026498592807911336,0.09949678182601929,0.29912620782852173,0.0011189779033884406,875.0
938,joint,0.13162674009799957,0.9679655432701111,2e-06,5e-07,0.0,0.000687777137500234,0.02058833494083956,0.01733699324540794,0.0007681180213694461,0.01674477243795991,0.015280559135135263,0.000825900788186118,0.014409744879230857,0.015587015193887055,0.0008746570310904644,0.01377112726913765,0.014751740847714245,0.09976238012313843,0.33671075105667114,0.0045064291916787624,547.0
939,joint,0.22134211845695972,0.9486123919487,2e-06,5e-07,0.0,0.0009809680341277272,0.03374390443786979,0.02635653951438144,0.0010495298774912953,0.028935409151017666,0.02751929243095219,0.0011028926455765031,0.025703565741423517,0.026500199106521904,0.0011548349357326515,0.024944610020611435,0.023350371280685067,0.09968657046556473,0.3228461742401123,0.0017954509239643812,491.0
940,joint,0.1350853149779141,1.2679163217544556,2e-06,5e-07,0.0,0.000724435751180863,0.01895546543528326,0.0191453286097385,0.0008049395146372262,0.015475081920158118,0.01737635483732447,0.0008737726893741637,0.013154016254702583,0.016756920522311702,0.000933662238821853,0.012420929444488138,0.018464403285179287,0.09957540780305862,0.30764040350914,0.0034586589317768812,780.0
941,joint,0.24753789813257754,2.0625176429748535,2e-06,5e-07,0.0,0.0008565885727875866,0.036095498129725456,0.035257604700746015,0.0009366500962642021,0.032036401476943865,0.027545849850866944,0.000996054062852636,0.029082573775667697,0.02633180978591554,0.0010472858484718017,0.027329415024723858,0.030022166552953422,0.0998464971780777,0.3585786819458008,0.0021769206505268812,869.0
942,joint,0.1803828040137887,1.0764193534851074,2e-06,5e-07,0.0,0.0008112877403618768,0.029269994236528873,0.02177809306886047,0.0008988734916783869,0.025537279900163412,0.018811393179930747,0.0009661269577918574,0.023229254002217203,0.01650347700342536,0.001026050274958834,0.022597141156438738,0.018953834427520633,0.09770003706216812,0.22269290685653687,0.0019683837890625,586.0
943,joint,0.10933556500822306,0.7257845997810364,2e-06,5e-07,0.0,0.0006027800045558251,0.016715687001124024,0.015453086874913424,0.000709720428858418,0.01335735630709678,0.013309297675732523,0.0008056650403887033,0.010897430693148635,0.014149672468192875,0.0008831183004076593,0.010351377306506038,0.012100374820875004,0.09997966140508652,0.4596739411354065,0.0030568442307412624,469.0
944,joint,0.19426248129457235,0.8761253356933594,2e-06,5e-07,0.0,0.000920297869015485,0.028679973096586764,0.022248515160754323,0.0010006279990193434,0.02543706400319934,0.022217953694052994,0.0010600451641948894,0.023836311418563128,0.022315852052997798,0.0011157635890413076,0.023697845870628953,0.021732234046794474,0.0988028421998024,0.25561800599098206,0.000244140625,562.0
945,joint,0.13229996338486671,0.8032785058021545,2e-06,5e-07,0.0,0.0007488691990147345,0.019551916047930717,0.019026191090233624,0.000852586301334668,0.01508980878861621,0.0166849447414279,0.0009290490852436051,0.012391293828841299,0.017304619017522782,0.0009994310676120222,0.012181149562820792,0.01654010487254709,0.09919953346252441,0.27584347128868103,0.0016530355205759406,780.0
946,joint,0.14183506928384304,0.8585033416748047,2e-06,5e-07,0.0,0.0008603327587479725,0.020954584470018744,0.020682433852925897,0.0009565473883412778,0.016847105522174388,0.016595226945355535,0.0010181800971622579,0.014849795261397958,0.014943543763365597,0.0010727283806772903,0.015243222878780216,0.01781136740464717,0.09980382025241852,0.3463026285171509,0.0013936361065134406,468.0
947,joint,0.14572855876758695,0.5332148671150208,2e-06,5e-07,0.0,0.0008115635610010941,0.020804662082809955,0.019620717008365318,0.0009018711862154305,0.017367070162435994,0.018039290443994105,0.0009754847706062719,0.015161032948526554,0.01862027493189089,0.0010376035497756675,0.01488943217555061,0.017499553970992565,0.09996862709522247,0.43799036741256714,0.0073089599609375,707.0
948,joint,0.18198793288320303,1.0565153360366821,2e-06,5e-07,0.0,0.0007239259939524345,0.032509396492969245,0.014614505984354764,0.0008265738433692604,0.028327219130005687,0.01672695332672447,0.0009008602864923887,0.02574240049580112,0.018002787663135678,0.0009654379246057943,0.024834273208398372,0.017813601007219404,0.09919685870409012,0.27567580342292786,0.0016326904296875,707.0
949,joint,0.24611954763531685,0.8152032494544983,2e-06,5e-07,0.0,0.0009680859075160697,0.027563358773477376,0.04313736432231963,0.0010321686713723466,0.023486556485295296,0.04223036067560315,0.0010824374767253175,0.021258865192066878,0.02021553332451731,0.0011366724211256951,0.021139481803402305,0.042868664022535086,0.0999092310667038,0.3848625123500824,0.012568156234920025,659.0
950,joint,0.1240130364894867,0.4898659288883209,2e-06,5e-07,0.0,0.0006737276489729993,0.017045071814209223,0.018934340798296034,0.0007624163008586038,0.013627802836708724,0.015180898481048644,0.0008303763897856697,0.011899516452103853,0.01690680655883625,0.0008929472751333378,0.012048670498188585,0.015210462035611272,0.09908513724803925,0.26913559436798096,0.0003662109375,468.0
951,joint,0.10309449839405715,0.8326740264892578,2e-06,5e-07,0.0,0.0006148483807919547,0.014917267166310921,0.015073084447067231,0.0007198762868938502,0.011796151607995853,0.013733581959968433,0.0007947453341330402,0.009757114850799553,0.012778036063537002,0.0008555825188523158,0.009669372695498168,0.012384837697027251,0.09996970742940903,0.43975746631622314,0.0040334067307412624,666.0
952,joint,0.14316024677827954,2.3135907649993896,2e-06,5e-07,0.0,0.000773483348893933,0.023254004830960184,0.01897868432570249,0.0008560858987038955,0.018556092341896147,0.01722968416288495,0.0009245805122191086,0.015039098303532228,0.016373994410969317,0.0009889743159874342,0.013802926638163626,0.016382640751544386,0.09934265911579132,0.2857287526130676,0.0023345947265625,403.0
953,joint,0.2127806395292282,0.9703187346458435,2e-06,5e-07,0.0,0.0009417149049113505,0.030827776645310223,0.02177485777065158,0.001006281963782385,0.02686641929903999,0.021793633932247758,0.0010608739612507634,0.02463756821816787,0.020282322191633284,0.0011127521720482036,0.024062829092144966,0.03841361269587651,0.09978155791759491,0.34092235565185547,0.0017547607421875,481.0
954,joint,0.2155106079299003,0.6436818838119507,2e-06,5e-07,0.0,0.0007495520258089527,0.02598274959018454,0.04771920922212303,0.0008502093478455208,0.021816591877723113,0.032249232521280646,0.0009286035638069734,0.019725379155715927,0.03219156514387578,0.000999715324724093,0.020122456626268104,0.012175342912087217,0.0999746024608612,0.44856929779052734,0.0043385825119912624,462.0
955,joint,0.2694597952067852,1.345752239227295,2e-06,5e-07,0.0,0.0009575389267411083,0.03706412995234132,0.04748651583213359,0.0010239975308650173,0.032019570586271584,0.024360796785913408,0.0010785969934659079,0.028783958172425628,0.023383056512102485,0.0011292907220195048,0.027436618460342288,0.044735722127370536,0.0994008257985115,0.29037585854530334,0.00091552734375,577.0
956,joint,0.15021198987960815,1.2116832733154297,2e-06,5e-07,0.0,0.0008036488979996648,0.022238569566980004,0.01853229640983045,0.0008798908602329902,0.01859155937563628,0.01723928580759093,0.0009442863229196519,0.016743799118557945,0.017064765794202685,0.0010036511957878247,0.016480572754517198,0.01968966459389776,0.09904410690069199,0.2669318914413452,0.0021718344651162624,586.0
957,joint,0.1369086755439639,0.9730381965637207,2e-06,5e-07,0.0,0.0007705571697442792,0.0178899138700217,0.021969675086438656,0.0008597424093750305,0.013940208416897804,0.019491790095344186,0.0009196471582981758,0.011792420584242791,0.01786955021088943,0.0009696897614048794,0.011665799480397254,0.01876968308351934,0.09943212568759918,0.29306626319885254,0.0020650229416787624,562.0
958,joint,0.23294667806476355,1.0908987522125244,2e-06,5e-07,0.0,0.0009371359919896349,0.033428555354475975,0.03552996972575784,0.0010130537411896512,0.02915703714825213,0.02280875522410497,0.0010757314012153074,0.02644118806347251,0.0326843578950502,0.0011316205054754391,0.025952237891033292,0.02278703637421131,0.0999089702963829,0.3847223222255707,0.004374186508357525,789.0
959,joint,0.14012405136600137,0.7686450481414795,2e-06,5e-07,0.0,0.0006745409227733035,0.020678847591625527,0.01905325526604429,0.0007731785954092629,0.01691344371647574,0.015841753862332553,0.0008514658111380413,0.014731645380379632,0.01748469175072387,0.0009135936707025394,0.014099694031756371,0.018107940180925652,0.09995514154434204,0.420114666223526,0.0037638347130268812,785.0
960,joint,0.13648861134424806,0.8136559724807739,2e-06,5e-07,0.0,0.0007861933518142905,0.017509267781861126,0.019248256809078157,0.0008545814125682227,0.013923702295869589,0.01992268394678831,0.0009103559132199734,0.011971271014772356,0.01997494709212333,0.0009633573645260185,0.01219559193123132,0.01822840393288061,0.09948114305734634,0.29759228229522705,0.004023234359920025,486.0
961,joint,0.261015254072845,1.8097158670425415,2e-06,5e-07,0.0,0.001043130709149409,0.036212417180649936,0.04115956416353583,0.0011058450836571865,0.03107252495829016,0.026895325048826635,0.0011551229181350209,0.027449097600765526,0.030473373481072485,0.0012012373481411487,0.025681461032945663,0.03756615880411118,0.09994710981845856,0.4118785560131073,0.0017496745567768812,789.0
962,joint,0.11648263526149094,0.738167941570282,2e-06,5e-07,0.0,0.0007631851149199065,0.016896980931051075,0.01694971928372979,0.0008497299713781103,0.012730903923511505,0.015608769143000245,0.0009198438274324872,0.010296676686266437,0.014569724502507597,0.0009875403047772124,0.01027102183434181,0.015638544369721785,0.09973269701004028,0.33081722259521484,0.003931681625545025,481.0
963,joint,0.14752838760614395,0.8248488306999207,2e-06,5e-07,0.0,0.0007650414481759071,0.02050723572028801,0.021353726624511182,0.0008312799691339023,0.017230485915206373,0.018712418561335653,0.0008852772079990245,0.015213353733997792,0.017600200953893363,0.0009341633267467842,0.014788063475862145,0.01870714040705934,0.09966016560792923,0.3187950849533081,0.005157470703125,706.0
964,joint,0.17454951908439398,0.5847620368003845,2e-06,5e-07,0.0,0.000880593310284894,0.02522241126280278,0.021031385869719088,0.0009520892053842545,0.021121027413755655,0.019215990090742707,0.0010115200566360727,0.018907192221377045,0.02687151194550097,0.001066442193405237,0.018538941629230976,0.019730418920516968,0.09955064207315445,0.30480024218559265,0.0009206136455759406,468.0
965,joint,0.22728502820245922,1.5132032632827759,2e-06,5e-07,0.0,0.0007992043501872104,0.0328542546776589,0.017034531920216978,0.000884643268364016,0.02783991867909208,0.03186009681667201,0.0009542752159177326,0.02437291733804159,0.033291269646724686,0.0010199697426287457,0.02287970441102516,0.033494244038593024,0.09981601685285568,0.34951522946357727,0.0052947998046875,573.0
966,joint,0.20778312254697084,1.078426480293274,2e-06,5e-07,0.0,0.0007339301628235262,0.03103480552090332,0.02884601103141904,0.0008188069186871871,0.02631126157939434,0.013835247082170099,0.0008854430561768822,0.023254918691236526,0.029823126562405378,0.0009438236957066692,0.02220605144975707,0.02908969984855503,0.09868814796209335,0.2510148882865906,0.0081787109375,509.0
967,joint,0.12023237766698003,0.7669536471366882,2e-06,5e-07,0.0,0.0006992602211539634,0.01929114680388011,0.014858738286420703,0.0008169711436494254,0.014886213059071451,0.01594315015245229,0.0008960032937466167,0.012117386766476557,0.01322186496690847,0.0009624511294532567,0.011592434340855107,0.01494675688445568,0.09976379573345184,0.3370091915130615,0.0019124349346384406,509.0
968,joint,0.16948179993778467,1.1944355964660645,2e-06,5e-07,0.0,0.0008154535462381318,0.029178472294006497,0.01747900148620829,0.0008999630153994076,0.025576081592589617,0.01475150603801012,0.0009696826236904599,0.023285761679289863,0.017672448535449803,0.0010351223245379515,0.022705039416905493,0.015113268280401826,0.09981714934110641,0.3498224914073944,0.0009256998891942203,563.0
969,joint,0.15722297318279743,0.8978801369667053,2e-06,5e-07,0.0,0.0007697807450313121,0.027119089965708554,0.01779344998067245,0.0008668755544931628,0.022264742583502084,0.015412096050567925,0.0009365480073029175,0.019249574892455712,0.016579469142016023,0.0009955686546163633,0.018381304980721325,0.016854469780810177,0.09882410615682602,0.2565193176269531,0.0004526774282567203,707.0
970,joint,0.16719296667724848,1.2530272006988525,2e-06,5e-07,0.0,0.0008252424013335258,0.025278905406594276,0.01791787741240114,0.0009181582208839245,0.021395522344391793,0.02118817705195397,0.0009838261757977307,0.01903583068633452,0.020351377490442246,0.001041259485646151,0.018555317365098745,0.019701475044712424,0.0996718630194664,0.32054924964904785,0.004954020492732525,573.0
971,joint,0.13329708529636264,1.161989450454712,2e-06,5e-07,0.0,0.0008367700829694513,0.017778266977984458,0.020898018265143037,0.0009273270843550563,0.014327958808280528,0.019715572241693735,0.0009933702895068564,0.012810492218704894,0.014962652756366879,0.0010556324705248699,0.012952588789630681,0.01603843574412167,0.09994744509458542,0.4121915400028229,0.0013834636192768812,563.0
972,joint,0.12664797715842724,0.7802016139030457,2e-06,5e-07,0.0,0.0007895800299593247,0.018986848677741364,0.016637050051940605,0.0008646921924082562,0.01587579504121095,0.014247875369619578,0.0009162508649751544,0.01385523020871915,0.01610427163541317,0.000968716289207805,0.013534362806240097,0.013867302477592602,0.0999448224902153,0.40975797176361084,0.004984538070857525,787.0
973,joint,0.20269757928326726,1.8649042844772339,2e-06,5e-07,0.0,0.0008329850534209982,0.02937389863654971,0.02853259287076071,0.0009316265714005567,0.02531172224553302,0.023567478579934686,0.0009982662159018219,0.022462664870545268,0.02364056883379817,0.0010559400834608823,0.021103079488966614,0.02488675742642954,0.09895553439855576,0.2624785602092743,0.0012919108849018812,706.0
974,joint,0.14650254603475332,1.6881276369094849,2e-06,5e-07,0.0,0.0008150403264153283,0.02127562992973253,0.019104456820059568,0.0009087148791877553,0.01703762196120806,0.020225871179718524,0.000974263806710951,0.014378752617631108,0.018707229988649487,0.0010350390584790148,0.013948255858849734,0.01809166808379814,0.0994274839758873,0.2926577627658844,0.0007375081768259406,660.0
975,joint,0.2608099887147546,0.818550169467926,2e-06,5e-07,0.0,0.0009851343274931423,0.03154969401657581,0.028754383674822748,0.0010631913391989656,0.026962506701238453,0.048185693682171404,0.0011304171348456293,0.02416908065788448,0.04478244355414063,0.0011953504144912586,0.02400301373563707,0.028029076289385557,0.09800592064857483,0.22990567982196808,0.0009104411001317203,488.0
976,joint,0.2038064207881689,0.5745343565940857,2e-06,5e-07,0.0,0.0009136725493590347,0.02952703321352601,0.03458613471593708,0.0010002159688156098,0.02496015722863376,0.02191397885326296,0.0010647203816915862,0.022164088732097298,0.022413762868382037,0.001126527706219349,0.021613736811559647,0.022522389190271497,0.09972845762968063,0.33002862334251404,0.0143585205078125,790.0
977,joint,0.1381302811205387,0.6413928866386414,2e-06,5e-07,0.0,0.0007945935503812507,0.022340164752677083,0.016789283079560846,0.0008944787550717592,0.01868464273866266,0.015305916022043675,0.0009686478078947403,0.016342325950972736,0.014176461845636368,0.001033052998536732,0.015821566164959222,0.01497914781793952,0.09995299577713013,0.417777955532074,0.00833638571202755,586.0
978,joint,0.1537256019655615,0.8772187232971191,2e-06,5e-07,0.0,0.0007904284502728842,0.02208604328916408,0.021079111815197393,0.0008811153893475421,0.01828592666424811,0.018093919614329934,0.0009486992275924422,0.0158445392298745,0.02018527954351157,0.0010118761056219228,0.015253278252203017,0.01926538164843805,0.09941506385803223,0.29158228635787964,0.0011647542705759406,787.0
979,joint,0.10439360933378339,1.0633922815322876,2e-06,5e-07,0.0,0.0007104558935679961,0.016263771161902696,0.013963515288196504,0.0008241532486863434,0.012261952069820836,0.012866540986578912,0.0009080903619178571,0.00985974504146725,0.01264352395082824,0.0009785029396880418,0.009941501601133496,0.013171854603569955,0.0999513491988182,0.4160623252391815,0.0049336752854287624,666.0
980,joint,0.13091246597468853,0.6473901271820068,2e-06,5e-07,0.0,0.0008720590121811256,0.01888772309757769,0.02050185017287731,0.0009434485036763363,0.014450521382968873,0.01746573462150991,0.0010121255036210641,0.011587189452257007,0.016126699978485703,0.0010736998592619784,0.010869668272789568,0.017121741955634207,0.09996549785137177,0.4332384467124939,0.0012766520958393812,666.0
981,joint,0.16116686444729567,0.9339517951011658,2e-06,5e-07,0.0,0.0008270979196822736,0.01957455661613494,0.02470774296671152,0.0008957039535744116,0.01633991440758109,0.02149003528757021,0.0009558219608152285,0.014552724664099514,0.023333411605563015,0.001012695640383754,0.014772763708606362,0.02270439307903871,0.0999177098274231,0.3897719979286194,0.0014750163536518812,787.0
982,joint,0.20467833895236254,1.8063859939575195,2e-06,5e-07,0.0,0.0008780246498645283,0.03286433417815715,0.03218805231153965,0.0009547377048875205,0.02725941431708634,0.03041462309192866,0.0010165426137973554,0.023333147284574807,0.016382548841647804,0.0010692628202377819,0.021675658354070038,0.016641994239762425,0.09987902641296387,0.3704945147037506,0.005121867172420025,495.0
983,joint,0.12794057605788112,1.24967622756958,2e-06,5e-07,0.0,0.0006660827712039463,0.02131232724059373,0.015217156615108252,0.0007634983994648792,0.017551176832057536,0.013263323984574527,0.0008399016805924475,0.01533298718277365,0.01350229512900114,0.0009102332478505559,0.0150250248843804,0.013556571793742478,0.09950461238622665,0.29991260170936584,0.0044148764573037624,586.0
984,joint,0.2728896802291274,1.5543462038040161,2e-06,5e-07,0.0,0.0009075591806322336,0.041450964694377035,0.029304664523806423,0.0009961312025552616,0.03645801209495403,0.03753745032008737,0.0010573496620054357,0.03305428571184166,0.0340524886851199,0.0011097444803453982,0.031878937617875636,0.025082098552957177,0.09860008209943771,0.24774383008480072,0.0013580322265625,789.0
985,joint,0.22950682323426008,1.6162232160568237,2e-06,5e-07,0.0,0.0009733358456287533,0.03259089804487303,0.0374336353270337,0.0010471293135196902,0.02816376689588651,0.035774096148088574,0.0011072422421420924,0.025364687258843333,0.021247386233881116,0.0011598620330914855,0.024569055065512657,0.020075727254152298,0.09991934150457382,0.3907700777053833,0.0003814697265625,788.0
986,joint,0.1892481129616499,1.6862776279449463,2e-06,5e-07,0.0,0.0008510660627507605,0.028411150677129626,0.026813139440491796,0.0009402566283824854,0.02429075923282653,0.02143794030416757,0.0010103696331498213,0.021556161053013057,0.022352328058332205,0.0010737129996414296,0.020591920125298202,0.019919309532269835,0.09989139437675476,0.37589031457901,0.004755656234920025,707.0
987,joint,0.14497676957398653,0.8228057622909546,2e-06,5e-07,0.0,0.0007703059090999886,0.021025476278737187,0.018835994007531554,0.0008593697493779473,0.01747074371087365,0.01738793944241479,0.000920578750083223,0.015765708638355136,0.017592194548342377,0.0009809264229261316,0.01595626032212749,0.017411271925084293,0.09996669739484787,0.4350124001502991,0.008021037094295025,547.0
988,joint,0.1237547597847879,0.9083458185195923,2e-06,5e-07,0.0,0.000785610667662695,0.01942662533838302,0.015054403338581324,0.0008719099132576957,0.01576984184794128,0.014440158265642822,0.0009373089342261665,0.013775875559076667,0.01417128264438361,0.0009970781466108747,0.013447386620100588,0.014077280240599066,0.09996383637189865,0.4308869540691376,0.004572550766170025,485.0
989,joint,0.08297417219728231,0.8931785821914673,2e-06,5e-07,0.0,0.0006147212770883925,0.014351614809129387,0.00994950020685792,0.000747783444239758,0.010615368810249493,0.009339960990473628,0.0008441396057605743,0.008416194337769412,0.009054466703673825,0.0009261081286240369,0.008487282175337896,0.009627032995922491,0.09998169541358948,0.46494409441947937,0.004669189453125,578.0
990,joint,0.15753298485651612,0.7447900176048279,2e-06,5e-07,0.0,0.0008593015663791448,0.02383830933831632,0.021219236543402076,0.0009365725054522045,0.019628316280432045,0.018293873989023268,0.0009895182156469673,0.017101140721933916,0.01783192652510479,0.001034685607010033,0.0166564523242414,0.019143653218634427,0.09977320581674576,0.33904439210891724,0.0061238608323037624,788.0
991,joint,0.16338838636875153,0.7704442143440247,2e-06,5e-07,0.0,0.0007186019756773021,0.025931746582500637,0.019116019655484706,0.0008066369082371239,0.022289079672191292,0.018364790710620582,0.0008652391770738177,0.0203670960618183,0.014666604634840041,0.0009136655207839794,0.020215490250848234,0.01913341408362612,0.09985271096229553,0.36064764857292175,0.0021514892578125,587.0
992,joint,0.21101382095366716,1.7591720819473267,2e-06,5e-07,0.0,0.000971550187387038,0.032672242261469364,0.02645173913333565,0.0010401246836408973,0.027219850686378777,0.025854179402813315,0.0010924937450909056,0.02348964277189225,0.02362829085905105,0.0011420942028053105,0.021736426977440715,0.025715187191963196,0.09959354251623154,0.30982834100723267,0.002655029296875,536.0
993,joint,0.13285956904292107,0.8574644923210144,2e-06,5e-07,0.0,0.0007245063607115299,0.021891992771998048,0.0167832215083763,0.0008115175369312055,0.01726572378538549,0.016123108798637986,0.000881364154338371,0.014499987824819982,0.01336312829516828,0.0009387565369252115,0.013514322461560369,0.016061940928921103,0.09986161440610886,0.36376458406448364,0.0173594169318676,460.0
994,joint,0.21258619241416454,1.0987249612808228,2e-06,5e-07,0.0,0.0008419764781137928,0.027674308163113892,0.0182310554664582,0.000911262643057853,0.024631156586110592,0.03783627616940066,0.0009698775320430286,0.02318277588346973,0.015981816046405584,0.0010258093680022284,0.023190284322481602,0.038109598332084715,0.09989675134420395,0.3784218430519104,0.0009918212890625,788.0
995,joint,0.14542121440172195,1.0821549892425537,2e-06,5e-07,0.0,0.0007774286132189445,0.023122063954360783,0.018044710042886436,0.0008725867228349671,0.01894152129534632,0.015797325526364148,0.0009452887097722851,0.016085205366834998,0.01889025972923264,0.0010086477850563824,0.015600151033140719,0.015336026262957603,0.09996826201677322,0.4374206066131592,0.007914225570857525,788.0
996,joint,0.2442652741447091,0.7374426126480103,2e-06,5e-07,0.0,0.0009239254832209554,0.03235717170173302,0.03217097342712805,0.0009956909561879002,0.028700055234367028,0.04608208386343904,0.0010471281639183871,0.026366730977315456,0.03180011722724885,0.0011013680777978152,0.025644777138950303,0.01707525464007631,0.09978385269641876,0.34145134687423706,0.0051778159104287624,588.0
997,joint,0.10893711447715759,0.7277158498764038,2e-06,5e-07,0.0,0.0006427228108805139,0.0160447716480121,0.01547831975040026,0.0007435857914970256,0.012463903723983094,0.013014812633628026,0.0008187093990272842,0.010175595292821527,0.01430014061043039,0.0008892625264707021,0.010297470900695771,0.014067818381590769,0.09916692227125168,0.27383843064308167,0.0037740073166787624,666.0
998,joint,0.14982340345159173,0.7493761777877808,2e-06,5e-07,0.0,0.0007691729624639265,0.022363902593497187,0.020253781403880566,0.0008635871745354962,0.01803722936892882,0.018415439379168674,0.00094785621331539,0.014929177807061933,0.018189808703027666,0.0010248353573842905,0.01422442625334952,0.01980418383027427,0.09985607117414474,0.3618019223213196,0.0030466716270893812,780.0
999,joint,0.19746196549385786,0.7268383502960205,2e-06,5e-07,0.0,0.0008119305530271959,0.02469216933241114,0.03206505667185411,0.0009135415311902761,0.020811730675632134,0.029778540512779728,0.0009796324302442372,0.018731361691607162,0.019374657334992662,0.0010378711594967172,0.018532473099185154,0.029733000323176384,0.09986313432455063,0.36431896686553955,0.0034891765099018812,789.0
1000,joint,0.24404858518391848,1.4624569416046143,2e-06,5e-07,0.0,0.0008567690565541852,0.03266209759749472,0.04392029071459547,0.0009524115012027323,0.0288502027397044,0.04282460332615301,0.001030132953019347,0.02658840036019683,0.0183581673190929,0.00109808576235082,0.025808473117649555,0.02109894441673532,0.09997697174549103,0.4534512758255005,0.005671183578670025,780.0
