split,k,objective,sample_count,loss_mean,loss_median,valid_pixels_mean,valid_pixels_median,gradient_abs_mean_mean,gradient_abs_mean_median,gradient_rms_mean,gradient_rms_median,gradient_abs_max_mean,gradient_abs_max_median,gradient_l1_mass_mean,gradient_l1_mass_median,gradient_nonzero_fraction_mean,gradient_nonzero_fraction_median,crop_pixels_mean,crop_pixels_median,crop_pixel_share_mean,crop_pixel_share_median,crop_gradient_mass_share_mean,crop_gradient_mass_share_median,crop_gradient_enrichment_mean,crop_gradient_enrichment_median,structure_pixels_mean,structure_pixels_median,structure_pixel_share_mean,structure_pixel_share_median,structure_gradient_mass_share_mean,structure_gradient_mass_share_median,structure_gradient_enrichment_mean,structure_gradient_enrichment_median,gt_boundary_pixels_mean,gt_boundary_pixels_median,gt_boundary_pixel_share_mean,gt_boundary_pixel_share_median,gt_boundary_gradient_mass_share_mean,gt_boundary_gradient_mass_share_median,gt_boundary_gradient_enrichment_mean,gt_boundary_gradient_enrichment_median,cosine_global_local_mean,cosine_global_local_median,cosine_global_edge_mean,cosine_global_edge_median,cosine_local_edge_mean,cosine_local_edge_median
test,0,combined_paper,1,0.0541165501344949,0.0541165501344949,196608.0,196608.0,6.791289251850685e-06,6.791289251850685e-06,8.233073458541185e-06,8.233073458541185e-06,3.115888830507174e-05,3.115888830507174e-05,1.335221767425537,1.335221767425537,0.9999440908432007,0.9999440908432007,36864.0,36864.0,0.1875,0.1875,0.16644860804080963,0.16644860804080963,0.8877259095509847,0.8877259095509847,18432.0,18432.0,0.09375,0.09375,0.08632311224937439,0.08632311224937439,0.9207798639933268,0.9207798639933268,33719.0,33719.0,0.17150370279947916,0.17150370279947916,0.17329229414463043,0.17329229414463043,1.0104288788869036,1.0104288788869036,0.35734936594963074,0.35734936594963074,0.021881286054849625,0.021881286054849625,0.26778602600097656,0.26778602600097656
test,0,edge_legacy_max,1,0.0006683542742393911,0.0006683542742393911,196608.0,196608.0,2.2193048607732635e-06,2.2193048607732635e-06,3.1408751510753063e-06,3.1408751510753063e-06,1.0996160199283622e-05,1.0996160199283622e-05,0.4363330900669098,0.4363330900669098,0.9988047480583191,0.9988047480583191,36864.0,36864.0,0.1875,0.1875,0.15473325550556183,0.15473325550556183,0.8252440293629965,0.8252440293629965,18432.0,18432.0,0.09375,0.09375,0.06223491579294205,0.06223491579294205,0.6638391017913818,0.6638391017913818,33719.0,33719.0,0.17150370279947916,0.17150370279947916,0.09220822900533676,0.09220822900533676,0.537645703854837,0.537645703854837,0.35734936594963074,0.35734936594963074,0.021881286054849625,0.021881286054849625,0.26778602600097656,0.26778602600097656
test,0,edge_paper_min,1,0.0008911390323191881,0.0008911390323191881,196608.0,196608.0,2.959073299280135e-06,2.959073299280135e-06,4.187833383184625e-06,4.187833383184625e-06,1.4661546629213262e-05,1.4661546629213262e-05,0.5817774534225464,0.5817774534225464,0.9988047480583191,0.9988047480583191,36864.0,36864.0,0.1875,0.1875,0.15473325550556183,0.15473325550556183,0.8252440293629965,0.8252440293629965,18432.0,18432.0,0.09375,0.09375,0.06223491579294205,0.06223491579294205,0.6638391017913818,0.6638391017913818,33719.0,33719.0,0.17150370279947916,0.17150370279947916,0.09220822155475616,0.09220822155475616,0.5376456604121563,0.5376456604121563,0.35734936594963074,0.35734936594963074,0.021881286054849625,0.021881286054849625,0.26778602600097656,0.26778602600097656
test,0,global,1,0.02608947642147541,0.02608947642147541,196608.0,196608.0,2.3677559966017725e-06,2.3677559966017725e-06,2.431999973850907e-06,2.431999973850907e-06,7.459781045326963e-06,7.459781045326963e-06,0.4655197560787201,0.4655197560787201,1.0,1.0,36864.0,36864.0,0.1875,0.1875,0.16979676485061646,0.16979676485061646,0.9055827458699545,0.9055827458699545,18432.0,18432.0,0.09375,0.09375,0.09103237837553024,0.09103237837553024,0.9710120360056559,0.9710120360056559,33719.0,33719.0,0.17150370279947916,0.17150370279947916,0.17031225562095642,0.17031225562095642,0.9930529361228092,0.9930529361228092,0.35734936594963074,0.35734936594963074,0.021881286054849625,0.021881286054849625,0.26778602600097656,0.26778602600097656
test,0,local,1,0.027135934680700302,0.027135934680700302,196608.0,196608.0,4.219371021463303e-06,4.219371021463303e-06,4.926662768411916e-06,4.926662768411916e-06,2.2379341316991486e-05,2.2379341316991486e-05,0.8295620679855347,0.8295620679855347,0.9943898916244507,0.9943898916244507,36864.0,36864.0,0.1875,0.1875,0.16780288517475128,0.16780288517475128,0.8949487209320068,0.8949487209320068,18432.0,18432.0,0.09375,0.09375,0.09206253290176392,0.09206253290176392,0.9820003509521484,0.9820003509521484,33719.0,33719.0,0.17150370279947916,0.17150370279947916,0.19244550168514252,0.19244550168514252,1.1221069781224977,1.1221069781224977,0.35734936594963074,0.35734936594963074,0.021881286054849625,0.021881286054849625,0.26778602600097656,0.26778602600097656
test,3,combined_paper,1,0.059334406396374106,0.059334406396374106,196608.0,196608.0,7.149713837861782e-06,7.149713837861782e-06,8.629901458334643e-06,8.629901458334643e-06,3.211141302017495e-05,3.211141302017495e-05,1.4056909084320068,1.4056909084320068,0.999969482421875,0.999969482421875,36864.0,36864.0,0.1875,0.1875,0.16557194292545319,0.16557194292545319,0.8830503622690836,0.8830503622690836,18432.0,18432.0,0.09375,0.09375,0.08583039790391922,0.08583039790391922,0.9155242443084717,0.9155242443084717,33719.0,33719.0,0.17150370279947916,0.17150370279947916,0.1715601086616516,0.1715601086616516,1.0003288900545686,1.0003288900545686,0.38087978959083557,0.38087978959083557,0.03371917083859444,0.03371917083859444,0.27672356367111206,0.27672356367111206
test,3,edge_legacy_max,1,0.0007496283506043255,0.0007496283506043255,196608.0,196608.0,2.5954548164008884e-06,2.5954548164008884e-06,3.353427246111096e-06,3.353427246111096e-06,1.0542631571297534e-05,1.0542631571297534e-05,0.5102871656417847,0.5102871656417847,0.998992919921875,0.998992919921875,36864.0,36864.0,0.1875,0.1875,0.1624927520751953,0.1624927520751953,0.8666280110677084,0.8666280110677084,18432.0,18432.0,0.09375,0.09375,0.0661737397313118,0.0661737397313118,0.7058532238006592,0.7058532238006592,33719.0,33719.0,0.17150370279947916,0.17150370279947916,0.1019197553396225,0.1019197553396225,0.5942714569771494,0.5942714569771494,0.38087978959083557,0.38087978959083557,0.03371917083859444,0.03371917083859444,0.27672356367111206,0.27672356367111206
test,3,edge_paper_min,1,0.000999504467472434,0.000999504467472434,196608.0,196608.0,3.460606876615202e-06,3.460606876615202e-06,4.471236479730578e-06,4.471236479730578e-06,1.405684270139318e-05,1.405684270139318e-05,0.6803829669952393,0.6803829669952393,0.998992919921875,0.998992919921875,36864.0,36864.0,0.1875,0.1875,0.16249273717403412,0.16249273717403412,0.8666279315948486,0.8666279315948486,18432.0,18432.0,0.09375,0.09375,0.0661737397313118,0.0661737397313118,0.7058532238006592,0.7058532238006592,33719.0,33719.0,0.17150370279947916,0.17150370279947916,0.1019197478890419,0.1019197478890419,0.5942714135344688,0.5942714135344688,0.38087978959083557,0.38087978959083557,0.03371917083859444,0.03371917083859444,0.27672356367111206,0.27672356367111206
test,3,global,1,0.028094802051782608,0.028094802051782608,196608.0,196608.0,2.3322479592025047e-06,2.3322479592025047e-06,2.406360408713226e-06,2.406360408713226e-06,7.0754531407146715e-06,7.0754531407146715e-06,0.45853859186172485,0.45853859186172485,1.0,1.0,36864.0,36864.0,0.1875,0.1875,0.17453569173812866,0.17453569173812866,0.9308570226033529,0.9308570226033529,18432.0,18432.0,0.09375,0.09375,0.0937589704990387,0.0937589704990387,1.0000956853230794,1.0000956853230794,33719.0,33719.0,0.17150370279947916,0.17150370279947916,0.1732354462146759,0.1732354462146759,1.010097411233281,1.010097411233281,0.38087978959083557,0.38087978959083557,0.03371917083859444,0.03371917083859444,0.27672356367111206,0.27672356367111206
test,3,local,1,0.030240099877119064,0.030240099877119064,196608.0,196608.0,4.384392923384439e-06,4.384392923384439e-06,5.09917344970745e-06,5.09917344970745e-06,1.8149259631172754e-05,1.8149259631172754e-05,0.862006664276123,0.862006664276123,0.9952036738395691,0.9952036738395691,36864.0,36864.0,0.1875,0.1875,0.16202905774116516,0.16202905774116516,0.8641549746195475,0.8641549746195475,18432.0,18432.0,0.09375,0.09375,0.08991366624832153,0.08991366624832153,0.9590791066487631,0.9590791066487631,33719.0,33719.0,0.17150370279947916,0.17150370279947916,0.18808577954769135,0.18808577954769135,1.0966864066346127,1.0966864066346127,0.38087978959083557,0.38087978959083557,0.03371917083859444,0.03371917083859444,0.27672356367111206,0.27672356367111206
train,0,combined_paper,12,0.09434518366470002,0.06869181554066017,196379.75,196608.0,6.9096445258765016e-06,7.024824071777402e-06,8.43799182348448e-06,8.580648227507481e-06,3.6567190212129695e-05,3.3485013773315586e-05,1.3568712969621022,1.3771876096725464,0.9999474585056305,0.9999745786190033,36845.5,36864.0,0.18762463461932113,0.1875,0.1794719323515892,0.18309816718101501,0.9564904389936743,0.9759137075698903,18422.916666666668,18432.0,0.0938131662916634,0.09375,0.09862822107970715,0.09791955724358559,1.05126755284026,1.044475277264913,43177.333333333336,38659.0,0.22000812417383023,0.19664893996375993,0.22386405865351358,0.1936723291873932,1.013384111762379,1.0398295976117842,0.29727481802304584,0.32159189879894257,0.0391236844783028,0.03185168839991093,0.287406491736571,0.2977277487516403
train,0,edge_legacy_max,12,0.0008355662915467595,0.0008242106414400041,196379.75,196608.0,2.294516529370109e-06,2.155752781618503e-06,3.28985712864475e-06,3.1901433885650476e-06,1.1423403899849896e-05,1.1315545179968467e-05,0.4505657156308492,0.42383822798728943,0.9972139596939087,0.9978078305721283,36845.5,36864.0,0.18762463461932113,0.1875,0.158394663905104,0.15980805456638336,0.8439873819602265,0.8523096243540446,18422.916666666668,18432.0,0.0938131662916634,0.09375,0.08285517866412799,0.08075069636106491,0.883116173119891,0.8613407611846924,43177.333333333336,38659.0,0.22000812417383023,0.19664893996375993,0.14963569957762957,0.12641369923949242,0.6133704735134063,0.4993698964395664,0.29727481802304584,0.32159189879894257,0.0391236844783028,0.03185168839991093,0.287406491736571,0.2977277487516403
train,0,edge_paper_min,12,0.0011140884307678789,0.0010989475413225591,196379.75,196608.0,3.0593554735484454e-06,2.8743371558448416e-06,4.386476310476913e-06,4.253524821251631e-06,1.5231206286140756e-05,1.508739433120354e-05,0.600754310687383,0.5651176571846008,0.9972139596939087,0.9978078305721283,36845.5,36864.0,0.18762463461932113,0.1875,0.15839466080069542,0.15980805456638336,0.8439873654336472,0.8523096243540446,18422.916666666668,18432.0,0.0938131662916634,0.09375,0.08285517897456884,0.08075069263577461,0.8831161764727438,0.8613407214482626,43177.333333333336,38659.0,0.22000812417383023,0.19664893996375993,0.14963569988807043,0.12641369551420212,0.6133704774018237,0.4993699038408058,0.29727481802304584,0.32159189879894257,0.0391236844783028,0.03185168839991093,0.287406491736571,0.2977277487516403
train,0,global,12,0.042133517020071544,0.03315013460814953,196379.75,196608.0,2.147532370599947e-06,2.2231791945159785e-06,2.3042250158293123e-06,2.3790133809598046e-06,9.215217573910195e-06,7.263643738042447e-06,0.4217693706353505,0.4370947927236557,1.0,1.0,36845.5,36864.0,0.18762463461932113,0.1875,0.17953905276954174,0.1807330995798111,0.9569250247751803,0.9639098644256592,18422.916666666668,18432.0,0.0938131662916634,0.09375,0.10206936051448186,0.1007634848356247,1.0878400424164185,1.07481050491333,43177.333333333336,38659.0,0.22000812417383023,0.19664893996375993,0.20638896400729814,0.1746254488825798,0.9475211245111576,0.9652662722956062,0.29727481802304584,0.32159189879894257,0.0391236844783028,0.03185168839991093,0.287406491736571,0.2977277487516403
train,0,local,12,0.051097578213860594,0.031295303255319595,196379.75,196608.0,4.306071105020237e-06,4.284124770492781e-06,5.080365137170399e-06,5.060783223598264e-06,2.4016495520603105e-05,2.1639441001752857e-05,0.8456095407406489,0.8422932028770447,0.9965422451496124,0.9967173337936401,36845.5,36864.0,0.18762463461932113,0.1875,0.18439210082093874,0.1857268139719963,0.9828488475799722,0.990543007850647,18422.916666666668,18432.0,0.0938131662916634,0.09375,0.10500446396569411,0.10219954326748848,1.1192652564808816,1.089420303188162,43177.333333333336,38659.0,0.22000812417383023,0.19664893996375993,0.2302058587471644,0.20317719131708145,1.0687318148046658,1.1061681371923067,0.29727481802304584,0.32159189879894257,0.0391236844783028,0.03185168839991093,0.287406491736571,0.2977277487516403
train,3,combined_paper,12,0.08027933094611701,0.05765476735541597,196379.75,196608.0,7.445698050408585e-06,7.452508725691587e-06,8.993733672468807e-06,9.05093611436314e-06,3.8826436745390915e-05,3.2258745704893954e-05,1.462205598751704,1.4610422849655151,0.9999381254116694,0.9999873042106628,36845.5,36864.0,0.18762463461932113,0.1875,0.17042492826779684,0.16789212822914124,0.9083410769642383,0.8949953317642212,18422.916666666668,18432.0,0.0938131662916634,0.09375,0.09408247967561086,0.09067637845873833,1.0028564433164666,0.9672147035598755,43177.333333333336,38659.0,0.22000812417383023,0.19664893996375993,0.20827563479542732,0.18741272389888763,0.95410176690249,0.9501551435453499,0.4117203652858734,0.40384645760059357,0.07613827008754015,0.07095647603273392,0.32053029785553616,0.31731465458869934
train,3,edge_legacy_max,12,0.0009577559879592931,0.0009343229758087546,196379.75,196608.0,2.6852739741419405e-06,2.622462943691062e-06,3.50504630356833e-06,3.4567151487863157e-06,1.1712947070918744e-05,1.1437974535510875e-05,0.5273133739829063,0.5155971646308899,0.9965861340363821,0.9976697266101837,36845.5,36864.0,0.18762463461932113,0.1875,0.15798110887408257,0.15207120776176453,0.8418573306098439,0.8113974676837099,18422.916666666668,18432.0,0.0938131662916634,0.09375,0.08325854285309713,0.08110435679554939,0.8874452617846859,0.8650897440314239,43177.333333333336,38659.0,0.22000812417383023,0.19664893996375993,0.14500892659028372,0.13362643122673035,0.6080946556944917,0.5495176182540424,0.4117203652858734,0.40384645760059357,0.07613827008754015,0.07095647603273392,0.32053029785553616,0.31731465458869934
train,3,edge_paper_min,12,0.0012770080065820366,0.001245763967745006,196379.75,196608.0,3.5803654441224353e-06,3.496617523524037e-06,4.673395286166245e-06,4.608953531715088e-06,1.5617263215972343e-05,1.5250631804519799e-05,0.7030845383803049,0.6874629557132721,0.9965861340363821,0.9976697266101837,36845.5,36864.0,0.18762463461932113,0.1875,0.15798110080262026,0.15207119286060333,0.8418572875604631,0.8113973881766574,18422.916666666668,18432.0,0.0938131662916634,0.09375,0.08325854099045198,0.0811043530702591,0.8874452418669322,0.8650897042971497,43177.333333333336,38659.0,0.22000812417383023,0.19664893996375993,0.14500892690072456,0.13362643122673035,0.6080946503700234,0.5495175551807239,0.4117203652858734,0.40384645760059357,0.07613827008754015,0.07095647603273392,0.32053029785553616,0.31731465458869934
train,3,global,12,0.035040816524997354,0.02773764729499817,196379.75,196608.0,1.93420424920987e-06,2.0092195427423576e-06,2.128843666090082e-06,2.19528362777055e-06,9.5468937691597e-06,7.788415587128839e-06,0.37986455609401065,0.39502863585948944,1.0,1.0,36845.5,36864.0,0.18762463461932113,0.1875,0.1877071832617124,0.19128752499818802,1.0004482230614071,1.0202001333236694,18422.916666666668,18432.0,0.0938131662916634,0.09375,0.10296032826105754,0.10435643792152405,1.0972973771056425,1.1124239935194642,43177.333333333336,38659.0,0.22000812417383023,0.19664893996375993,0.2218818043669065,0.18772834539413452,1.0344831659283888,1.0669370507509142,0.4117203652858734,0.40384645760059357,0.07613827008754015,0.07095647603273392,0.32053029785553616,0.31731465458869934
train,3,local,12,0.04396150641453763,0.027971811592578888,196379.75,196608.0,4.4951789277547505e-06,4.493457254284294e-06,5.270492200300699e-06,5.245075954007916e-06,2.473804003481443e-05,1.9617706129793078e-05,0.882795532544454,0.8834495842456818,0.996839220325152,0.9968398809432983,36845.5,36864.0,0.18762463461932113,0.1875,0.1711194378634294,0.17238829284906387,0.9121795637705485,0.918834162654623,18422.916666666668,18432.0,0.0938131662916634,0.09375,0.09886244684457779,0.09560071676969528,1.053782352275952,1.019105498383599,43177.333333333336,38659.0,0.22000812417383023,0.19664893996375993,0.2127491074303786,0.1900467947125435,1.001012158875698,1.0249164185792983,0.4117203652858734,0.40384645760059357,0.07613827008754015,0.07095647603273392,0.32053029785553616,0.31731465458869934
val,0,combined_paper,1,0.07722860982175916,0.07722860982175916,196608.0,196608.0,5.271404006634839e-06,5.271404006634839e-06,6.592698355234461e-06,6.592698355234461e-06,3.1907897209748626e-05,3.1907897209748626e-05,1.0364001989364624,1.0364001989364624,0.9999746084213257,0.9999746084213257,36864.0,36864.0,0.1875,0.1875,0.19306069612503052,0.19306069612503052,1.0296570460001628,1.0296570460001628,18432.0,18432.0,0.09375,0.09375,0.100202776491642,0.100202776491642,1.068829615910848,1.068829615910848,19056.0,19056.0,0.096923828125,0.096923828125,0.11293233931064606,0.11293233931064606,1.1651658987818798,1.1651658987818798,0.1272660344839096,0.1272660344839096,0.007075743284076452,0.007075743284076452,0.22963973879814148,0.22963973879814148
val,0,edge_legacy_max,1,0.0005856619682163,0.0005856619682163,196608.0,196608.0,1.9270773918833584e-06,1.9270773918833584e-06,2.8961487714695977e-06,2.8961487714695977e-06,1.0689969712984748e-05,1.0689969712984748e-05,0.3788788318634033,0.3788788318634033,0.999603271484375,0.999603271484375,36864.0,36864.0,0.1875,0.1875,0.19909928739070892,0.19909928739070892,1.061862866083781,1.061862866083781,18432.0,18432.0,0.09375,0.09375,0.1032489612698555,0.1032489612698555,1.1013222535451253,1.1013222535451253,19056.0,19056.0,0.096923828125,0.096923828125,0.0433998629450798,0.0433998629450798,0.447772893257045,0.447772893257045,0.1272660344839096,0.1272660344839096,0.007075743284076452,0.007075743284076452,0.22963973879814148,0.22963973879814148
val,0,edge_paper_min,1,0.0007808826630935073,0.0007808826630935073,196608.0,196608.0,2.5694366740935948e-06,2.5694366740935948e-06,3.861532150040148e-06,3.861532150040148e-06,1.4253294466470834e-05,1.4253294466470834e-05,0.5051717758178711,0.5051717758178711,0.999603271484375,0.999603271484375,36864.0,36864.0,0.1875,0.1875,0.19909930229187012,0.19909930229187012,1.0618629455566406,1.0618629455566406,18432.0,18432.0,0.09375,0.09375,0.1032489761710167,0.1032489761710167,1.1013224124908447,1.1013224124908447,19056.0,19056.0,0.096923828125,0.096923828125,0.0433998666703701,0.0433998666703701,0.44777293169228194,0.44777293169228194,0.1272660344839096,0.1272660344839096,0.007075743284076452,0.007075743284076452,0.22963973879814148,0.22963973879814148
val,0,global,1,0.057485759258270264,0.057485759258270264,196608.0,196608.0,1.6511371541128028e-06,1.6511371541128028e-06,1.8010402982326923e-06,1.8010402982326923e-06,7.224821274576243e-06,7.224821274576243e-06,0.32462677359580994,0.32462677359580994,1.0,1.0,36864.0,36864.0,0.1875,0.1875,0.19975855946540833,0.19975855946540833,1.065378983815511,1.065378983815511,18432.0,18432.0,0.09375,0.09375,0.10091718286275864,0.10091718286275864,1.076449950536092,1.076449950536092,19056.0,19056.0,0.096923828125,0.096923828125,0.10145407915115356,0.10145407915115356,1.0467403229297858,1.0467403229297858,0.1272660344839096,0.1272660344839096,0.007075743284076452,0.007075743284076452,0.22963973879814148,0.22963973879814148
val,0,local,1,0.018961967900395393,0.018961967900395393,196608.0,196608.0,3.27023008139804e-06,3.27023008139804e-06,4.02751629735576e-06,4.02751629735576e-06,2.1260564608382992e-05,2.1260564608382992e-05,0.6429533958435059,0.6429533958435059,0.9989776611328125,0.9989776611328125,36864.0,36864.0,0.1875,0.1875,0.18994325399398804,0.18994325399398804,1.0130306879679363,1.0130306879679363,18432.0,18432.0,0.09375,0.09375,0.09573952108621597,0.09573952108621597,1.0212215582529705,1.0212215582529705,19056.0,19056.0,0.096923828125,0.096923828125,0.1456655114889145,0.1456655114889145,1.502886486293687,1.502886486293687,0.1272660344839096,0.1272660344839096,0.007075743284076452,0.007075743284076452,0.22963973879814148,0.22963973879814148
val,3,combined_paper,1,0.07862268504686654,0.07862268504686654,196608.0,196608.0,5.919223440287169e-06,5.919223440287169e-06,7.282977094291709e-06,7.282977094291709e-06,2.9699305741814896e-05,2.9699305741814896e-05,1.163766622543335,1.163766622543335,0.9999847412109375,0.9999847412109375,36864.0,36864.0,0.1875,0.1875,0.18978910148143768,0.18978910148143768,1.0122085412343342,1.0122085412343342,18432.0,18432.0,0.09375,0.09375,0.09820888936519623,0.09820888936519623,1.047561486562093,1.047561486562093,19056.0,19056.0,0.096923828125,0.096923828125,0.10123273730278015,0.10123273730278015,1.0444566548921599,1.0444566548921599,0.16080982983112335,0.16080982983112335,0.008329946547746658,0.008329946547746658,0.2572905421257019,0.2572905421257019
val,3,edge_legacy_max,1,0.000748518796171993,0.000748518796171993,196608.0,196608.0,2.4997959826578153e-06,2.4997959826578153e-06,3.2989341889333446e-06,3.2989341889333446e-06,1.056685778166866e-05,1.056685778166866e-05,0.49147987365722656,0.49147987365722656,0.9997507929801941,0.9997507929801941,36864.0,36864.0,0.1875,0.1875,0.19666436314582825,0.19666436314582825,1.0488766034444172,1.0488766034444172,18432.0,18432.0,0.09375,0.09375,0.09850874543190002,0.09850874543190002,1.0507599512736003,1.0507599512736003,19056.0,19056.0,0.096923828125,0.096923828125,0.0493275411427021,0.0493275411427021,0.5089310038299945,0.5089310038299945,0.16080982983112335,0.16080982983112335,0.008329946547746658,0.008329946547746658,0.2572905421257019,0.2572905421257019
val,3,edge_paper_min,1,0.0009980250615626574,0.0009980250615626574,196608.0,196608.0,3.33306115862797e-06,3.33306115862797e-06,4.398579221742693e-06,4.398579221742693e-06,1.4089144315221347e-05,1.4089144315221347e-05,0.6553064584732056,0.6553064584732056,0.9997507929801941,0.9997507929801941,36864.0,36864.0,0.1875,0.1875,0.19666437804698944,0.19666437804698944,1.048876682917277,1.048876682917277,18432.0,18432.0,0.09375,0.09375,0.09850876033306122,0.09850876033306122,1.0507601102193196,1.0507601102193196,19056.0,19056.0,0.096923828125,0.096923828125,0.0493275485932827,0.0493275485932827,0.5089310807004683,0.5089310807004683,0.16080982983112335,0.16080982983112335,0.008329946547746658,0.008329946547746658,0.2572905421257019,0.2572905421257019
val,3,global,1,0.055045463144779205,0.055045463144779205,196608.0,196608.0,1.652527657824976e-06,1.652527657824976e-06,1.801900452846894e-06,1.801900452846894e-06,7.159362667152891e-06,7.159362667152891e-06,0.32490015029907227,0.32490015029907227,1.0,1.0,36864.0,36864.0,0.1875,0.1875,0.19791342318058014,0.19791342318058014,1.055538256963094,1.055538256963094,18432.0,18432.0,0.09375,0.09375,0.1010654866695404,0.1010654866695404,1.078031857808431,1.078031857808431,19056.0,19056.0,0.096923828125,0.096923828125,0.09928815066814423,0.09928815066814423,1.0243936149539514,1.0243936149539514,0.16080982983112335,0.16080982983112335,0.008329946547746658,0.008329946547746658,0.2572905421257019,0.2572905421257019
val,3,local,1,0.022579196840524673,0.022579196840524673,196608.0,196608.0,3.542675585777033e-06,3.542675585777033e-06,4.264996277925093e-06,4.264996277925093e-06,2.1478088456206024e-05,2.1478088456206024e-05,0.6965183615684509,0.6965183615684509,0.9990590810775757,0.9990590810775757,36864.0,36864.0,0.1875,0.1875,0.17940513789653778,0.17940513789653778,0.9568274021148682,0.9568274021148682,18432.0,18432.0,0.09375,0.09375,0.09328840672969818,0.09328840672969818,0.9950763384501139,0.9950763384501139,19056.0,19056.0,0.096923828125,0.096923828125,0.12665654718875885,0.12665654718875885,1.306763771499134,1.306763771499134,0.16080982983112335,0.16080982983112335,0.008329946547746658,0.008329946547746658,0.2572905421257019,0.2572905421257019
