sample_id,scene,frame,split,k,objective,loss,valid_pixels,gradient_abs_mean,gradient_rms,gradient_abs_max,gradient_l1_mass,gradient_nonzero_fraction,crop_pixels,crop_pixel_share,crop_gradient_mass_share,crop_gradient_enrichment,structure_pixels,structure_pixel_share,structure_gradient_mass_share,structure_gradient_enrichment,gt_boundary_pixels,gt_boundary_pixel_share,gt_boundary_gradient_mass_share,gt_boundary_gradient_enrichment,cosine_global_local,cosine_global_edge,cosine_local_edge
ai_054_008_cam_00_frame.0000,ai_054_008,0,train,0,global,0.03428635746240616,196569,2.304545205333852e-06,2.4061014300968964e-06,5.494370270753279e-06,0.4530021548271179,1.0,36825,0.18733879706362652,0.17542386054992676,0.9363989910234501,18413,0.09367194216789015,0.09641294926404953,1.0292617728716098,37850,0.19255325102126988,0.18267983198165894,0.9487236959789357,0.41220009326934814,0.07528342306613922,0.2995939254760742
ai_054_008_cam_00_frame.0000,ai_054_008,0,train,0,local,0.03768075257539749,196569,4.653236373997061e-06,5.402244369179243e-06,1.646379860176239e-05,0.9146819710731506,0.9970646500587463,36825,0.18733879706362652,0.16567391157150269,0.8843545179551584,18413,0.09367194216789015,0.08934693038463593,0.9538280974733884,37850,0.19255325102126988,0.20847997069358826,1.0827133252118348,0.41220009326934814,0.07528342306613922,0.2995939254760742
ai_054_008_cam_00_frame.0000,ai_054_008,0,train,0,edge_legacy_max,0.0008388939313590527,196569,2.043988615696435e-06,2.9768179956590757e-06,1.0910035598499235e-05,0.4017847776412964,0.9958691596984863,36825,0.18733879706362652,0.14476823806762695,0.7727616507458347,18413,0.09367194216789015,0.058107513934373856,0.6203299791759048,37850,0.19255325102126988,0.17999491095542908,0.9347799115349469,0.41220009326934814,0.07528342306613922,0.2995939254760742
ai_054_008_cam_00_frame.0000,ai_054_008,0,train,0,edge_paper_min,0.0011185252806171775,196569,2.7253183816355886e-06,3.969090812461218e-06,1.4546716556651518e-05,0.5357130765914917,0.9958691596984863,36825,0.18733879706362652,0.14476820826530457,0.7727614916633443,18413,0.09367194216789015,0.058107513934373856,0.6203299791759048,37850,0.19255325102126988,0.17999491095542908,0.9347799115349469,0.41220009326934814,0.07528342306613922,0.2995939254760742
ai_054_008_cam_00_frame.0000,ai_054_008,0,train,0,combined_paper,0.07308563531842083,196569,7.202836513897637e-06,8.702229024493136e-06,2.7539754228200763e-05,1.4158543348312378,1.0,36825,0.18733879706362652,0.15534038841724396,0.8291949711008615,18413,0.09367194216789015,0.07789547741413116,0.8315774778590316,37850,0.19255325102126988,0.21594753861427307,1.121495157671573,0.41220009326934814,0.07528342306613922,0.2995939254760742
ai_054_008_cam_00_frame.0000,ai_054_008,0,train,3,global,0.03017299808561802,196569,2.2899796476849588e-06,2.3868678908911534e-06,5.526216227735858e-06,0.45013901591300964,1.0,36825,0.18733879706362652,0.16825447976589203,0.8981293912587001,18413,0.09367194216789015,0.08934789150953293,0.9538383580153901,37850,0.19255325102126988,0.18327368795871735,0.9518078089394216,0.5030732154846191,0.09461309015750885,0.3059244155883789
ai_054_008_cam_00_frame.0000,ai_054_008,0,train,3,local,0.03548109903931618,196569,4.827529210160719e-06,5.565400897467043e-06,1.6574658729950897e-05,0.9489425420761108,0.9974258542060852,36825,0.18733879706362652,0.1572161763906479,0.8392077821298918,18413,0.09367194216789015,0.08577343821525574,0.9156790841543804,37850,0.19255325102126988,0.20239689946174622,1.051121694327503,0.5030732154846191,0.09461309015750885,0.3059244155883789
ai_054_008_cam_00_frame.0000,ai_054_008,0,train,3,edge_legacy_max,0.0009465957409702241,196569,2.5548179110046476e-06,3.30856073560426e-06,1.0883471077249851e-05,0.5021979808807373,0.9967085719108582,36825,0.18733879706362652,0.1529768407344818,0.8165785364925011,18413,0.09367194216789015,0.07078438997268677,0.7556626705339198,37850,0.19255325102126988,0.15750475227832794,0.8179802285495018,0.5030732154846191,0.09461309015750885,0.3059244155883789
ai_054_008_cam_00_frame.0000,ai_054_008,0,train,3,edge_paper_min,0.0012621276546269655,196569,3.4064239571307553e-06,4.411414465721464e-06,1.4511294466501568e-05,0.669597327709198,0.9967085719108582,36825,0.18733879706362652,0.15297682583332062,0.8165784569512559,18413,0.09367194216789015,0.07078438997268677,0.7556626705339198,37850,0.19255325102126988,0.15750476717948914,0.8179803059367239,0.5030732154846191,0.09461309015750885,0.3059244155883789
ai_054_008_cam_00_frame.0000,ai_054_008,0,train,3,combined_paper,0.06691622477956116,196569,7.77033346821554e-06,9.301131285610609e-06,2.7739160941564478e-05,1.5274066925048828,1.0,36825,0.18733879706362652,0.1537061631679535,0.8204716031978669,18413,0.09367194216789015,0.08089815825223923,0.8636327632370832,37850,0.19255325102126988,0.2062646448612213,1.0712083216836306,0.5030732154846191,0.09461309015750885,0.3059244155883789
ai_052_005_cam_01_frame.0099,ai_052_005,99,train,0,global,0.09217846393585205,196608,2.1053579075669404e-06,2.327289621462114e-06,2.323875014553778e-05,0.41393017768859863,1.0,36864,0.1875,0.18396227061748505,0.9811321099599203,18432,0.09375,0.10820513963699341,1.1541881561279297,80684,0.4103800455729167,0.3970284163951874,0.9674652085992885,0.3550356924533844,0.06397641450166702,0.2646695375442505
ai_052_005_cam_01_frame.0099,ai_052_005,99,train,0,local,0.138899564743042,196608,4.1202811189577915e-06,5.048845650890144e-06,4.858091051573865e-05,0.8100801706314087,0.9953664541244507,36864,0.1875,0.2162700593471527,1.1534403165181477,18432,0.09375,0.13082581758499146,1.3954753875732422,80684,0.4103800455729167,0.4610363245010376,1.1234374806343264,0.3550356924533844,0.06397641450166702,0.2646695375442505
ai_052_005_cam_01_frame.0099,ai_052_005,99,train,0,edge_legacy_max,0.0012096099089831114,196608,2.1296286831784528e-06,3.1909378321870463e-06,1.1632779205683619e-05,0.41870200634002686,0.9932454824447632,36864,0.1875,0.16399846971035004,0.8746585051218668,18432,0.09375,0.10102085024118423,1.077555735905965,80684,0.4103800455729167,0.2914849519729614,0.7102805195267958,0.3550356924533844,0.06397641450166702,0.2646695375442505
ai_052_005_cam_01_frame.0099,ai_052_005,99,train,0,edge_paper_min,0.0016128132119774818,196608,2.839504986695829e-06,4.254583927831845e-06,1.5510373486904427e-05,0.5582693815231323,0.9932454824447632,36864,0.1875,0.16399845480918884,0.8746584256490072,18432,0.09375,0.10102083534002304,1.0775555769602458,80684,0.4103800455729167,0.2914849519729614,0.7102805195267958,0.3550356924533844,0.06397641450166702,0.2646695375442505
ai_052_005_cam_01_frame.0099,ai_052_005,99,train,0,combined_paper,0.23269084189087152,196608,6.691908311040606e-06,8.365977009816561e-06,7.273819937836379e-05,1.3156826496124268,0.9998016357421875,36864,0.1875,0.20353838801383972,1.0855380694071453,18432,0.09375,0.12284979969263077,1.3103978633880615,80684,0.4103800455729167,0.4371819496154785,1.065309959223638,0.3550356924533844,0.06397641450166702,0.2646695375442505
ai_052_005_cam_01_frame.0099,ai_052_005,99,train,3,global,0.08010583370923996,196608,2.0353975287434878e-06,2.254895434816717e-06,2.5993562303483486e-05,0.40017542243003845,1.0,36864,0.1875,0.1880495697259903,1.002931038538615,18432,0.09375,0.11634510010480881,1.2410144011179607,80684,0.4103800455729167,0.4058651626110077,0.98899828826812,0.5188565254211426,0.09087178111076355,0.3117768466472626
ai_052_005_cam_01_frame.0099,ai_052_005,99,train,3,local,0.13841046392917633,196608,4.41552674601553e-06,5.315325324772857e-06,5.59186955797486e-05,0.8681278824806213,0.9951986074447632,36864,0.1875,0.19046235084533691,1.0157992045084636,18432,0.09375,0.11948596686124802,1.2745169798533122,80684,0.4103800455729167,0.4157750904560089,1.0131464600710798,0.5188565254211426,0.09087178111076355,0.3117768466472626
ai_052_005_cam_01_frame.0099,ai_052_005,99,train,3,edge_legacy_max,0.0013740125577896833,196608,2.405881105005392e-06,3.3003259432007326e-06,1.2003465599264018e-05,0.4730154573917389,0.9888407588005066,36864,0.1875,0.1458265632390976,0.7777416706085205,18432,0.09375,0.08734052628278732,0.9316322803497314,80684,0.4103800455729167,0.2762271761894226,0.6731008955462049,0.5188565254211426,0.09087178111076355,0.3117768466472626
ai_052_005_cam_01_frame.0099,ai_052_005,99,train,3,edge_paper_min,0.0018320167437195778,196608,3.2078414733405225e-06,4.400435045681661e-06,1.6004622011678293e-05,0.6306872963905334,0.9888407588005066,36864,0.1875,0.1458265632390976,0.7777416706085205,18432,0.09375,0.08734051883220673,0.9316322008768717,80684,0.4103800455729167,0.276227205991745,0.6731009681674806,0.5188565254211426,0.09087178111076355,0.3117768466472626
ai_052_005_cam_01_frame.0099,ai_052_005,99,train,3,combined_paper,0.22034831438213587,196608,7.305108738364652e-06,9.029213288158644e-06,8.191225788323209e-05,1.4362428188323975,0.9997202754020691,36864,0.1875,0.18233682215213776,0.972463051478068,18432,0.09375,0.11376798897981644,1.2135252157847087,80684,0.4103800455729167,0.3972315788269043,0.9679602678350107,0.5188565254211426,0.09087178111076355,0.3117768466472626
ai_028_001_cam_00_frame.0099,ai_028_001,99,train,0,global,0.013954558409750462,196608,2.0505890461208764e-06,2.1926944100414403e-06,4.4774151319870725e-06,0.4031621813774109,1.0,36864,0.1875,0.17801377177238464,0.9494067827860514,18432,0.09375,0.09352706372737885,0.997622013092041,19203,0.0976715087890625,0.09728246927261353,0.9960168577175441,0.22184725105762482,0.01709435135126114,0.30818480253219604
ai_028_001_cam_00_frame.0099,ai_028_001,99,train,0,local,0.011058995500206947,196608,4.273837475921027e-06,4.973707291355822e-06,1.343224630545592e-05,0.8402706384658813,0.9992625117301941,36864,0.1875,0.221445694565773,1.1810437043507893,18432,0.09375,0.11552754789590836,1.2322938442230225,19203,0.0976715087890625,0.12526942789554596,1.2825585418782222,0.22184725105762482,0.01709435135126114,0.30818480253219604
ai_028_001_cam_00_frame.0099,ai_028_001,99,train,0,edge_legacy_max,0.0005134607199579477,196608,2.6689826881920453e-06,3.6961757814424345e-06,1.1163482668052893e-05,0.5247433185577393,0.9997762441635132,36864,0.1875,0.13896891474723816,0.7411675453186035,18432,0.09375,0.07469029724597931,0.7966965039571127,19203,0.0976715087890625,0.04007240757346153,0.41027734771666535,0.22184725105762482,0.01709435135126114,0.30818480253219604
ai_028_001_cam_00_frame.0099,ai_028_001,99,train,0,edge_paper_min,0.0006846142932772636,196608,3.5586435842560604e-06,4.928234375256579e-06,1.488464477006346e-05,0.6996577978134155,0.9997762441635132,36864,0.1875,0.13896891474723816,0.7411675453186035,18432,0.09375,0.0746903046965599,0.7966965834299723,19203,0.0976715087890625,0.04007240757346153,0.41027734771666535,0.22184725105762482,0.01709435135126114,0.30818480253219604
ai_028_001_cam_00_frame.0099,ai_028_001,99,train,0,combined_paper,0.025698168203234673,196608,7.090349299687659e-06,8.611020348325837e-06,2.7934835088672116e-05,1.394019365310669,0.9999898672103882,36864,0.1875,0.1879986673593521,1.002659559249878,18432,0.09375,0.09888086467981339,1.0547292232513428,19203,0.0976715087890625,0.10173792392015457,1.041633585694618,0.22184725105762482,0.01709435135126114,0.30818480253219604
ai_028_001_cam_00_frame.0099,ai_028_001,99,train,3,global,0.007927157916128635,196608,1.6211085949180415e-06,1.8556264649305376e-06,4.365871973277535e-06,0.3187229037284851,1.0,36864,0.1875,0.18647463619709015,0.9945313930511475,18432,0.09375,0.07780136913061142,0.8298812707265218,19203,0.0976715087890625,0.12077980488538742,1.2365919845287845,0.3780902624130249,0.061212122440338135,0.35047125816345215
ai_028_001_cam_00_frame.0099,ai_028_001,99,train,3,local,0.010087509639561176,196608,4.463137884158641e-06,5.155560302227968e-06,1.309761773882201e-05,0.8774885535240173,0.9991099238395691,36864,0.1875,0.20188091695308685,1.0766982237497966,18432,0.09375,0.1049753874540329,1.1197374661763508,19203,0.0976715087890625,0.1165556013584137,1.1933428980823308,0.3780902624130249,0.061212122440338135,0.35047125816345215
ai_028_001_cam_00_frame.0099,ai_028_001,99,train,3,edge_legacy_max,0.0006402009166777134,196608,3.052893134736223e-06,3.850796929327771e-06,1.1280149919912219e-05,0.600223183631897,0.9998677968978882,36864,0.1875,0.15116557478904724,0.8062163988749186,18432,0.09375,0.08038770407438278,0.857468843460083,19203,0.0976715087890625,0.04766453430056572,0.48800857989718405,0.3780902624130249,0.061212122440338135,0.35047125816345215
ai_028_001_cam_00_frame.0099,ai_028_001,99,train,3,edge_paper_min,0.0008536012610420585,196608,4.070524482813198e-06,5.134396360517712e-06,1.5040200196381193e-05,0.8002976179122925,0.9998677968978882,36864,0.1875,0.15116555988788605,0.806216319402059,18432,0.09375,0.08038770407438278,0.857468843460083,19203,0.0976715087890625,0.04766453430056572,0.48800857989718405,0.3780902624130249,0.061212122440338135,0.35047125816345215
ai_028_001_cam_00_frame.0099,ai_028_001,99,train,3,combined_paper,0.01886826881673187,196608,7.648095561307855e-06,9.129087629844435e-06,2.584860885690432e-05,1.5036767721176147,1.0,36864,0.1875,0.17920464277267456,0.9557580947875977,18432,0.09375,0.09172680228948593,0.9784192244211832,19203,0.0976715087890625,0.0997234582901001,1.0210086802843306,0.3780902624130249,0.061212122440338135,0.35047125816345215
ai_036_006_cam_00_frame.0000,ai_036_006,0,train,0,global,0.021200574934482574,196608,2.197179355789558e-06,2.351925331822713e-06,5.734537353419e-06,0.43198302388191223,1.0,36864,0.1875,0.18345242738723755,0.978412946065267,18432,0.09375,0.1017252504825592,1.0850693384806316,39468,0.20074462890625,0.2249516248703003,1.1205860206369718,0.3213890790939331,0.03338626027107239,0.2742934823036194
ai_036_006_cam_00_frame.0000,ai_036_006,0,train,0,local,0.024612389504909515,196608,4.559013177640736e-06,5.304546448314795e-06,1.7203612515004352e-05,0.8963384628295898,0.9979095458984375,36864,0.1875,0.17429465055465698,0.9295714696248373,18432,0.09375,0.09232306480407715,0.9847793579101562,39468,0.20074462890625,0.23261381685733795,1.1587548724203784,0.3213890790939331,0.03338626027107239,0.2742934823036194
ai_036_006_cam_00_frame.0000,ai_036_006,0,train,0,edge_legacy_max,0.0007548975409008563,196608,2.22107041736308e-06,3.2082486995932413e-06,1.1323696526233107e-05,0.4366801977157593,0.998016357421875,36864,0.1875,0.15772058069705963,0.841176430384318,18432,0.09375,0.08036869764328003,0.8572661081949869,39468,0.20074462890625,0.10088589042425156,0.5025583547312062,0.3213890790939331,0.03338626027107239,0.2742934823036194
ai_036_006_cam_00_frame.0000,ai_036_006,0,train,0,edge_paper_min,0.0010065301321446896,196608,2.961427526315674e-06,4.277665084373439e-06,1.5098262338142376e-05,0.5822403430938721,0.998016357421875,36864,0.1875,0.15772058069705963,0.841176430384318,18432,0.09375,0.08036869019269943,0.8572660287221273,39468,0.20074462890625,0.10088588297367096,0.5025583176164867,0.3213890790939331,0.03338626027107239,0.2742934823036194
ai_036_006_cam_00_frame.0000,ai_036_006,0,train,0,combined_paper,0.04681949457153678,196608,7.084948265401181e-06,8.550276106689125e-06,3.154137812089175e-05,1.3929574489593506,0.9998983144760132,36864,0.1875,0.1702328622341156,0.9079085985819498,18432,0.09375,0.08928181231021881,0.9523393313090006,39468,0.20074462890625,0.21259306371212006,1.0590224250104514,0.3213890790939331,0.03338626027107239,0.2742934823036194
ai_036_006_cam_00_frame.0000,ai_036_006,0,train,3,global,0.015926072373986244,196608,2.0889951883873437e-06,2.26066299546801e-06,5.782192602055147e-06,0.41071316599845886,1.0,36864,0.1875,0.19246357679367065,1.0264724095662434,18432,0.09375,0.10235648602247238,1.0918025175730388,39468,0.20074462890625,0.23139165341854095,1.1526667222892597,0.4589901268482208,0.06518442928791046,0.31641510128974915
ai_036_006_cam_00_frame.0000,ai_036_006,0,train,3,local,0.029347218573093414,196608,4.871762030234095e-06,5.589727607002715e-06,1.69094382727053e-05,0.9578273296356201,0.9946492910385132,36864,0.1875,0.16808533668518066,0.8964551289876302,18432,0.09375,0.09273470938205719,0.98917023340861,39468,0.20074462890625,0.22635234892368317,1.1275636621360976,0.4589901268482208,0.06518442928791046,0.31641510128974915
ai_036_006_cam_00_frame.0000,ai_036_006,0,train,3,edge_legacy_max,0.0009047576459124684,196608,2.6419754703965737e-06,3.466300995569327e-06,1.1189519682375249e-05,0.5194334983825684,0.9983419179916382,36864,0.1875,0.16244669258594513,0.866382360458374,18432,0.09375,0.08135078847408295,0.8677417437235514,39468,0.20074462890625,0.10974811017513275,0.5467050888140392,0.4589901268482208,0.06518442928791046,0.31641510128974915
ai_036_006_cam_00_frame.0000,ai_036_006,0,train,3,edge_paper_min,0.0012063435278832912,196608,3.5226344152761158e-06,4.6217346607591026e-06,1.4919362001819536e-05,0.6925780773162842,0.9983419179916382,36864,0.1875,0.16244667768478394,0.8663822809855143,18432,0.09375,0.08135078847408295,0.8677417437235514,39468,0.20074462890625,0.10974809527397156,0.5467050145846002,0.4589901268482208,0.06518442928791046,0.31641510128974915
ai_036_006_cam_00_frame.0000,ai_036_006,0,train,3,combined_paper,0.04647963447496295,196608,7.836222721380182e-06,9.328822670795489e-06,3.450056101428345e-05,1.5406639575958252,0.9999898672103882,36864,0.1875,0.1694444864988327,0.9037039279937744,18432,0.09375,0.08962595462799072,0.9560101826985677,39468,0.20074462890625,0.21041421592235565,1.0481685964341365,0.4589901268482208,0.06518442928791046,0.31641510128974915
ai_011_009_cam_01_frame.0099,ai_011_009,99,train,0,global,0.04165569320321083,195474,2.298836534464499e-06,2.4615530946903164e-06,9.214996680384502e-06,0.44936275482177734,1.0,36697,0.1877334070004195,0.18768934905529022,0.999765316435507,18349,0.09386926138514586,0.10580319166183472,1.127133526999045,61063,0.3123842557066413,0.3098036050796509,0.9917388582175732,0.32847273349761963,0.03182516619563103,0.2499961405992508
ai_011_009_cam_01_frame.0099,ai_011_009,99,train,0,local,0.055987872183322906,195474,4.5967976802785415e-06,5.342625627235975e-06,2.6332438210374676e-05,0.8985544443130493,0.9910730123519897,36697,0.1877334070004195,0.1950538456439972,1.0389937984961906,18349,0.09386926138514586,0.10450936108827591,1.1133502016115127,61063,0.3123842557066413,0.3408260941505432,1.0910476053908795,0.32847273349761963,0.03182516619563103,0.2499961405992508
ai_011_009_cam_01_frame.0099,ai_011_009,99,train,0,edge_legacy_max,0.0009609556291252375,195474,1.981711193366209e-06,2.9847292353224475e-06,1.1111991625512019e-05,0.3873730003833771,0.9927765130996704,36697,0.1877334070004195,0.120725117623806,0.6430667804560551,18349,0.09386926138514586,0.059476591646671295,0.6336109474925841,61063,0.3123842557066413,0.15194150805473328,0.4863929768516275,0.32847273349761963,0.03182516619563103,0.2499961405992508
ai_011_009_cam_01_frame.0099,ai_011_009,99,train,0,edge_paper_min,0.0012812742497771978,195474,2.6422815153637202e-06,3.97963913201238e-06,1.4815989743510727e-05,0.5164973139762878,0.9927765130996704,36697,0.1877334070004195,0.1207251325249672,0.643066859830107,18349,0.09386926138514586,0.05947659909725189,0.633611026864473,61063,0.3123842557066413,0.15194150805473328,0.4863929768516275,0.32847273349761963,0.03182516619563103,0.2499961405992508
ai_011_009_cam_01_frame.0099,ai_011_009,99,train,0,combined_paper,0.09892483963631094,195474,6.964699878153624e-06,8.386550689465366e-06,3.685165575006977e-05,1.3614177703857422,1.0,36697,0.1877334070004195,0.18394267559051514,0.9798079016917012,18349,0.09386926138514586,0.0963829830288887,1.0267789647713221,61063,0.3123842557066413,0.3242628574371338,1.0380256095289502,0.32847273349761963,0.03182516619563103,0.2499961405992508
ai_011_009_cam_01_frame.0099,ai_011_009,99,train,3,global,0.029554912820458412,195474,2.116412133545964e-06,2.295064632562571e-06,9.193335245072376e-06,0.4137035608291626,1.0,36697,0.1877334070004195,0.19574150443077087,1.0426567522440664,18349,0.09386926138514586,0.10497954487800598,1.1183591234118122,61063,0.3123842557066413,0.3348137438297272,1.0718009557567116,0.3319360613822937,0.06762217730283737,0.31821420788764954
ai_011_009_cam_01_frame.0099,ai_011_009,99,train,3,local,0.044305410236120224,195474,4.702707883552648e-06,5.472945758810965e-06,2.6489828087505884e-05,0.9192571043968201,0.9959994554519653,36697,0.1877334070004195,0.171942800283432,0.9158881364308687,18349,0.09386926138514586,0.09378363192081451,0.9990877795023868,61063,0.3123842557066413,0.30862003564834595,0.987950032725624,0.3319360613822937,0.06762217730283737,0.31821420788764954
ai_011_009_cam_01_frame.0099,ai_011_009,99,train,3,edge_legacy_max,0.0010763566242530942,195474,2.427087110845605e-06,3.3011524465109687e-06,1.2141267689003143e-05,0.47443240880966187,0.9938815236091614,36697,0.1877334070004195,0.1233329027891159,0.6569576760988539,18349,0.09386926138514586,0.06169333681464195,0.6572261878306894,61063,0.3123842557066413,0.15850356221199036,0.5073993305246484,0.3319360613822937,0.06762217730283737,0.31821420788764954
ai_011_009_cam_01_frame.0099,ai_011_009,99,train,3,edge_paper_min,0.0014351422432810068,195474,3.23611629937659e-06,4.401536898512859e-06,1.6188359950319864e-05,0.632576584815979,0.9938815236091614,36697,0.1877334070004195,0.12333289533853531,0.656957636411828,18349,0.09386926138514586,0.06169333681464195,0.6572261878306894,61063,0.3123842557066413,0.15850354731082916,0.5073992828232649,0.3319360613822937,0.06762217730283737,0.31821420788764954
ai_011_009_cam_01_frame.0099,ai_011_009,99,train,3,combined_paper,0.07529546529985964,195474,7.373075732175494e-06,8.923570021579508e-06,4.135756898904219e-05,1.4412446022033691,1.0,36697,0.1877334070004195,0.16002650558948517,0.8524135802272399,18349,0.09386926138514586,0.08473286777734756,0.9026689517635422,61063,0.3123842557066413,0.2914915084838867,0.9331184371776571,0.3319360613822937,0.06762217730283737,0.31821420788764954
ai_024_018_cam_00_frame.0099,ai_024_018,99,train,0,global,0.02877562679350376,196608,2.340305172765511e-06,2.423913883831119e-06,6.166086677694693e-06,0.4601227045059204,1.0,36864,0.1875,0.1957370638847351,1.043931007385254,18432,0.09375,0.11280298978090286,1.2032318909962971,58568,0.2978922526041667,0.28689029812812805,0.9630673359919238,0.3385251462459564,0.07327114045619965,0.32688531279563904
ai_024_018_cam_00_frame.0099,ai_024_018,99,train,0,local,0.03951350599527359,196608,4.606688435160322e-06,5.301877536112443e-06,1.8498258214094676e-05,0.9057117700576782,0.9962209463119507,36864,0.1875,0.20757204294204712,1.107050895690918,18432,0.09375,0.1185494139790535,1.2645270824432373,58568,0.2978922526041667,0.33402320742607117,1.1212886689937338,0.3385251462459564,0.07327114045619965,0.32688531279563904
ai_024_018_cam_00_frame.0099,ai_024_018,99,train,0,edge_legacy_max,0.0011805160902440548,196608,2.181876880058553e-06,3.059104756175657e-06,1.1187857126060408e-05,0.428974449634552,0.9955190420150757,36864,0.1875,0.1618955284357071,0.8634428183237711,18432,0.09375,0.08113269507884979,0.8654154141743978,58568,0.2978922526041667,0.24741868674755096,0.8305643553486972,0.3385251462459564,0.07327114045619965,0.32688531279563904
ai_024_018_cam_00_frame.0099,ai_024_018,99,train,0,edge_paper_min,0.0015740215312689543,196608,2.9091693249938544e-06,4.078806341567542e-06,1.491714283474721e-05,0.5719659328460693,0.9955190420150757,36864,0.1875,0.1618955284357071,0.8634428183237711,18432,0.09375,0.08113269507884979,0.8654154141743978,58568,0.2978922526041667,0.24741871654987335,0.8305644553926632,0.3385251462459564,0.07327114045619965,0.32688531279563904
ai_024_018_cam_00_frame.0099,ai_024_018,99,train,0,combined_paper,0.0698631543200463,196608,7.190608812379651e-06,8.655040801386349e-06,2.7899570341105573e-05,1.4137312173843384,0.9998525381088257,36864,0.1875,0.19318228960037231,1.030305544535319,18432,0.09375,0.10554086416959763,1.1257692178090413,58568,0.2978922526041667,0.328005850315094,1.1010888918650115,0.3385251462459564,0.07327114045619965,0.32688531279563904
ai_024_018_cam_00_frame.0099,ai_024_018,99,train,3,global,0.020816290751099586,196608,1.989393240364734e-06,2.151085709556355e-06,6.383495929185301e-06,0.39113062620162964,1.0,36864,0.1875,0.2093752920627594,1.1166682243347168,18432,0.09375,0.11098533123731613,1.1838435331980388,58568,0.2978922526041667,0.31638336181640625,1.0620731457451167,0.42966291308403015,0.10882047563791275,0.2907869517803192
ai_024_018_cam_00_frame.0099,ai_024_018,99,train,3,local,0.02659640461206436,196608,4.5237766244099475e-06,5.231394425209146e-06,1.831150075304322e-05,0.8894106149673462,0.9963480830192566,36864,0.1875,0.178492471575737,0.9519598484039307,18432,0.09375,0.09741780161857605,1.0391232172648113,58568,0.2978922526041667,0.2903003394603729,0.9745145666682318,0.42966291308403015,0.10882047563791275,0.2907869517803192
ai_024_018_cam_00_frame.0099,ai_024_018,99,train,3,edge_legacy_max,0.001279431744478643,196608,2.3337602215178777e-06,3.059871687582927e-06,1.0856145308935083e-05,0.4588358998298645,0.9928741455078125,36864,0.1875,0.14494094252586365,0.7730183601379395,18432,0.09375,0.06903880834579468,0.7364139556884766,58568,0.2978922526041667,0.2312357872724533,0.7762396814653479,0.42966291308403015,0.10882047563791275,0.2907869517803192
ai_024_018_cam_00_frame.0099,ai_024_018,99,train,3,edge_paper_min,0.0017059090314432979,196608,3.1116803711483954e-06,4.079828613612335e-06,1.447486283723265e-05,0.6117812395095825,0.9928741455078125,36864,0.1875,0.14494092762470245,0.7730182806650797,18432,0.09375,0.06903880834579468,0.7364139556884766,58568,0.2978922526041667,0.23123577237129211,0.7762396314433649,0.42966291308403015,0.10882047563791275,0.2907869517803192
ai_024_018_cam_00_frame.0099,ai_024_018,99,train,3,combined_paper,0.049118604394607246,196608,7.111775630619377e-06,8.52246921567712e-06,2.6541943952906877e-05,1.3982319831848145,0.999664306640625,36864,0.1875,0.16773967444896698,0.8946115970611572,18432,0.09375,0.08684530854225159,0.926349957784017,58568,0.2978922526041667,0.29461684823036194,0.9890047346140384,0.42966291308403015,0.10882047563791275,0.2907869517803192
ai_017_009_cam_03_frame.0099,ai_017_009,99,train,0,global,0.03469016030430794,196608,1.580126877342991e-06,1.7388432524967357e-06,8.319662811118178e-06,0.3106655776500702,1.0,36864,0.1875,0.23582088947296143,1.257711410522461,18432,0.09375,0.12429952621459961,1.3258616129557292,24788,0.12607828776041666,0.13836047053337097,1.0974171127410441,0.18252146244049072,0.022739917039871216,0.25141265988349915
ai_017_009_cam_03_frame.0099,ai_017_009,99,train,0,local,0.028001651167869568,196608,3.991975972894579e-06,4.738799361803103e-06,2.495898661436513e-05,0.7848544120788574,0.9994303584098816,36864,0.1875,0.1879754513502121,1.0025357405344646,18432,0.09375,0.09569958597421646,1.0207955837249756,24788,0.12607828776041666,0.16852155327796936,1.3366421472839682,0.18252146244049072,0.022739917039871216,0.25141265988349915
ai_017_009_cam_03_frame.0099,ai_017_009,99,train,0,edge_legacy_max,0.0009007040644064546,196608,1.9831247755064396e-06,3.002368657689658e-06,1.1884863852174021e-05,0.3898981809616089,0.999298095703125,36864,0.1875,0.16519206762313843,0.8810243606567383,18432,0.09375,0.09364328533411026,0.9988617102305094,24788,0.12607828776041666,0.04398712143301964,0.34888736367206413,0.18252146244049072,0.022739917039871216,0.25141265988349915
ai_017_009_cam_03_frame.0099,ai_017_009,99,train,0,edge_paper_min,0.001200938830152154,196608,2.6441664431331446e-06,4.003158665000228e-06,1.584648634889163e-05,0.5198642611503601,0.999298095703125,36864,0.1875,0.16519206762313843,0.8810243606567383,18432,0.09375,0.09364329278469086,0.9988617897033691,24788,0.12607828776041666,0.04398711770772934,0.34888733412462686,0.18252146244049072,0.022739917039871216,0.25141265988349915
ai_017_009_cam_03_frame.0099,ai_017_009,99,train,0,combined_paper,0.06389275030232966,196608,6.008020136505365e-06,7.373485914285993e-06,3.340734838275239e-05,1.1812248229980469,0.9999796748161316,36864,0.1875,0.1822536587715149,0.9720195134480795,18432,0.09375,0.09695824980735779,1.0342213312784831,24788,0.12607828776041666,0.14750206470489502,1.1699243963813135,0.18252146244049072,0.022739917039871216,0.25141265988349915
ai_017_009_cam_03_frame.0099,ai_017_009,99,train,3,global,0.025920381769537926,196608,1.6287342532450566e-06,1.8362308082942036e-06,9.22271647141315e-06,0.3202221691608429,1.0,36864,0.1875,0.2149902582168579,1.146614710489909,18432,0.09375,0.10373333096504211,1.106488863627116,24788,0.12607828776041666,0.14019455015659332,1.1119642616260894,0.38008913397789,0.06061161682009697,0.3199549913406372
ai_017_009_cam_03_frame.0099,ai_017_009,99,train,3,local,0.02432319149374962,196608,4.21548611484468e-06,4.931082912662532e-06,2.0541796402540058e-05,0.8287982940673828,0.9966227412223816,36864,0.1875,0.17026889324188232,0.9081007639567057,18432,0.09375,0.09036087989807129,0.9638493855794271,24788,0.12607828776041666,0.13878202438354492,1.1007607007422948,0.38008913397789,0.06061161682009697,0.3199549913406372
ai_017_009_cam_03_frame.0099,ai_017_009,99,train,3,edge_legacy_max,0.0010370268719270825,196608,2.6136235646845307e-06,3.4471293020033045e-06,1.2501525816333015e-05,0.5138592720031738,0.9992777705192566,36864,0.1875,0.17932648956775665,0.9564079443613688,18432,0.09375,0.10364662855863571,1.105564037958781,24788,0.12607828776041666,0.043892841786146164,0.34813957712968474,0.38008913397789,0.06061161682009697,0.3199549913406372
ai_017_009_cam_03_frame.0099,ai_017_009,99,train,3,edge_paper_min,0.0013827024959027767,196608,3.4848314953705994e-06,4.596172402671073e-06,1.6668702301103622e-05,0.6851457357406616,0.9992777705192566,36864,0.1875,0.17932648956775665,0.9564079443613688,18432,0.09375,0.10364663600921631,1.1055641174316406,24788,0.12607828776041666,0.043892841786146164,0.34813957712968474,0.38008913397789,0.06061161682009697,0.3199549913406372
ai_017_009_cam_03_frame.0099,ai_017_009,99,train,3,combined_paper,0.05162627575919032,196608,7.021415058261482e-06,8.439271368843038e-06,2.975000643345993e-05,1.380466341972351,1.0,36864,0.1875,0.177833691239357,0.9484463532765707,18432,0.09375,0.09668637067079544,1.0313212871551514,24788,0.12607828776041666,0.12027355283498764,0.9539592817404088,0.38008913397789,0.06061161682009697,0.3199549913406372
ai_031_009_cam_00_frame.0000,ai_031_009,0,train,0,global,0.03150582313537598,196608,2.3425116069120122e-06,2.4397465949732577e-06,1.4638475477113388e-05,0.4605565071105957,1.0,36864,0.1875,0.19281713664531708,1.0283580621083577,18432,0.09375,0.09980171918869019,1.0645516713460286,28215,0.1435089111328125,0.1317150741815567,0.917818086290537,0.24775196611881256,0.02594459243118763,0.30161401629447937
ai_031_009_cam_00_frame.0000,ai_031_009,0,train,0,local,0.0213639996945858,196608,4.2944120650645345e-06,5.072720796306385e-06,2.450648207741324e-05,0.844315767288208,0.9937795400619507,36864,0.1875,0.18901537358760834,1.0080819924672444,18432,0.09375,0.09988972544670105,1.0654904047648113,28215,0.1435089111328125,0.13519105315208435,0.9420394321504519,0.24775196611881256,0.02594459243118763,0.30161401629447937
ai_031_009_cam_00_frame.0000,ai_031_009,0,train,0,edge_legacy_max,0.0007756059058010578,196608,2.068372168650967e-06,3.0205703751562396e-06,1.177415470010601e-05,0.40665850043296814,0.9994710683822632,36864,0.1875,0.17537355422973633,0.9353256225585938,18432,0.09375,0.11042413860559464,1.177857478459676,28215,0.1435089111328125,0.0712064579129219,0.49618143814792665,0.24775196611881256,0.02594459243118763,0.30161401629447937
ai_031_009_cam_00_frame.0000,ai_031_009,0,train,0,edge_paper_min,0.0010341412853449583,196608,2.7578296339925146e-06,4.027427166874986e-06,1.5698877177783288e-05,0.5422113537788391,0.9994710683822632,36864,0.1875,0.17537355422973633,0.9353256225585938,18432,0.09375,0.11042413860559464,1.177857478459676,28215,0.1435089111328125,0.0712064653635025,0.4961814900651249,0.24775196611881256,0.02594459243118763,0.30161401629447937
ai_031_009_cam_00_frame.0000,ai_031_009,0,train,0,combined_paper,0.053903964115306735,196608,6.607427167182323e-06,8.177486051863525e-06,3.401212961762212e-05,1.2990729808807373,0.999969482421875,36864,0.1875,0.18820783495903015,1.0037751197814941,18432,0.09375,0.1035945788025856,1.105008840560913,28215,0.1435089111328125,0.12817387282848358,0.8931422572767145,0.24775196611881256,0.02594459243118763,0.30161401629447937
ai_031_009_cam_00_frame.0000,ai_031_009,0,train,3,global,0.02988698147237301,196608,2.262936504848767e-06,2.378450517426245e-06,1.4738685422344133e-05,0.4449114203453064,1.0,36864,0.1875,0.19011147320270538,1.0139278570810955,18432,0.09375,0.10235093533992767,1.0917433102925618,28215,0.1435089111328125,0.13357539474964142,0.930781187699362,0.3194158971309662,0.046829015016555786,0.3149789869785309
ai_031_009_cam_00_frame.0000,ai_031_009,0,train,3,local,0.02301572635769844,196608,4.454263944353443e-06,5.22915979672689e-06,4.4193559006089345e-05,0.8757439255714417,0.9984385371208191,36864,0.1875,0.19769291579723358,1.0543622175852458,18432,0.09375,0.10535841435194016,1.123823086420695,28215,0.1435089111328125,0.14838369190692902,1.0339684883373206,0.3194158971309662,0.046829015016555786,0.3149789869785309
ai_031_009_cam_00_frame.0000,ai_031_009,0,train,3,edge_legacy_max,0.0008858818328008056,196608,2.5521626412228215e-06,3.325035322632175e-06,1.321533909504069e-05,0.5017755627632141,0.9995829463005066,36864,0.1875,0.18287423253059387,0.9753292401631674,18432,0.09375,0.11229346692562103,1.1977969805399578,28215,0.1435089111328125,0.07926429808139801,0.5523301476940458,0.3194158971309662,0.046829015016555786,0.3149789869785309
ai_031_009_cam_00_frame.0000,ai_031_009,0,train,3,edge_paper_min,0.001181175815872848,196608,3.4028835216304287e-06,4.433380127011333e-06,1.7620450307731517e-05,0.6690341234207153,0.9995829463005066,36864,0.1875,0.18287423253059387,0.9753292401631674,18432,0.09375,0.11229345202445984,1.1977968215942383,28215,0.1435089111328125,0.07926429063081741,0.5523300957768474,0.3194158971309662,0.046829015016555786,0.3149789869785309
ai_031_009_cam_00_frame.0000,ai_031_009,0,train,3,combined_paper,0.0540838836459443,196608,7.125914635253139e-06,8.728869033802766e-06,5.893270281376317e-05,1.4010118246078491,0.9999847412109375,36864,0.1875,0.1908075213432312,1.0176401138305664,18432,0.09375,0.10688137263059616,1.1400679747263591,28215,0.1435089111328125,0.1347389668226242,0.9388892003920787,0.3194158971309662,0.046829015016555786,0.3149789869785309
ai_002_002_cam_00_frame.0099,ai_002_002,99,train,0,global,0.0320139117538929,196608,2.403154667263152e-06,2.4851685793692013e-06,1.0642756933521014e-05,0.4724794030189514,1.0,36864,0.1875,0.17051714658737183,0.9094247817993164,18432,0.09375,0.09028348326683044,0.963023821512858,34391,0.17492167154947916,0.16657106578350067,0.9522608851607253,0.3696465492248535,0.030527383089065552,0.23334716260433197
ai_002_002_cam_00_frame.0099,ai_002_002,99,train,0,local,0.03458895534276962,196608,4.404078481456963e-06,5.153310212335782e-06,3.1928277167025954e-05,0.8658770322799683,0.99859619140625,36864,0.1875,0.18347817659378052,0.9785502751668295,18432,0.09375,0.09840833395719528,1.0496888955434163,34391,0.17492167154947916,0.19787441194057465,1.1312172481990201,0.3696465492248535,0.030527383089065552,0.23334716260433197
ai_002_002_cam_00_frame.0099,ai_002_002,99,train,0,edge_legacy_max,0.0006882072193548083,196608,2.12773170460423e-06,3.189348944943049e-06,1.1234866178710945e-05,0.41832906007766724,0.9975993037223816,36864,0.1875,0.10603570938110352,0.5655237833658854,18432,0.09375,0.05293717607855797,0.5646632115046183,34391,0.17492167154947916,0.07004711031913757,0.40044843899930216,0.3696465492248535,0.030527383089065552,0.23334716260433197
ai_002_002_cam_00_frame.0099,ai_002_002,99,train,0,edge_paper_min,0.0009176096646115184,196608,2.836975454556523e-06,4.252465714671416e-06,1.4979820662119891e-05,0.5577720403671265,0.9975993037223816,36864,0.1875,0.10603571683168411,0.5655238231023153,18432,0.09375,0.05293717980384827,0.5646632512410482,34391,0.17492167154947916,0.07004711776971817,0.400448481593113,0.3696465492248535,0.030527383089065552,0.23334716260433197
ai_002_002_cam_00_frame.0099,ai_002_002,99,train,0,combined_paper,0.06752047676127404,196608,6.879402462800499e-06,8.435439667664468e-06,4.257787804817781e-05,1.3525454998016357,0.9999135732650757,36864,0.1875,0.1585221290588379,0.8454513549804688,18432,0.09375,0.08548175543546677,0.9118053913116455,34391,0.17492167154947916,0.17475159466266632,0.9990276968810882,0.3696465492248535,0.030527383089065552,0.23334716260433197
ai_002_002_cam_00_frame.0099,ai_002_002,99,train,3,global,0.025337526574730873,196608,2.029045845119981e-06,2.2017884475644678e-06,1.0674915756681003e-05,0.39892664551734924,1.0,36864,0.1875,0.19659483432769775,1.0485057830810547,18432,0.09375,0.1055823341012001,1.1262115637461345,34391,0.17492167154947916,0.1921830028295517,1.098680347192943,0.42587152123451233,0.06886406242847443,0.3356105089187622
ai_002_002_cam_00_frame.0099,ai_002_002,99,train,3,local,0.03481864929199219,196608,4.564115897665033e-06,5.288237389322603e-06,3.0633629648946226e-05,0.8973416686058044,0.9945068359375,36864,0.1875,0.17283378541469574,0.9217801888783773,18432,0.09375,0.09056930243968964,0.9660725593566895,34391,0.17492167154947916,0.17769668996334076,1.015864348821276,0.42587152123451233,0.06886406242847443,0.3356105089187622
ai_002_002_cam_00_frame.0099,ai_002_002,99,train,3,edge_legacy_max,0.0008021063986234367,196608,2.631302322697593e-06,3.490027438601828e-06,1.1302755410724785e-05,0.517335057258606,0.9980875849723816,36864,0.1875,0.11464576423168182,0.6114440759023031,18432,0.09375,0.05805935710668564,0.6192998091379801,34391,0.17492167154947916,0.07663425803184509,0.4381061383247071,0.42587152123451233,0.06886406242847443,0.3356105089187622
ai_002_002_cam_00_frame.0099,ai_002_002,99,train,3,edge_paper_min,0.0010694751981645823,196608,3.5084035516774748e-06,4.653370524465572e-06,1.5070338122313842e-05,0.6897801756858826,0.9980875849723816,36864,0.1875,0.11464574933052063,0.6114439964294434,18432,0.09375,0.05805934965610504,0.6192997296651205,34391,0.17492167154947916,0.0766342505812645,0.4381060957308962,0.42587152123451233,0.06886406242847443,0.3356105089187622
ai_002_002_cam_00_frame.0099,ai_002_002,99,train,3,combined_paper,0.06122565106488764,196608,7.53194171920768e-06,9.072658940567635e-06,4.817101944354363e-05,1.4808399677276611,0.999969482421875,36864,0.1875,0.1641722172498703,0.875585158665975,18432,0.09375,0.08602607995271683,0.9176115194956461,34391,0.17492167154947916,0.16538141667842865,0.9454598461897735,0.42587152123451233,0.06886406242847443,0.3356105089187622
ai_027_003_cam_00_frame.0000,ai_027_003,0,train,0,global,0.020596886053681374,196608,2.1520440895983484e-06,2.3031773253023857e-06,4.872350928053493e-06,0.4231090545654297,1.0,36864,0.1875,0.1681259572505951,0.8966717720031738,18433,0.09375508626302083,0.08484255522489548,0.9049381596949087,18895,0.09610493977864583,0.09361832588911057,0.9741260553800609,0.30864793062210083,0.031878210604190826,0.3204502463340759
ai_027_003_cam_00_frame.0000,ai_027_003,0,train,0,local,0.021415911614894867,196608,4.123033249925356e-06,4.853067821386503e-06,1.4617051419918425e-05,0.8106212615966797,0.9963277578353882,36864,0.1875,0.17916344106197357,0.9555383523305258,18433,0.09375508626302083,0.09634099900722504,1.0275815728754136,18895,0.09610493977864583,0.10183751583099365,1.0596491300608628,0.30864793062210083,0.031878210604190826,0.3204502463340759
ai_027_003_cam_00_frame.0000,ai_027_003,0,train,0,edge_legacy_max,0.0004907220136374235,196608,2.5612466743041296e-06,3.6191779599903384e-06,1.1307393833703827e-05,0.5035615563392639,0.9996490478515625,36864,0.1875,0.1350673884153366,0.7203594048817953,18433,0.09375508626302083,0.07742169499397278,0.8257866114780557,18895,0.09610493977864583,0.033523011952638626,0.3488167416768656,0.30864793062210083,0.031878210604190826,0.3204502463340759
ai_027_003_cam_00_frame.0000,ai_027_003,0,train,0,edge_paper_min,0.0006542960181832314,196608,3.4149957173212897e-06,4.825570613320451e-06,1.5076526324264705e-05,0.6714154481887817,0.9996490478515625,36864,0.1875,0.13506737351417542,0.7203593254089355,18433,0.09375508626302083,0.07742169499397278,0.8257866114780557,18895,0.09610493977864583,0.033523011952638626,0.3488167416768656,0.30864793062210083,0.031878210604190826,0.3204502463340759
ai_027_003_cam_00_frame.0000,ai_027_003,0,train,0,combined_paper,0.04266709368675947,196608,7.086212463036645e-06,8.646419701108243e-06,2.6866669941227883e-05,1.393206000328064,1.0,36864,0.1875,0.1670101284980774,0.8907206853230795,18433,0.09375508626302083,0.09013226628303528,0.961358683305756,18895,0.09610493977864583,0.08891645818948746,0.9252017471139852,0.30864793062210083,0.031878210604190826,0.3204502463340759
ai_027_003_cam_00_frame.0000,ai_027_003,0,train,3,global,0.016974028199911118,196608,1.6483959370816592e-06,1.8868058759835549e-06,4.8824349505594e-06,0.32408782839775085,1.0,36864,0.1875,0.2191563993692398,1.168834129969279,18433,0.09375508626302083,0.113730289041996,1.2130572705456926,18895,0.09610493977864583,0.12003336101770401,1.2489822197919425,0.41329342126846313,0.07304888963699341,0.36228376626968384
ai_027_003_cam_00_frame.0000,ai_027_003,0,train,3,local,0.013705668970942497,196608,4.5353999666986056e-06,5.258757482806686e-06,1.4647305761172902e-05,0.8916958570480347,0.9989471435546875,36864,0.1875,0.17285770177841187,0.9219077428181967,18433,0.09375508626302083,0.09237027913331985,0.9852295252993951,18895,0.09610493977864583,0.10521796345710754,1.094823676071712,0.41329342126846313,0.07304888963699341,0.36228376626968384
ai_027_003_cam_00_frame.0000,ai_027_003,0,train,3,edge_legacy_max,0.0006128863315097988,196608,2.9034740691713523e-06,3.7500653888855595e-06,1.1136537978018168e-05,0.5708461999893188,0.9996541738510132,36864,0.1875,0.14740385115146637,0.7861538728078207,18433,0.09375508626302083,0.08085792511701584,0.8624377443392964,18895,0.09610493977864583,0.03959839791059494,0.41203290904505163,0.41329342126846313,0.07304888963699341,0.36228376626968384
ai_027_003_cam_00_frame.0000,ai_027_003,0,train,3,edge_paper_min,0.0008171817753463984,196608,3.871298758895136e-06,5.000087639928097e-06,1.4848717910354026e-05,0.761128306388855,0.9996541738510132,36864,0.1875,0.14740383625030518,0.7861537933349609,18433,0.09375508626302083,0.08085791766643524,0.8624376648707481,18895,0.09610493977864583,0.03959840163588524,0.4120329478077865,0.41329342126846313,0.07304888963699341,0.36228376626968384
ai_027_003_cam_00_frame.0000,ai_027_003,0,train,3,combined_paper,0.03149687894620001,196608,7.690377969993278e-06,9.211260476149619e-06,2.664591920620296e-05,1.511989712715149,0.9999847412109375,36864,0.1875,0.16788357496261597,0.8953790664672852,18433,0.09375508626302083,0.0892942026257515,0.9524198225922937,18895,0.09610493977864583,0.09094900637865067,0.9463510053502912,0.41329342126846313,0.07304888963699341,0.36228376626968384
ai_055_004_cam_00_frame.0099,ai_055_004,99,train,0,global,0.07310689985752106,195042,1.7465589507992263e-06,2.002022483793553e-06,6.2076246649667155e-06,0.34065234661102295,1.0,36848,0.18892341136780796,0.17319728434085846,0.9167592469716054,18424,0.09446170568390398,0.126566544175148,1.339871467054343,71557,0.36687995406117657,0.32520827651023865,0.886416041297287,0.321794718503952,0.03467141464352608,0.2958615720272064
ai_055_004_cam_00_frame.0099,ai_055_004,99,train,0,local,0.18356437981128693,195042,4.206449375487864e-06,4.9789650802267715e-06,1.8772399926092476e-05,0.8204342722892761,0.9963700175285339,36848,0.18892341136780796,0.15865443646907806,0.8397817682859836,18424,0.09446170568390398,0.10838409513235092,1.1473865980679543,71557,0.36687995406117657,0.31768813729286194,0.8659184939820616,0.321794718503952,0.03467141464352608,0.2958615720272064
ai_055_004_cam_00_frame.0099,ai_055_004,99,train,0,edge_legacy_max,0.000903695123270154,195042,2.763673819572432e-06,3.746961056094733e-06,1.1927162631764077e-05,0.5390324592590332,0.9982209205627441,36848,0.18892341136780796,0.2307879477739334,1.2215952808761268,18424,0.09446170568390398,0.09624018520116806,1.018827518563082,71557,0.36687995406117657,0.36999326944351196,1.0084859239319908,0.321794718503952,0.03467141464352608,0.2958615720272064
ai_055_004_cam_00_frame.0099,ai_055_004,99,train,0,edge_paper_min,0.0012049268698319793,195042,3.6848987292614765e-06,4.9959476200456265e-06,1.5902885934337974e-05,0.7187100052833557,0.9982209205627441,36848,0.18892341136780796,0.23078793287277222,1.2215952020020417,18424,0.09446170568390398,0.09624017775058746,1.018827439688997,71557,0.36687995406117657,0.3699932396411896,1.0084858427001817,0.321794718503952,0.03467141464352608,0.2958615720272064
ai_055_004_cam_00_frame.0099,ai_055_004,99,train,0,combined_paper,0.25787620653863996,195042,7.191507847892353e-06,8.693989911989775e-06,3.3562679163878784e-05,1.4026460647583008,1.0,36848,0.18892341136780796,0.19440017640590668,1.0289893401693673,18424,0.09446170568390398,0.1062101498246193,1.1243725598183563,71557,0.36687995406117657,0.35532090067863464,0.968493635984771,0.321794718503952,0.03467141464352608,0.2958615720272064
ai_055_004_cam_00_frame.0099,ai_055_004,99,train,3,global,0.06934197247028351,195042,1.5940859157126397e-06,1.8498664076105342e-06,6.206842499523191e-06,0.31091371178627014,1.0,36848,0.18892341136780796,0.18304413557052612,0.9688801099095352,18424,0.09446170568390398,0.1326325535774231,1.4040880652870036,71557,0.36687995406117657,0.35074079036712646,0.9560096878682041,0.386965811252594,0.10269826650619507,0.273605614900589
ai_055_004_cam_00_frame.0099,ai_055_004,99,train,3,local,0.015314934775233269,195042,4.080284725205274e-06,5.045800207881257e-06,1.8693615857046098e-05,0.7958268523216248,0.9970570206642151,36848,0.18892341136780796,0.1261882483959198,0.6679333571330056,18424,0.09446170568390398,0.10505618900060654,1.1121563837959347,71557,0.36687995406117657,0.2748953104019165,0.7492786328578699,0.386965811252594,0.10269826650619507,0.273605614900589
ai_055_004_cam_00_frame.0099,ai_055_004,99,train,3,edge_legacy_max,0.0010117649799212813,195042,3.0290357244666666e-06,3.887709681293927e-06,1.1573193660296965e-05,0.5907891988754272,0.9972518682479858,36848,0.18892341136780796,0.20872578024864197,1.104816913570767,18424,0.09446170568390398,0.09328126162290573,0.9875034644732295,71557,0.36687995406117657,0.34191590547561646,0.9319558119509648,0.386965811252594,0.10269826650619507,0.273605614900589
ai_055_004_cam_00_frame.0099,ai_055_004,99,train,3,edge_paper_min,0.0013490200508385897,195042,4.038714450871339e-06,5.183613666304154e-06,1.5430925486725755e-05,0.7877189517021179,0.9972518682479858,36848,0.18892341136780796,0.20872578024864197,1.104816913570767,18424,0.09446170568390398,0.09328126907348633,0.9875035433473144,71557,0.36687995406117657,0.34191593527793884,0.9319558931827738,0.386965811252594,0.10269826650619507,0.273605614900589
ai_055_004_cam_00_frame.0099,ai_055_004,99,train,3,combined_paper,0.08600592729635537,195042,7.32694070393336e-06,8.902696208679117e-06,3.117614323855378e-05,1.4290611743927002,1.0,36848,0.18892341136780796,0.1679006814956665,0.8887235323566486,18424,0.09446170568390398,0.09704550355672836,1.0273528606552005,71557,0.36687995406117657,0.31966161727905273,0.8712975831482734,0.386965811252594,0.10269826650619507,0.273605614900589
ai_039_006_cam_00_frame.0000,ai_039_006,0,train,0,global,0.08163724839687347,196608,2.249179033242399e-06,2.5182641820720164e-06,1.1575583812373225e-05,0.44220656156539917,1.0,36864,0.1875,0.10971147567033768,0.5851278702418009,18432,0.09375,0.08056191354990005,0.8593270778656006,43446,0.220977783203125,0.1225581094622612,0.5546173361219963,0.15946519374847412,0.028885940089821815,0.3225690424442291
ai_039_006_cam_00_frame.0000,ai_039_006,0,train,0,local,0.016482960432767868,196608,3.843049853458069e-06,4.7936714508978184e-06,3.290348467999138e-05,0.7555742859840393,0.9971059560775757,36864,0.1875,0.13410812616348267,0.7152433395385742,18432,0.09375,0.11024869233369827,1.1759860515594482,43446,0.220977783203125,0.1391087919473648,0.6295148314502486,0.15946519374847412,0.028885940089821815,0.3225690424442291
ai_039_006_cam_00_frame.0000,ai_039_006,0,train,0,edge_legacy_max,0.0008095273515209556,196608,2.8027907319483347e-06,3.7838442494830815e-06,1.1622562851698603e-05,0.5510510802268982,0.9971262812614441,36864,0.1875,0.20020245015621185,1.0677464008331299,18432,0.09375,0.10879901796579361,1.1605228583017986,43446,0.220977783203125,0.19507306814193726,0.8827723100227869,0.15946519374847412,0.028885940089821815,0.3225690424442291
ai_039_006_cam_00_frame.0000,ai_039_006,0,train,0,edge_paper_min,0.0010793698020279408,196608,3.7370543850556714e-06,5.045126272307243e-06,1.549674925627187e-05,0.7347347736358643,0.9971262812614441,36864,0.1875,0.20020246505737305,1.0677464803059895,18432,0.09375,0.1087990254163742,1.1605229377746582,43446,0.220977783203125,0.19507306814193726,0.8827723100227869,0.15946519374847412,0.028885940089821815,0.3225690424442291
ai_039_006_cam_00_frame.0000,ai_039_006,0,train,0,combined_paper,0.09919957863166928,196608,6.917813152540475e-06,8.657986654725391e-06,4.387418448459357e-05,1.3600974082946777,0.9999644160270691,36864,0.1875,0.1690339893102646,0.9015146096547445,18432,0.09375,0.11032985150814056,1.176851749420166,43446,0.220977783203125,0.17197462916374207,0.7782439785164342,0.15946519374847412,0.028885940089821815,0.3225690424442291
ai_039_006_cam_00_frame.0000,ai_039_006,0,train,3,global,0.06852564215660095,196608,1.9059662008658051e-06,2.1887788079766324e-06,1.1592455848585814e-05,0.3747282028198242,1.0,36864,0.1875,0.10823003947734833,0.5772268772125244,18432,0.09375,0.07567877322435379,0.8072402477264404,43446,0.220977783203125,0.13334713876247406,0.603441381434712,0.394399493932724,0.07328331470489502,0.34634092450141907
ai_039_006_cam_00_frame.0000,ai_039_006,0,train,3,local,0.13213180005550385,196608,4.2881561057583895e-06,5.162514298717724e-06,2.0844834580202587e-05,0.843085765838623,0.9977671504020691,36864,0.1875,0.145511656999588,0.7760621706644694,18432,0.09375,0.1084633618593216,1.1569425264994304,43446,0.220977783203125,0.14801329374313354,0.6698107456670349,0.394399493932724,0.07328331470489502,0.34634092450141907
ai_039_006_cam_00_frame.0000,ai_039_006,0,train,3,edge_legacy_max,0.000922050210647285,196608,3.077274413954001e-06,3.873579771607183e-06,1.2471993613871746e-05,0.6050167679786682,0.9946645498275757,36864,0.1875,0.18210767209529877,0.9712409178415934,18432,0.09375,0.10036832094192505,1.070595423380534,43446,0.220977783203125,0.1779174953699112,0.8051374793925218,0.394399493932724,0.07328331470489502,0.34634092450141907
ai_039_006_cam_00_frame.0000,ai_039_006,0,train,3,edge_paper_min,0.0012294002808630466,196608,4.103032551938668e-06,5.164773028809577e-06,1.6629322999506257e-05,0.8066890239715576,0.9946645498275757,36864,0.1875,0.18210767209529877,0.9712409178415934,18432,0.09375,0.10036832094192505,1.070595423380534,43446,0.220977783203125,0.17791748046875,0.805137411959674,0.394399493932724,0.07328331470489502,0.34634092450141907
ai_039_006_cam_00_frame.0000,ai_039_006,0,train,3,combined_paper,0.20188684249296784,196608,7.607174666190986e-06,9.3357539299177e-06,3.334134817123413e-05,1.4956313371658325,0.9999440908432007,36864,0.1875,0.16404315829277039,0.8748968442281088,18432,0.09375,0.10545914620161057,1.124897559483846,43446,0.220977783203125,0.16856080293655396,0.7627952479802513,0.394399493932724,0.07328331470489502,0.34634092450141907
ai_047_001_cam_00_frame.0042,ai_047_001,42,val,0,global,0.057485759258270264,196608,1.6511371541128028e-06,1.8010402982326923e-06,7.224821274576243e-06,0.32462677359580994,1.0,36864,0.1875,0.19975855946540833,1.065378983815511,18432,0.09375,0.10091718286275864,1.076449950536092,19056,0.096923828125,0.10145407915115356,1.0467403229297858,0.1272660344839096,0.007075743284076452,0.22963973879814148
ai_047_001_cam_00_frame.0042,ai_047_001,42,val,0,local,0.018961967900395393,196608,3.27023008139804e-06,4.02751629735576e-06,2.1260564608382992e-05,0.6429533958435059,0.9989776611328125,36864,0.1875,0.18994325399398804,1.0130306879679363,18432,0.09375,0.09573952108621597,1.0212215582529705,19056,0.096923828125,0.1456655114889145,1.502886486293687,0.1272660344839096,0.007075743284076452,0.22963973879814148
ai_047_001_cam_00_frame.0042,ai_047_001,42,val,0,edge_legacy_max,0.0005856619682163,196608,1.9270773918833584e-06,2.8961487714695977e-06,1.0689969712984748e-05,0.3788788318634033,0.999603271484375,36864,0.1875,0.19909928739070892,1.061862866083781,18432,0.09375,0.1032489612698555,1.1013222535451253,19056,0.096923828125,0.0433998629450798,0.447772893257045,0.1272660344839096,0.007075743284076452,0.22963973879814148
ai_047_001_cam_00_frame.0042,ai_047_001,42,val,0,edge_paper_min,0.0007808826630935073,196608,2.5694366740935948e-06,3.861532150040148e-06,1.4253294466470834e-05,0.5051717758178711,0.999603271484375,36864,0.1875,0.19909930229187012,1.0618629455566406,18432,0.09375,0.1032489761710167,1.1013224124908447,19056,0.096923828125,0.0433998666703701,0.44777293169228194,0.1272660344839096,0.007075743284076452,0.22963973879814148
ai_047_001_cam_00_frame.0042,ai_047_001,42,val,0,combined_paper,0.07722860982175916,196608,5.271404006634839e-06,6.592698355234461e-06,3.1907897209748626e-05,1.0364001989364624,0.9999746084213257,36864,0.1875,0.19306069612503052,1.0296570460001628,18432,0.09375,0.100202776491642,1.068829615910848,19056,0.096923828125,0.11293233931064606,1.1651658987818798,0.1272660344839096,0.007075743284076452,0.22963973879814148
ai_047_001_cam_00_frame.0042,ai_047_001,42,val,3,global,0.055045463144779205,196608,1.652527657824976e-06,1.801900452846894e-06,7.159362667152891e-06,0.32490015029907227,1.0,36864,0.1875,0.19791342318058014,1.055538256963094,18432,0.09375,0.1010654866695404,1.078031857808431,19056,0.096923828125,0.09928815066814423,1.0243936149539514,0.16080982983112335,0.008329946547746658,0.2572905421257019
ai_047_001_cam_00_frame.0042,ai_047_001,42,val,3,local,0.022579196840524673,196608,3.542675585777033e-06,4.264996277925093e-06,2.1478088456206024e-05,0.6965183615684509,0.9990590810775757,36864,0.1875,0.17940513789653778,0.9568274021148682,18432,0.09375,0.09328840672969818,0.9950763384501139,19056,0.096923828125,0.12665654718875885,1.306763771499134,0.16080982983112335,0.008329946547746658,0.2572905421257019
ai_047_001_cam_00_frame.0042,ai_047_001,42,val,3,edge_legacy_max,0.000748518796171993,196608,2.4997959826578153e-06,3.2989341889333446e-06,1.056685778166866e-05,0.49147987365722656,0.9997507929801941,36864,0.1875,0.19666436314582825,1.0488766034444172,18432,0.09375,0.09850874543190002,1.0507599512736003,19056,0.096923828125,0.0493275411427021,0.5089310038299945,0.16080982983112335,0.008329946547746658,0.2572905421257019
ai_047_001_cam_00_frame.0042,ai_047_001,42,val,3,edge_paper_min,0.0009980250615626574,196608,3.33306115862797e-06,4.398579221742693e-06,1.4089144315221347e-05,0.6553064584732056,0.9997507929801941,36864,0.1875,0.19666437804698944,1.048876682917277,18432,0.09375,0.09850876033306122,1.0507601102193196,19056,0.096923828125,0.0493275485932827,0.5089310807004683,0.16080982983112335,0.008329946547746658,0.2572905421257019
ai_047_001_cam_00_frame.0042,ai_047_001,42,val,3,combined_paper,0.07862268504686654,196608,5.919223440287169e-06,7.282977094291709e-06,2.9699305741814896e-05,1.163766622543335,0.9999847412109375,36864,0.1875,0.18978910148143768,1.0122085412343342,18432,0.09375,0.09820888936519623,1.047561486562093,19056,0.096923828125,0.10123273730278015,1.0444566548921599,0.16080982983112335,0.008329946547746658,0.2572905421257019
ai_046_001_cam_00_frame.0000,ai_046_001,0,test,0,global,0.02608947642147541,196608,2.3677559966017725e-06,2.431999973850907e-06,7.459781045326963e-06,0.4655197560787201,1.0,36864,0.1875,0.16979676485061646,0.9055827458699545,18432,0.09375,0.09103237837553024,0.9710120360056559,33719,0.17150370279947916,0.17031225562095642,0.9930529361228092,0.35734936594963074,0.021881286054849625,0.26778602600097656
ai_046_001_cam_00_frame.0000,ai_046_001,0,test,0,local,0.027135934680700302,196608,4.219371021463303e-06,4.926662768411916e-06,2.2379341316991486e-05,0.8295620679855347,0.9943898916244507,36864,0.1875,0.16780288517475128,0.8949487209320068,18432,0.09375,0.09206253290176392,0.9820003509521484,33719,0.17150370279947916,0.19244550168514252,1.1221069781224977,0.35734936594963074,0.021881286054849625,0.26778602600097656
ai_046_001_cam_00_frame.0000,ai_046_001,0,test,0,edge_legacy_max,0.0006683542742393911,196608,2.2193048607732635e-06,3.1408751510753063e-06,1.0996160199283622e-05,0.4363330900669098,0.9988047480583191,36864,0.1875,0.15473325550556183,0.8252440293629965,18432,0.09375,0.06223491579294205,0.6638391017913818,33719,0.17150370279947916,0.09220822900533676,0.537645703854837,0.35734936594963074,0.021881286054849625,0.26778602600097656
ai_046_001_cam_00_frame.0000,ai_046_001,0,test,0,edge_paper_min,0.0008911390323191881,196608,2.959073299280135e-06,4.187833383184625e-06,1.4661546629213262e-05,0.5817774534225464,0.9988047480583191,36864,0.1875,0.15473325550556183,0.8252440293629965,18432,0.09375,0.06223491579294205,0.6638391017913818,33719,0.17150370279947916,0.09220822155475616,0.5376456604121563,0.35734936594963074,0.021881286054849625,0.26778602600097656
ai_046_001_cam_00_frame.0000,ai_046_001,0,test,0,combined_paper,0.0541165501344949,196608,6.791289251850685e-06,8.233073458541185e-06,3.115888830507174e-05,1.335221767425537,0.9999440908432007,36864,0.1875,0.16644860804080963,0.8877259095509847,18432,0.09375,0.08632311224937439,0.9207798639933268,33719,0.17150370279947916,0.17329229414463043,1.0104288788869036,0.35734936594963074,0.021881286054849625,0.26778602600097656
ai_046_001_cam_00_frame.0000,ai_046_001,0,test,3,global,0.028094802051782608,196608,2.3322479592025047e-06,2.406360408713226e-06,7.0754531407146715e-06,0.45853859186172485,1.0,36864,0.1875,0.17453569173812866,0.9308570226033529,18432,0.09375,0.0937589704990387,1.0000956853230794,33719,0.17150370279947916,0.1732354462146759,1.010097411233281,0.38087978959083557,0.03371917083859444,0.27672356367111206
ai_046_001_cam_00_frame.0000,ai_046_001,0,test,3,local,0.030240099877119064,196608,4.384392923384439e-06,5.09917344970745e-06,1.8149259631172754e-05,0.862006664276123,0.9952036738395691,36864,0.1875,0.16202905774116516,0.8641549746195475,18432,0.09375,0.08991366624832153,0.9590791066487631,33719,0.17150370279947916,0.18808577954769135,1.0966864066346127,0.38087978959083557,0.03371917083859444,0.27672356367111206
ai_046_001_cam_00_frame.0000,ai_046_001,0,test,3,edge_legacy_max,0.0007496283506043255,196608,2.5954548164008884e-06,3.353427246111096e-06,1.0542631571297534e-05,0.5102871656417847,0.998992919921875,36864,0.1875,0.1624927520751953,0.8666280110677084,18432,0.09375,0.0661737397313118,0.7058532238006592,33719,0.17150370279947916,0.1019197553396225,0.5942714569771494,0.38087978959083557,0.03371917083859444,0.27672356367111206
ai_046_001_cam_00_frame.0000,ai_046_001,0,test,3,edge_paper_min,0.000999504467472434,196608,3.460606876615202e-06,4.471236479730578e-06,1.405684270139318e-05,0.6803829669952393,0.998992919921875,36864,0.1875,0.16249273717403412,0.8666279315948486,18432,0.09375,0.0661737397313118,0.7058532238006592,33719,0.17150370279947916,0.1019197478890419,0.5942714135344688,0.38087978959083557,0.03371917083859444,0.27672356367111206
ai_046_001_cam_00_frame.0000,ai_046_001,0,test,3,combined_paper,0.059334406396374106,196608,7.149713837861782e-06,8.629901458334643e-06,3.211141302017495e-05,1.4056909084320068,0.999969482421875,36864,0.1875,0.16557194292545319,0.8830503622690836,18432,0.09375,0.08583039790391922,0.9155242443084717,33719,0.17150370279947916,0.1715601086616516,1.0003288900545686,0.38087978959083557,0.03371917083859444,0.27672356367111206
